  1.256637E+02  0.000000E+00     1  8.507788E+01  8.999010E+01  1.468876E-02  8.507788E+01
  1.256637E+02  0.000000E+00     2  0.000000E+00  9.000000E+01  0.000000E+00  0.000000E+00
  1.256637E+02  0.000000E+00     3  2.126215E+03  7.900034E-02  2.126213E+03  2.931659E+00
  1.256637E+02  0.000000E+00     4  0.000000E+00  9.000000E+01  0.000000E+00  0.000000E+00
  1.256637E+02  0.000000E+00     5  4.303730E+01  8.999011E+01  7.425075E-03  4.303730E+01
  1.256637E+02  0.000000E+00     6  0.000000E+00  9.000000E+01  0.000000E+00  0.000000E+00
  1.256637E+02  1.000000E+01     1  8.378539E+01  8.999010E+01  1.446563E-02  8.378539E+01
  1.256637E+02  1.000000E+01     2  1.477449E+01  8.999010E+01  2.550824E-03  1.477449E+01
  1.256637E+02  1.000000E+01     3  2.126215E+03  7.900033E-02  2.126213E+03  2.931658E+00
  1.256637E+02  1.000000E+01     4  7.454728E+00 -9.000991E+01 -1.289626E-03 -7.454728E+00
  1.256637E+02  1.000000E+01     5  4.238159E+01  8.999011E+01  7.312328E-03  4.238159E+01
  1.256637E+02  1.000000E+01     6  2.376202E-04  1.047382E-05  2.376202E-04  4.343759E-11
  1.256637E+02  2.000000E+01     1  7.994756E+01  8.999010E+01  1.380303E-02  7.994756E+01
  1.256637E+02  2.000000E+01     2  2.909991E+01  8.999010E+01  5.024114E-03  2.909991E+01
  1.256637E+02  2.000000E+01     3  2.126213E+03  7.900038E-02  2.126211E+03  2.931657E+00
  1.256637E+02  2.000000E+01     4  1.468610E+01 -9.000991E+01 -2.540031E-03 -1.468610E+01
  1.256637E+02  2.000000E+01     5  4.042897E+01  8.999011E+01  6.977675E-03  4.042897E+01
  1.256637E+02  2.000000E+01     6  3.646705E-04  1.280373E-05  3.646705E-04  8.149191E-11
  1.256637E+02  3.000000E+01     1  7.368085E+01  8.999010E+01  1.272105E-02  7.368085E+01
  1.256637E+02  3.000000E+01     2  4.254090E+01  8.999010E+01  7.344698E-03  4.254090E+01
  1.256637E+02  3.000000E+01     3  2.126215E+03  7.900034E-02  2.126213E+03  2.931658E+00
  1.256637E+02  3.000000E+01     4  2.147713E+01 -9.000991E+01 -3.713307E-03 -2.147713E+01
  1.256637E+02  3.000000E+01     5  3.724447E+01  8.999010E+01  6.430665E-03  3.724447E+01
  1.256637E+02  3.000000E+01     6  3.093011E-04  2.032772E-05  3.093011E-04  1.097356E-10
  1.256637E+02  4.000000E+01     1  6.517511E+01  8.999010E+01  1.125255E-02  6.517511E+01
  1.256637E+02  4.000000E+01     2  5.468887E+01  8.999010E+01  9.442058E-03  5.468887E+01
  1.256637E+02  4.000000E+01     3  2.126214E+03  7.900040E-02  2.126212E+03  2.931659E+00
  1.256637E+02  4.000000E+01     4  2.762311E+01 -9.000990E+01 -4.773834E-03 -2.762311E+01
  1.256637E+02  4.000000E+01     5  3.293184E+01  8.999010E+01  5.688491E-03  3.293184E+01
  1.256637E+02  4.000000E+01     6  1.085168E-04  6.584434E-05  1.085168E-04  1.247075E-10
  1.256637E+02  5.000000E+01     1  5.468901E+01  8.999010E+01  9.442109E-03  5.468901E+01
  1.256637E+02  5.000000E+01     2  6.517496E+01  8.999010E+01  1.125249E-02  6.517496E+01
  1.256637E+02  5.000000E+01     3  2.126212E+03  7.900041E-02  2.126210E+03  2.931658E+00
  1.256637E+02  5.000000E+01     4  3.293527E+01 -9.000990E+01 -5.689066E-03 -3.293527E+01
  1.256637E+02  5.000000E+01     5  2.762099E+01  8.999010E+01  4.773106E-03  2.762099E+01
  1.256637E+02  5.000000E+01     6  1.460873E-04  1.800000E+02 -1.460873E-04  1.246988E-10
  1.256637E+02  6.000000E+01     1  4.254100E+01  8.999010E+01  7.344743E-03  4.254100E+01
  1.256637E+02  6.000000E+01     2  7.368060E+01  8.999010E+01  1.272099E-02  7.368060E+01
  1.256637E+02  6.000000E+01     3  2.126215E+03  7.900034E-02  2.126213E+03  2.931659E+00
  1.256637E+02  6.000000E+01     4  3.725214E+01 -9.000990E+01 -6.431387E-03 -3.725214E+01
  1.256637E+02  6.000000E+01     5  2.147445E+01  8.999009E+01  3.712860E-03  2.147445E+01
  1.256637E+02  6.000000E+01     6  3.431304E-04  1.800000E+02 -3.431304E-04  1.097519E-10
  1.256637E+02  7.000000E+01     1  2.909999E+01  8.999010E+01  5.024138E-03  2.909999E+01
  1.256637E+02  7.000000E+01     2  7.994744E+01  8.999010E+01  1.380295E-02  7.994744E+01
  1.256637E+02  7.000000E+01     3  2.126214E+03  7.900038E-02  2.126212E+03  2.931658E+00
  1.256637E+02  7.000000E+01     4  4.043410E+01 -9.000989E+01 -6.978472E-03 -4.043410E+01
  1.256637E+02  7.000000E+01     5  1.468454E+01  8.999009E+01  2.539820E-03  1.468454E+01
  1.256637E+02  7.000000E+01     6  3.861971E-04  1.800000E+02 -3.861971E-04  8.148696E-11
  1.256637E+02  8.000000E+01     1  1.477454E+01  8.999010E+01  2.550836E-03  1.477454E+01
  1.256637E+02  8.000000E+01     2  8.378529E+01  8.999010E+01  1.446556E-02  8.378529E+01
  1.256637E+02  8.000000E+01     3  2.126212E+03  7.900044E-02  2.126210E+03  2.931658E+00
  1.256637E+02  8.000000E+01     4  4.238615E+01 -9.000989E+01 -7.313392E-03 -4.238615E+01
  1.256637E+02  8.000000E+01     5  7.453655E+00  8.999009E+01  1.289477E-03  7.453655E+00
  1.256637E+02  8.000000E+01     6  2.498892E-04  1.800000E+02 -2.498892E-04  4.343553E-11
  1.256637E+02  9.000000E+01     1  3.719113E-06 -9.000990E+01 -6.421074E-10 -3.719113E-06
  1.256637E+02  9.000000E+01     2  8.507753E+01  8.999010E+01  1.468868E-02  8.507753E+01
  1.256637E+02  9.000000E+01     3  2.126214E+03  7.900035E-02  2.126212E+03  2.931657E+00
  1.256637E+02  9.000000E+01     4  4.304237E+01 -9.000989E+01 -7.426211E-03 -4.304237E+01
  1.256637E+02  9.000000E+01     5  1.876149E-06 -9.000991E+01 -3.246093E-10 -1.876149E-06
  1.256637E+02  9.000000E+01     6  6.767575E-11 -9.383160E-06  6.767575E-11 -1.108306E-17
  6.283186E+01  0.000000E+00     1  1.714972E+02  8.995806E+01  1.255348E-01  1.714972E+02
  6.283186E+01  0.000000E+00     2  0.000000E+00  9.000000E+01  0.000000E+00  0.000000E+00
  6.283186E+01  0.000000E+00     3  2.071704E+03  3.244943E-01  2.071671E+03  1.173302E+01
  6.283186E+01  0.000000E+00     4  0.000000E+00  9.000000E+01  0.000000E+00  0.000000E+00
  6.283186E+01  0.000000E+00     5  7.985265E+01  8.995819E+01  5.826828E-02  7.985262E+01
  6.283186E+01  0.000000E+00     6  0.000000E+00  9.000000E+01  0.000000E+00  0.000000E+00
  6.283186E+01  1.000000E+01     1  1.688930E+02  8.995806E+01  1.236288E-01  1.688930E+02
  6.283186E+01  1.000000E+01     2  2.978781E+01  8.995806E+01  2.180457E-02  2.978780E+01
  6.283186E+01  1.000000E+01     3  2.071700E+03  3.244953E-01  2.071667E+03  1.173303E+01
  6.283186E+01  1.000000E+01     4  1.370194E+01 -9.004233E+01 -1.012241E-02 -1.370193E+01
  6.283186E+01  1.000000E+01     5  7.861082E+01  8.995818E+01  5.738792E-02  7.861079E+01
  6.283186E+01  1.000000E+01     6  4.071285E-03  8.324667E-06  4.071285E-03  5.915286E-10
  6.283186E+01  2.000000E+01     1  1.611598E+02  8.995806E+01  1.179679E-01  1.611597E+02
  6.283186E+01  2.000000E+01     2  5.866914E+01  8.995806E+01  4.294564E-02  5.866912E+01
  6.283186E+01  2.000000E+01     3  2.071703E+03  3.244946E-01  2.071669E+03  1.173302E+01
  6.283186E+01  2.000000E+01     4  2.701767E+01 -9.004227E+01 -1.993606E-02 -2.701766E+01
  6.283186E+01  2.000000E+01     5  7.492487E+01  8.995813E+01  5.475584E-02  7.492484E+01
  6.283186E+01  2.000000E+01     6  6.215736E-03  1.030742E-05  6.215736E-03  1.118202E-09
  6.283186E+01  3.000000E+01     1  1.485309E+02  8.995806E+01  1.087240E-01  1.485308E+02
  6.283186E+01  3.000000E+01     2  8.576556E+01  8.995806E+01  6.278004E-02  8.576554E+01
  6.283186E+01  3.000000E+01     3  2.071704E+03  3.244945E-01  2.071670E+03  1.173303E+01
  6.283186E+01  3.000000E+01     4  3.956106E+01 -9.004221E+01 -2.914281E-02 -3.956105E+01
  6.283186E+01  3.000000E+01     5  6.893842E+01  8.995806E+01  5.046666E-02  6.893840E+01
  6.283186E+01  3.000000E+01     6  5.482396E-03  1.572395E-05  5.482396E-03  1.504560E-09
  6.283186E+01  4.000000E+01     1  1.313892E+02  8.995806E+01  9.617624E-02  1.313891E+02
  6.283186E+01  4.000000E+01     2  1.102533E+02  8.995806E+01  8.070480E-02  1.102532E+02
  6.283186E+01  4.000000E+01     3  2.071701E+03  3.244949E-01  2.071668E+03  1.173302E+01
  6.283186E+01  4.000000E+01     4  5.096391E+01 -9.004212E+01 -3.746412E-02 -5.096389E+01
  6.283186E+01  4.000000E+01     5  6.086222E+01  8.995798E+01  4.464119E-02  6.086221E+01
  6.283186E+01  4.000000E+01     6  2.098411E-03  4.648857E-05  2.098411E-03  1.702606E-09
  6.283186E+01  5.000000E+01     1  1.102535E+02  8.995806E+01  8.070534E-02  1.102534E+02
  6.283186E+01  5.000000E+01     2  1.313887E+02  8.995806E+01  9.617575E-02  1.313887E+02
  6.283186E+01  5.000000E+01     3  2.071700E+03  3.244948E-01  2.071667E+03  1.173302E+01
  6.283186E+01  5.000000E+01     4  6.086560E+01 -9.004203E+01 -4.464698E-02 -6.086558E+01
  6.283186E+01  5.000000E+01     5  5.095955E+01  8.995788E+01  3.745982E-02  5.095953E+01
  6.283186E+01  5.000000E+01     6  2.241950E-03  1.800000E+02 -2.241950E-03  1.701386E-09
  6.283186E+01  6.000000E+01     1  8.576576E+01  8.995806E+01  6.278036E-02  8.576574E+01
  6.283186E+01  6.000000E+01     2  1.485304E+02  8.995806E+01  1.087234E-01  1.485304E+02
  6.283186E+01  6.000000E+01     3  2.071700E+03  3.244949E-01  2.071667E+03  1.173302E+01
  6.283186E+01  6.000000E+01     4  6.894888E+01 -9.004195E+01 -5.047398E-02 -6.894887E+01
  6.283186E+01  6.000000E+01     5  3.955576E+01  8.995779E+01  2.913996E-02  3.955574E+01
  6.283186E+01  6.000000E+01     6  5.598238E-03  1.800000E+02 -5.598238E-03  1.498078E-09
  6.283186E+01  7.000000E+01     1  5.866928E+01  8.995806E+01  4.294586E-02  5.866927E+01
  6.283186E+01  7.000000E+01     2  1.611593E+02  8.995806E+01  1.179673E-01  1.611592E+02
  6.283186E+01  7.000000E+01     3  2.071704E+03  3.244944E-01  2.071671E+03  1.173302E+01
  6.283186E+01  7.000000E+01     4  7.493887E+01 -9.004187E+01 -5.476393E-02 -7.493885E+01
  6.283186E+01  7.000000E+01     5  2.701519E+01  8.995773E+01  1.993349E-02  2.701518E+01
  6.283186E+01  7.000000E+01     6  6.310115E-03  1.800000E+02 -6.310115E-03  1.117722E-09
  6.283186E+01  8.000000E+01     1  2.978791E+01  8.995806E+01  2.180472E-02  2.978790E+01
  6.283186E+01  8.000000E+01     2  1.688925E+02  8.995806E+01  1.236282E-01  1.688925E+02
  6.283186E+01  8.000000E+01     3  2.071701E+03  3.244949E-01  2.071667E+03  1.173302E+01
  6.283186E+01  8.000000E+01     4  7.862206E+01 -9.004182E+01 -5.739043E-02 -7.862203E+01
  6.283186E+01  8.000000E+01     5  1.370011E+01  8.995767E+01  1.012135E-02  1.370011E+01
  6.283186E+01  8.000000E+01     6  4.123292E-03  1.800000E+02 -4.123292E-03  5.899552E-10
  6.283186E+01  9.000000E+01     1  7.498388E-06 -9.004194E+01 -5.488813E-09 -7.498386E-06
  6.283186E+01  9.000000E+01     2  1.714968E+02  8.995806E+01  1.255342E-01  1.714967E+02
  6.283186E+01  9.000000E+01     3  2.071699E+03  3.244953E-01  2.071666E+03  1.173303E+01
  6.283186E+01  9.000000E+01     4  7.986257E+01 -9.004181E+01 -5.827443E-02 -7.986255E+01
  6.283186E+01  9.000000E+01     5  3.447480E-06 -9.004234E+01 -2.547756E-09 -3.447479E-06
  6.283186E+01  9.000000E+01     6  1.121044E-09 -7.702005E-06  1.121044E-09 -1.506967E-16
  4.188790E+01  0.000000E+00     1  2.606914E+02  8.989587E+01  4.737780E-01  2.606910E+02
  4.188790E+01  0.000000E+00     2  0.000000E+00  9.000000E+01  0.000000E+00  0.000000E+00
  4.188790E+01  0.000000E+00     3  1.986142E+03  7.648917E-01  1.985965E+03  2.651396E+01
  4.188790E+01  0.000000E+00     4  0.000000E+00  9.000000E+01  0.000000E+00  0.000000E+00
  4.188790E+01  0.000000E+00     5  1.038617E+02  8.989678E+01  1.871184E-01  1.038616E+02
  4.188790E+01  0.000000E+00     6  0.000000E+00  9.000000E+01  0.000000E+00  0.000000E+00
  4.188790E+01  1.000000E+01     1  2.567361E+02  8.989587E+01  4.665898E-01  2.567357E+02
  4.188790E+01  1.000000E+01     2  4.529651E+01  8.989587E+01  8.232417E-02  4.529643E+01
  4.188790E+01  1.000000E+01     3  1.986142E+03  7.648919E-01  1.985965E+03  2.651397E+01
  4.188790E+01  1.000000E+01     4  1.744218E+01 -9.010683E+01 -3.251971E-02 -1.744215E+01
  4.188790E+01  1.000000E+01     5  1.021844E+02  8.989667E+01  1.842907E-01  1.021843E+02
  4.188790E+01  1.000000E+01     6  2.237442E-02  4.691641E-06  2.237442E-02  1.832120E-09
  4.188790E+01  2.000000E+01     1  2.449883E+02  8.989587E+01  4.452401E-01  2.449879E+02
  4.188790E+01  2.000000E+01     2  8.921188E+01  8.989587E+01  1.621374E-01  8.921173E+01
  4.188790E+01  2.000000E+01     3  1.986142E+03  7.648923E-01  1.985965E+03  2.651399E+01
  4.188790E+01  2.000000E+01     4  3.446059E+01 -9.010648E+01 -6.404658E-02 -3.446053E+01
  4.188790E+01  2.000000E+01     5  9.720278E+01  8.989635E+01  1.758513E-01  9.720262E+01
  4.188790E+01  2.000000E+01     6  3.428142E-02  5.700601E-06  3.428142E-02  3.410804E-09
  4.188790E+01  3.000000E+01     1  2.258015E+02  8.989587E+01  4.103729E-01  2.258011E+02
  4.188790E+01  3.000000E+01     2  1.304079E+02  8.989587E+01  2.370079E-01  1.304077E+02
  4.188790E+01  3.000000E+01     3  1.986144E+03  7.648916E-01  1.985967E+03  2.651399E+01
  4.188790E+01  3.000000E+01     4  5.061430E+01 -9.010598E+01 -9.362265E-02 -5.061421E+01
  4.188790E+01  3.000000E+01     5  8.918480E+01  8.989587E+01  1.620862E-01  8.918465E+01
  4.188790E+01  3.000000E+01     6  3.008570E-02  8.620675E-06  3.008570E-02  4.526669E-09
  4.188790E+01  4.000000E+01     1  1.997542E+02  8.989587E+01  3.630359E-01  1.997538E+02
  4.188790E+01  4.000000E+01     2  1.676316E+02  8.989587E+01  3.046574E-01  1.676313E+02
  4.188790E+01  4.000000E+01     3  1.986145E+03  7.648910E-01  1.985968E+03  2.651398E+01
  4.188790E+01  4.000000E+01     4  6.543981E+01 -9.010537E+01 -1.203417E-01 -6.543970E+01
  4.188790E+01  4.000000E+01     5  7.844884E+01  8.989528E+01  1.433858E-01  7.844872E+01
  4.188790E+01  4.000000E+01     6  1.184731E-02  2.533912E-05  1.184731E-02  5.239485E-09
  4.188790E+01  5.000000E+01     1  1.676320E+02  8.989587E+01  3.046597E-01  1.676317E+02
  4.188790E+01  5.000000E+01     2  1.997534E+02  8.989587E+01  3.630343E-01  1.997530E+02
  4.188790E+01  5.000000E+01     3  1.986142E+03  7.648923E-01  1.985965E+03  2.651398E+01
  4.188790E+01  5.000000E+01     4  7.845657E+01 -9.010473E+01 -1.434050E-01 -7.845644E+01
  4.188790E+01  5.000000E+01     5  6.542937E+01  8.989463E+01  1.203286E-01  6.542925E+01
  4.188790E+01  5.000000E+01     6  1.210829E-02  1.800000E+02 -1.210829E-02  5.235080E-09
  4.188790E+01  6.000000E+01     1  1.304083E+02  8.989587E+01  2.370091E-01  1.304081E+02
  4.188790E+01  6.000000E+01     2  2.258008E+02  8.989587E+01  4.103703E-01  2.258004E+02
  4.188790E+01  6.000000E+01     3  1.986145E+03  7.648911E-01  1.985968E+03  2.651399E+01
  4.188790E+01  6.000000E+01     4  8.919888E+01 -9.010413E+01 -1.620963E-01 -8.919874E+01
  4.188790E+01  6.000000E+01     5  5.060742E+01  8.989402E+01  9.360823E-02  5.060733E+01
  4.188790E+01  6.000000E+01     6  3.037798E-02  1.800000E+02 -3.037798E-02  4.450712E-09
  4.188790E+01  7.000000E+01     1  8.921210E+01  8.989587E+01  1.621384E-01  8.921195E+01
  4.188790E+01  7.000000E+01     2  2.449874E+02  8.989587E+01  4.452376E-01  2.449870E+02
  4.188790E+01  7.000000E+01     3  1.986143E+03  7.648917E-01  1.985966E+03  2.651398E+01
  4.188790E+01  7.000000E+01     4  9.722427E+01 -9.010365E+01 -1.758761E-01 -9.722411E+01
  4.188790E+01  7.000000E+01     5  3.445482E+01  8.989352E+01  6.403778E-02  3.445476E+01
  4.188790E+01  7.000000E+01     6  3.451037E-02  1.800000E+02 -3.451037E-02  3.373358E-09
  4.188790E+01  8.000000E+01     1  4.529665E+01  8.989587E+01  8.232463E-02  4.529658E+01
  4.188790E+01  8.000000E+01     2  2.567353E+02  8.989587E+01  4.665872E-01  2.567349E+02
  4.188790E+01  8.000000E+01     3  1.986141E+03  7.648923E-01  1.985964E+03  2.651398E+01
  4.188790E+01  8.000000E+01     4  1.021921E+02 -9.010334E+01 -1.843113E-01 -1.021919E+02
  4.188790E+01  8.000000E+01     5  1.744094E+01  8.989320E+01  3.251329E-02  1.744091E+01
  4.188790E+01  8.000000E+01     6  2.249593E-02  1.800000E+02 -2.249593E-02  1.812126E-09
  4.188790E+01  9.000000E+01     1  1.140247E-05 -9.010413E+01 -2.072349E-08 -1.140245E-05
  4.188790E+01  9.000000E+01     2  2.606909E+02  8.989587E+01  4.737749E-01  2.606904E+02
  4.188790E+01  9.000000E+01     3  1.986140E+03  7.648927E-01  1.985963E+03  2.651397E+01
  4.188790E+01  9.000000E+01     4  1.038763E+02 -9.010323E+01 -1.871459E-01 -1.038762E+02
  4.188790E+01  9.000000E+01     5  4.385618E-06 -9.010693E+01 -8.184220E-09 -4.385610E-06
  4.188790E+01  9.000000E+01     6  6.116950E-09 -4.469655E-06  6.116950E-09 -4.771845E-16
  3.141593E+01  0.000000E+00     1  3.543702E+02  8.978692E+01  1.317935E+00  3.543678E+02
  3.141593E+01  0.000000E+00     2  0.000000E+00  9.000000E+01  0.000000E+00  0.000000E+00
  3.141593E+01  0.000000E+00     3  1.872350E+03  1.454740E+00  1.871747E+03  4.753387E+01
  3.141593E+01  0.000000E+00     4  0.000000E+00  9.000000E+01  0.000000E+00  0.000000E+00
  3.141593E+01  0.000000E+00     5  1.077870E+02  8.979148E+01  3.922778E-01  1.077863E+02
  3.141593E+01  0.000000E+00     6  0.000000E+00  9.000000E+01  0.000000E+00  0.000000E+00
  3.141593E+01  1.000000E+01     1  3.489994E+02  8.978691E+01  1.297966E+00  3.489969E+02
  3.141593E+01  1.000000E+01     2  6.160957E+01  8.978689E+01  2.291598E-01  6.160915E+01
  3.141593E+01  1.000000E+01     3  1.872356E+03  1.454737E+00  1.871753E+03  4.753392E+01
  3.141593E+01  1.000000E+01     4  1.719319E+01 -9.022738E+01 -6.823151E-02 -1.719306E+01
  3.141593E+01  1.000000E+01     5  1.058774E+02  8.979093E+01  3.863442E-01  1.058767E+02
  3.141593E+01  1.000000E+01     6  7.934766E-02  4.720760E-06  7.934766E-02  6.537675E-09
  3.141593E+01  2.000000E+01     1  3.330476E+02  8.978691E+01  1.238652E+00  3.330453E+02
  3.141593E+01  2.000000E+01     2  1.213341E+02  8.978689E+01  4.513039E-01  1.213333E+02
  3.141593E+01  2.000000E+01     3  1.872355E+03  1.454739E+00  1.871751E+03  4.753395E+01
  3.141593E+01  2.000000E+01     4  3.413398E+01 -9.022556E+01 -1.343766E-01 -3.413372E+01
  3.141593E+01  2.000000E+01     5  1.002786E+02  8.978934E+01  3.686903E-01  1.002779E+02
  3.141593E+01  2.000000E+01     6  1.214789E-01  5.574830E-06  1.214789E-01  1.181979E-08
  3.141593E+01  3.000000E+01     1  3.069892E+02  8.978691E+01  1.141756E+00  3.069871E+02
  3.141593E+01  3.000000E+01     2  1.773494E+02  8.978690E+01  6.596413E-01  1.773482E+02
  3.141593E+01  3.000000E+01     3  1.872356E+03  1.454739E+00  1.871753E+03  4.753399E+01
  3.141593E+01  3.000000E+01     4  5.049640E+01 -9.022284E+01 -1.963940E-01 -5.049602E+01
  3.141593E+01  3.000000E+01     5  9.137370E+01  8.978689E+01  3.398668E-01  9.137306E+01
  3.141593E+01  3.000000E+01     6  1.068208E-01  9.546801E-06  1.068208E-01  1.779881E-08
  3.141593E+01  4.000000E+01     1  2.716028E+02  8.978690E+01  1.010169E+00  2.716009E+02
  3.141593E+01  4.000000E+01     2  2.279501E+02  8.978690E+01  8.478287E-01  2.279485E+02
  3.141593E+01  4.000000E+01     3  1.872358E+03  1.454738E+00  1.871755E+03  4.753401E+01
  3.141593E+01  4.000000E+01     4  6.587692E+01 -9.021955E+01 -2.524361E-01 -6.587644E+01
  3.141593E+01  4.000000E+01     5  7.969640E+01  8.978383E+01  3.006856E-01  7.969584E+01
  3.141593E+01  4.000000E+01     6  4.201344E-02  2.707035E-05  4.201344E-02  1.984995E-08
  3.141593E+01  5.000000E+01     1  2.279508E+02  8.978690E+01  8.478336E-01  2.279492E+02
  3.141593E+01  5.000000E+01     2  2.716020E+02  8.978690E+01  1.010163E+00  2.716001E+02
  3.141593E+01  5.000000E+01     3  1.872355E+03  1.454741E+00  1.871752E+03  4.753402E+01
  3.141593E+01  5.000000E+01     4  7.971017E+01 -9.021617E+01 -3.007334E-01 -7.970960E+01
  3.141593E+01  5.000000E+01     5  6.586317E+01  8.978043E+01  2.523983E-01  6.586269E+01
  3.141593E+01  5.000000E+01     6  4.259849E-02  1.800000E+02 -4.259849E-02  1.997626E-08
  3.141593E+01  6.000000E+01     1  1.773502E+02  8.978690E+01  6.596447E-01  1.773490E+02
  3.141593E+01  6.000000E+01     2  3.069883E+02  8.978691E+01  1.141749E+00  3.069862E+02
  3.141593E+01  6.000000E+01     3  1.872357E+03  1.454738E+00  1.871754E+03  4.753398E+01
  3.141593E+01  6.000000E+01     4  9.139074E+01 -9.021310E+01 -3.399194E-01 -9.139011E+01
  3.141593E+01  6.000000E+01     5  5.048685E+01  8.977718E+01  1.963468E-01  5.048647E+01
  3.141593E+01  6.000000E+01     6  1.074333E-01  1.800000E+02 -1.074333E-01  1.785816E-08
  3.141593E+01  7.000000E+01     1  1.213347E+02  8.978689E+01  4.513058E-01  1.213338E+02
  3.141593E+01  7.000000E+01     2  3.330465E+02  8.978691E+01  1.238646E+00  3.330443E+02
  3.141593E+01  7.000000E+01     3  1.872354E+03  1.454739E+00  1.871750E+03  4.753393E+01
  3.141593E+01  7.000000E+01     4  1.003074E+02 -9.021066E+01 -3.687934E-01 -1.003068E+02
  3.141593E+01  7.000000E+01     5  3.412540E+01  8.977443E+01  1.343501E-01  3.412513E+01
  3.141593E+01  7.000000E+01     6  1.219358E-01  1.800000E+02 -1.219358E-01  1.160174E-08
  3.141593E+01  8.000000E+01     1  6.160980E+01  8.978689E+01  2.291610E-01  6.160937E+01
  3.141593E+01  8.000000E+01     2  3.489987E+02  8.978692E+01  1.297957E+00  3.489962E+02
  3.141593E+01  8.000000E+01     3  1.872353E+03  1.454739E+00  1.871749E+03  4.753390E+01
  3.141593E+01  8.000000E+01     4  1.058934E+02 -9.020910E+01 -3.864418E-01 -1.058927E+02
  3.141593E+01  8.000000E+01     5  1.718951E+01  8.977263E+01  6.821609E-02  1.718937E+01
  3.141593E+01  8.000000E+01     6  7.957487E-02  1.800000E+02 -7.957487E-02  6.420407E-09
  3.141593E+01  9.000000E+01     1  1.550923E-05 -9.021312E+01 -5.768766E-08 -1.550913E-05
  3.141593E+01  9.000000E+01     2  3.543689E+02  8.978692E+01  1.317926E+00  3.543664E+02
  3.141593E+01  9.000000E+01     3  1.872353E+03  1.454739E+00  1.871749E+03  4.753389E+01
  3.141593E+01  9.000000E+01     4  1.077991E+02 -9.020856E+01 -3.924031E-01 -1.077984E+02
  3.141593E+01  9.000000E+01     5  4.314761E-06 -9.022802E+01 -1.717158E-08 -4.314727E-06
  3.141593E+01  9.000000E+01     6  2.165118E-08 -4.271716E-06  2.165118E-08 -1.614214E-15
  2.513274E+01  0.000000E+00     1  4.546443E+02  8.959953E+01  3.177812E+00  4.546332E+02
  2.513274E+01  0.000000E+00     2  0.000000E+00  9.000000E+01  0.000000E+00  0.000000E+00
  2.513274E+01  0.000000E+00     3  1.733773E+03  2.483941E+00  1.732144E+03  7.514062E+01
  2.513274E+01  0.000000E+00     4  0.000000E+00  9.000000E+01  0.000000E+00  0.000000E+00
  2.513274E+01  0.000000E+00     5  8.336308E+01  8.962346E+01  5.478519E-01  8.336127E+01
  2.513274E+01  0.000000E+00     6  0.000000E+00  9.000000E+01  0.000000E+00  0.000000E+00
  2.513274E+01  1.000000E+01     1  4.477671E+02  8.959952E+01  3.129776E+00  4.477562E+02
  2.513274E+01  1.000000E+01     2  7.911482E+01  8.959938E+01  5.531768E-01  7.911289E+01
  2.513274E+01  1.000000E+01     3  1.733775E+03  2.483941E+00  1.732146E+03  7.514072E+01
  2.513274E+01  1.000000E+01     4  1.115093E+01 -9.049017E+01 -9.539472E-02 -1.115053E+01
  2.513274E+01  1.000000E+01     5  8.151511E+01  8.962071E+01  5.396126E-01  8.151333E+01
  2.513274E+01  1.000000E+01     6  2.256485E-01  5.740012E-06  2.256485E-01  2.260595E-08
  2.513274E+01  2.000000E+01     1  4.273354E+02  8.959950E+01  2.987057E+00  4.273250E+02
  2.513274E+01  2.000000E+01     2  1.557966E+02  8.959940E+01  1.089306E+00  1.557928E+02
  2.513274E+01  2.000000E+01     3  1.733779E+03  2.483942E+00  1.732150E+03  7.514092E+01
  2.513274E+01  2.000000E+01     4  2.255217E+01 -9.047728E+01 -1.878575E-01 -2.255139E+01
  2.513274E+01  2.000000E+01     5  7.616367E+01  8.961266E+01  5.148879E-01  7.616193E+01
  2.513274E+01  2.000000E+01     6  3.456746E-01  7.204838E-06  3.456746E-01  4.346794E-08
  2.513274E+01  3.000000E+01     1  3.939488E+02  8.959948E+01  2.753819E+00  3.939392E+02
  2.513274E+01  3.000000E+01     2  2.276936E+02  8.959941E+01  1.591924E+00  2.276880E+02
  2.513274E+01  3.000000E+01     3  1.733785E+03  2.483941E+00  1.732156E+03  7.514114E+01
  2.513274E+01  3.000000E+01     4  3.428651E+01 -9.045879E+01 -2.745394E-01 -3.428541E+01
  2.513274E+01  3.000000E+01     5  6.792370E+01  8.959957E+01  4.747030E-01  6.792204E+01
  2.513274E+01  3.000000E+01     6  3.037964E-01  1.095974E-05  3.037964E-01  5.811125E-08
  2.513274E+01  4.000000E+01     1  3.485925E+02  8.959946E+01  2.436905E+00  3.485840E+02
  2.513274E+01  4.000000E+01     2  2.926135E+02  8.959943E+01  2.045693E+00  2.926064E+02
  2.513274E+01  4.000000E+01     3  1.733785E+03  2.483947E+00  1.732156E+03  7.514133E+01
  2.513274E+01  4.000000E+01     4  4.614441E+01 -9.043800E+01 -3.527465E-01 -4.614307E+01
  2.513274E+01  4.000000E+01     5  5.760046E+01  8.958214E+01  4.200787E-01  5.759893E+01
  2.513274E+01  4.000000E+01     6  1.196371E-01  3.215848E-05  1.196371E-01  6.714890E-08
  2.513274E+01  5.000000E+01     1  2.926143E+02  8.959943E+01  2.045707E+00  2.926072E+02
  2.513274E+01  5.000000E+01     2  3.485916E+02  8.959946E+01  2.436890E+00  3.485831E+02
  2.513274E+01  5.000000E+01     3  1.733788E+03  2.483940E+00  1.732159E+03  7.514124E+01
  2.513274E+01  5.000000E+01     4  5.762016E+01 -9.041788E+01 -4.202499E-01 -5.761862E+01
  2.513274E+01  5.000000E+01     5  4.612374E+01  8.956197E+01  3.526203E-01  4.612240E+01
  2.513274E+01  5.000000E+01     6  1.207479E-01  1.800000E+02 -1.207479E-01  6.917617E-08
  2.513274E+01  6.000000E+01     1  2.276942E+02  8.959941E+01  1.591932E+00  2.276887E+02
  2.513274E+01  6.000000E+01     2  3.939480E+02  8.959949E+01  2.753803E+00  3.939384E+02
  2.513274E+01  6.000000E+01     3  1.733784E+03  2.483942E+00  1.732155E+03  7.514112E+01
  2.513274E+01  6.000000E+01     4  6.793807E+01 -9.040051E+01 -4.749021E-01 -6.793641E+01
  2.513274E+01  6.000000E+01     5  3.427251E+01  8.954118E+01  2.744497E-01  3.427141E+01
  2.513274E+01  6.000000E+01     6  3.047966E-01  1.800000E+02 -3.047966E-01  5.790298E-08
  2.513274E+01  7.000000E+01     1  1.557968E+02  8.959940E+01  1.089313E+00  1.557930E+02
  2.513274E+01  7.000000E+01     2  4.273347E+02  8.959950E+01  2.987040E+00  4.273243E+02
  2.513274E+01  7.000000E+01     3  1.733777E+03  2.483942E+00  1.732148E+03  7.514085E+01
  2.513274E+01  7.000000E+01     4  7.618575E+01 -9.038736E+01 -5.150612E-01 -7.618401E+01
  2.513274E+01  7.000000E+01     5  2.254313E+01  8.952272E+01  1.877850E-01  2.254234E+01
  2.513274E+01  7.000000E+01     6  3.464360E-01  1.800000E+02 -3.464360E-01  4.472122E-08
  2.513274E+01  8.000000E+01     1  7.911508E+01  8.959938E+01  5.531793E-01  7.911315E+01
  2.513274E+01  8.000000E+01     2  4.477655E+02  8.959952E+01  3.129760E+00  4.477546E+02
  2.513274E+01  8.000000E+01     3  1.733773E+03  2.483943E+00  1.732144E+03  7.514068E+01
  2.513274E+01  8.000000E+01     4  8.153322E+01 -9.037928E+01 -5.397156E-01 -8.153143E+01
  2.513274E+01  8.000000E+01     5  1.114661E+01  8.950984E+01  9.535740E-02  1.114621E+01
  2.513274E+01  8.000000E+01     6  2.260534E-01  1.800000E+02 -2.260534E-01  2.221327E-08
  2.513274E+01  9.000000E+01     1  1.991644E-05 -9.040063E+01 -1.392593E-07 -1.991595E-05
  2.513274E+01  9.000000E+01     2  4.546428E+02  8.959953E+01  3.177793E+00  4.546317E+02
  2.513274E+01  9.000000E+01     3  1.733769E+03  2.483947E+00  1.732140E+03  7.514063E+01
  2.513274E+01  9.000000E+01     4  8.338796E+01 -9.037651E+01 -5.479664E-01 -8.338616E+01
  2.513274E+01  9.000000E+01     5  2.779884E-06 -9.049475E+01 -2.400395E-08 -2.779780E-06
  2.513274E+01  9.000000E+01     6  6.148071E-08 -5.138650E-06  6.148071E-08 -5.513981E-15
  2.094395E+01  0.000000E+00     1  5.639971E+02  8.927565E+01  7.130065E+00  5.639521E+02
  2.094395E+01  0.000000E+00     2  0.000000E+00  9.000000E+01  0.000000E+00  0.000000E+00
  2.094395E+01  0.000000E+00     3  1.575266E+03  3.988155E+00  1.571452E+03  1.095601E+02
  2.094395E+01  0.000000E+00     4  0.000000E+00  9.000000E+01  0.000000E+00  0.000000E+00
  2.094395E+01  0.000000E+00     5  2.110857E+01  8.961209E+01  1.429119E-01  2.110808E+01
  2.094395E+01  0.000000E+00     6  0.000000E+00  9.000000E+01  0.000000E+00  0.000000E+00
  2.094395E+01  1.000000E+01     1  5.554911E+02  8.927563E+01  7.022713E+00  5.554468E+02
  2.094395E+01  1.000000E+01     2  9.828300E+01  8.927504E+01  1.243540E+00  9.827514E+01
  2.094395E+01  1.000000E+01     3  1.575272E+03  3.988153E+00  1.571458E+03  1.095605E+02
  2.094395E+01  1.000000E+01     4  2.931954E+00  9.048825E+01 -2.498465E-02  2.931847E+00
  2.094395E+01  1.000000E+01     5  1.963901E+01  8.958941E+01  1.407368E-01  1.963850E+01
  2.094395E+01  1.000000E+01     6  5.677767E-01  5.485563E-06  5.677767E-01  5.435959E-08
  2.094395E+01  2.000000E+01     1  5.302118E+02  8.927557E+01  6.703628E+00  5.301694E+02
  2.094395E+01  2.000000E+01     2  1.935190E+02  8.927509E+01  2.448344E+00  1.935036E+02
  2.094395E+01  2.000000E+01     3  1.575281E+03  3.988155E+00  1.571466E+03  1.095611E+02
  2.094395E+01  2.000000E+01     4  4.606034E+00  9.061207E+01 -4.920369E-02  4.605771E+00
  2.094395E+01  2.000000E+01     5  1.555505E+01  8.950483E+01  1.344311E-01  1.555447E+01
  2.094395E+01  2.000000E+01     6  8.694464E-01  6.966357E-06  8.694464E-01  1.057124E-07
  2.094395E+01  3.000000E+01     1  4.888837E+02  8.927549E+01  6.181831E+00  4.888446E+02
  2.094395E+01  3.000000E+01     2  2.827705E+02  8.927518E+01  3.577106E+00  2.827479E+02
  2.094395E+01  3.000000E+01     3  1.575292E+03  3.988157E+00  1.571477E+03  1.095620E+02
  2.094395E+01  3.000000E+01     4  4.125258E+00  9.099854E+01 -7.189064E-02  4.124631E+00
  2.094395E+01  3.000000E+01     5  9.801177E+00  8.927586E+01  1.238717E-01  9.800394E+00
  2.094395E+01  3.000000E+01     6  7.645618E-01  1.140130E-05  7.645618E-01  1.521403E-07
  2.094395E+01  4.000000E+01     1  4.327005E+02  8.927539E+01  5.472174E+00  4.326659E+02
  2.094395E+01  4.000000E+01     2  3.633073E+02  8.927528E+01  4.595269E+00  3.632783E+02
  2.094395E+01  4.000000E+01     3  1.575297E+03  3.988161E+00  1.571483E+03  1.095625E+02
  2.094395E+01  4.000000E+01     4  1.197462E+00  9.442421E+01 -9.237261E-02  1.193894E+00
  2.094395E+01  4.000000E+01     5  3.780134E+00  8.833775E+01  1.096528E-01  3.778543E+00
  2.094395E+01  4.000000E+01     6  3.014525E-01  3.676880E-05  3.014525E-01  1.934532E-07
  2.094395E+01  5.000000E+01     1  3.633087E+02  8.927528E+01  4.595293E+00  3.632797E+02
  2.094395E+01  5.000000E+01     2  4.326995E+02  8.927539E+01  5.472145E+00  4.326649E+02
  2.094395E+01  5.000000E+01     3  1.575299E+03  3.988159E+00  1.571484E+03  1.095625E+02
  2.094395E+01  5.000000E+01     4  3.801087E+00 -9.165764E+01 -1.099546E-01 -3.799496E+00
  2.094395E+01  5.000000E+01     5  1.219060E+00 -8.566695E+01  9.210472E-02 -1.215576E+00
  2.094395E+01  5.000000E+01     6  3.030183E-01  1.800000E+02 -3.030183E-01  1.874505E-07
  2.094395E+01  6.000000E+01     1  2.827707E+02  8.927518E+01  3.577128E+00  2.827481E+02
  2.094395E+01  6.000000E+01     2  4.888824E+02  8.927549E+01  6.181791E+00  4.888433E+02
  2.094395E+01  6.000000E+01     3  1.575292E+03  3.988155E+00  1.571477E+03  1.095619E+02
  2.094395E+01  6.000000E+01     4  9.834267E+00 -9.072369E+01 -1.242120E-01 -9.833482E+00
  2.094395E+01  6.000000E+01     5  4.146467E+00 -8.900909E+01  7.170841E-02 -4.145847E+00
  2.094395E+01  6.000000E+01     6  7.660486E-01  1.800000E+02 -7.660486E-01  1.537737E-07
  2.094395E+01  7.000000E+01     1  1.935197E+02  8.927509E+01  2.448360E+00  1.935042E+02
  2.094395E+01  7.000000E+01     2  5.302103E+02  8.927557E+01  6.703595E+00  5.301679E+02
  2.094395E+01  7.000000E+01     3  1.575278E+03  3.988159E+00  1.571464E+03  1.095611E+02
  2.094395E+01  7.000000E+01     4  1.557168E+01 -9.049576E+01 -1.347346E-01 -1.557109E+01
  2.094395E+01  7.000000E+01     5  4.618429E+00 -8.939134E+01  4.906063E-02 -4.618168E+00
  2.094395E+01  7.000000E+01     6  8.706567E-01  1.800000E+02 -8.706567E-01  1.077278E-07
  2.094395E+01  8.000000E+01     1  9.828325E+01  8.927503E+01  1.243548E+00  9.827538E+01
  2.094395E+01  8.000000E+01     2  5.554889E+02  8.927563E+01  7.022666E+00  5.554445E+02
  2.094395E+01  8.000000E+01     3  1.575270E+03  3.988155E+00  1.571455E+03  1.095604E+02
  2.094395E+01  8.000000E+01     4  1.966040E+01 -9.041113E+01 -1.410752E-01 -1.965990E+01
  2.094395E+01  8.000000E+01     5  2.936760E+00 -8.951311E+01  2.495593E-02 -2.936654E+00
  2.094395E+01  8.000000E+01     6  5.683991E-01  1.800000E+02 -5.683991E-01  5.733455E-08
  2.094395E+01  9.000000E+01     1  2.474294E-05 -9.072499E+01 -3.130728E-07 -2.474096E-05
  2.094395E+01  9.000000E+01     2  5.639955E+02  8.927565E+01  7.130028E+00  5.639504E+02
  2.094395E+01  9.000000E+01     3  1.575266E+03  3.988155E+00  1.571451E+03  1.095601E+02
  2.094395E+01  9.000000E+01     4  2.114936E+01 -9.038812E+01 -1.432644E-01 -2.114887E+01
  2.094395E+01  9.000000E+01     5  7.900167E-07  9.045463E+01 -6.268539E-09  7.899918E-07
  2.094395E+01  9.000000E+01     6  1.545919E-07 -5.270929E-06  1.545919E-07 -1.422170E-14
  1.795196E+01  0.000000E+00     1  6.847239E+02  8.871552E+01  1.534912E+01  6.845518E+02
  1.795196E+01  0.000000E+00     2  0.000000E+00  9.000000E+01  0.000000E+00  0.000000E+00
  1.795196E+01  0.000000E+00     3  1.403840E+03  6.150579E+00  1.395759E+03  1.504100E+02
  1.795196E+01  0.000000E+00     4  0.000000E+00  9.000000E+01  0.000000E+00  0.000000E+00
  1.795196E+01  0.000000E+00     5  8.907430E+01 -9.154818E+01 -2.406574E+00 -8.904179E+01
  1.795196E+01  0.000000E+00     6  0.000000E+00  9.000000E+01  0.000000E+00  0.000000E+00
  1.795196E+01  1.000000E+01     1  6.744448E+02  8.871545E+01  1.511959E+01  6.742753E+02
  1.795196E+01  1.000000E+01     2  1.195900E+02  8.871310E+01  2.685860E+00  1.195598E+02
  1.795196E+01  1.000000E+01     3  1.403845E+03  6.150603E+00  1.395764E+03  1.504111E+02
  1.795196E+01  1.000000E+01     4  2.788460E+01  8.913480E+01  4.210570E-01  2.788142E+01
  1.795196E+01  1.000000E+01     5  8.990356E+01 -9.151105E+01 -2.370740E+00 -8.987230E+01
  1.795196E+01  1.000000E+01     6  1.331377E+00  7.873420E-06  1.331377E+00  1.829540E-07
  1.795196E+01  2.000000E+01     1  6.438849E+02  8.871523E+01  1.443697E+01  6.437230E+02
  1.795196E+01  2.000000E+01     2  2.354259E+02  8.871330E+01  5.286523E+00  2.353665E+02
  1.795196E+01  2.000000E+01     3  1.403871E+03  6.150588E+00  1.395790E+03  1.504135E+02
  1.795196E+01  2.000000E+01     4  5.272669E+01  8.909944E+01  8.287061E-01  5.272018E+01
  1.795196E+01  2.000000E+01     5  9.181565E+01 -9.141271E+01 -2.263622E+00 -9.178774E+01
  1.795196E+01  2.000000E+01     6  2.039879E+00  1.012899E-05  2.039879E+00  3.606183E-07
  1.795196E+01  3.000000E+01     1  5.938818E+02  8.871489E+01  1.331929E+01  5.937325E+02
  1.795196E+01  3.000000E+01     2  3.438997E+02  8.871364E+01  7.720313E+00  3.438130E+02
  1.795196E+01  3.000000E+01     3  1.403896E+03  6.150590E+00  1.395815E+03  1.504162E+02
  1.795196E+01  3.000000E+01     4  7.218102E+01  8.903939E+01  1.210116E+00  7.217087E+01
  1.795196E+01  3.000000E+01     5  9.309014E+01 -9.128566E+01 -2.088670E+00 -9.306670E+01
  1.795196E+01  3.000000E+01     6  1.792948E+00  1.664506E-05  1.792948E+00  5.208713E-07
  1.795196E+01  4.000000E+01     1  5.258328E+02  8.871448E+01  1.179689E+01  5.257005E+02
  1.795196E+01  4.000000E+01     2  4.416810E+02  8.871405E+01  9.912304E+00  4.415697E+02
  1.795196E+01  4.000000E+01     3  1.403911E+03  6.150606E+00  1.395830E+03  1.504182E+02
  1.795196E+01  4.000000E+01     4  8.503039E+01  8.895294E+01  1.553808E+00  8.501619E+01
  1.795196E+01  4.000000E+01     5  9.155804E+01 -9.115781E+01 -1.850051E+00 -9.153935E+01
  1.795196E+01  4.000000E+01     6  7.077748E-01  5.144826E-05  7.077748E-01  6.355403E-07
  1.795196E+01  5.000000E+01     1  4.416824E+02  8.871404E+01  9.912352E+00  4.415711E+02
  1.795196E+01  5.000000E+01     2  5.258318E+02  8.871449E+01  1.179681E+01  5.256995E+02
  1.795196E+01  5.000000E+01     3  1.403910E+03  6.150610E+00  1.395829E+03  1.504182E+02
  1.795196E+01  5.000000E+01     4  9.153007E+01  8.884231E+01  1.849296E+00  9.151138E+01
  1.795196E+01  5.000000E+01     5  8.504965E+01 -9.104716E+01 -1.554308E+00 -8.503545E+01
  1.795196E+01  5.000000E+01     6  7.104316E-01  1.800000E+02 -7.104316E-01  6.949267E-07
  1.795196E+01  6.000000E+01     1  3.439005E+02  8.871364E+01  7.720354E+00  3.438138E+02
  1.795196E+01  6.000000E+01     2  5.938810E+02  8.871490E+01  1.331921E+01  5.937316E+02
  1.795196E+01  6.000000E+01     3  1.403895E+03  6.150594E+00  1.395814E+03  1.504162E+02
  1.795196E+01  6.000000E+01     4  9.306055E+01  8.871442E+01  2.087882E+00  9.303713E+01
  1.795196E+01  6.000000E+01     5  7.219303E+01 -9.096076E+01 -1.210513E+00 -7.218288E+01
  1.795196E+01  6.000000E+01     6  1.795487E+00  1.800000E+02 -1.795487E+00  5.373877E-07
  1.795196E+01  7.000000E+01     1  2.354266E+02  8.871330E+01  5.286552E+00  2.353672E+02
  1.795196E+01  7.000000E+01     2  6.438831E+02  8.871523E+01  1.443690E+01  6.437212E+02
  1.795196E+01  7.000000E+01     3  1.403868E+03  6.150594E+00  1.395787E+03  1.504133E+02
  1.795196E+01  7.000000E+01     4  9.177296E+01  8.858696E+01  2.263092E+00  9.174506E+01
  1.795196E+01  7.000000E+01     5  5.273838E+01 -9.090055E+01 -8.288867E-01 -5.273187E+01
  1.795196E+01  7.000000E+01     6  2.041453E+00  1.800000E+02 -2.041453E+00  3.994937E-07
  1.795196E+01  8.000000E+01     1  1.195901E+02  8.871309E+01  2.685877E+00  1.195600E+02
  1.795196E+01  8.000000E+01     2  6.744427E+02  8.871545E+01  1.511952E+01  6.742733E+02
  1.795196E+01  8.000000E+01     3  1.403846E+03  6.150591E+00  1.395765E+03  1.504109E+02
  1.795196E+01  8.000000E+01     4  8.987357E+01  8.848891E+01  2.370003E+00  8.984232E+01
  1.795196E+01  8.000000E+01     5  2.789122E+01 -9.086517E+01 -4.211472E-01 -2.788804E+01
  1.795196E+01  8.000000E+01     6  1.332333E+00  1.800000E+02 -1.332333E+00  1.988883E-07
  1.795196E+01  9.000000E+01     1  3.010902E-05 -9.128699E+01 -6.762590E-07 -3.010142E-05
  1.795196E+01  9.000000E+01     2  6.847224E+02  8.871552E+01  1.534904E+01  6.845504E+02
  1.795196E+01  9.000000E+01     3  1.403837E+03  6.150581E+00  1.395756E+03  1.504097E+02
  1.795196E+01  9.000000E+01     4  8.904214E+01  8.845157E+01  2.406095E+00  8.900962E+01
  1.795196E+01  9.000000E+01     5  7.118143E-06  8.914619E+01  1.060695E-07  7.117353E-06
  1.795196E+01  9.000000E+01     6  3.623643E-07 -8.925345E-06  3.623643E-07 -5.644790E-14
  1.570796E+01  0.000000E+00     1  8.170406E+02  8.777312E+01  3.174736E+01  8.164236E+02
  1.570796E+01  0.000000E+00     2  0.000000E+00  9.000000E+01  0.000000E+00  0.000000E+00
  1.570796E+01  0.000000E+00     3  1.228768E+03  9.173658E+00  1.213052E+03  1.958993E+02
  1.570796E+01  0.000000E+00     4  0.000000E+00  9.000000E+01  0.000000E+00  0.000000E+00
  1.570796E+01  0.000000E+00     5  2.556770E+02 -9.251379E+01 -1.121395E+01 -2.554310E+02
  1.570796E+01  0.000000E+00     6  0.000000E+00  9.000000E+01  0.000000E+00  0.000000E+00
  1.570796E+01  1.000000E+01     1  8.048695E+02  8.777284E+01  3.127845E+01  8.042615E+02
  1.570796E+01  1.000000E+01     2  1.432215E+02  8.776405E+01  5.587745E+00  1.431124E+02
  1.570796E+01  1.000000E+01     3  1.228788E+03  9.173670E+00  1.213072E+03  1.959027E+02
  1.570796E+01  1.000000E+01     4  6.701694E+01  8.831227E+01  1.973800E+00  6.698786E+01
  1.570796E+01  1.000000E+01     5  2.557622E+02 -9.247581E+01 -1.104829E+01 -2.555234E+02
  1.570796E+01  1.000000E+01     6  2.990002E+00  1.234694E-05  2.990002E+00  6.443297E-07
  1.570796E+01  2.000000E+01     1  7.686573E+02  8.777203E+01  2.988215E+01  7.680762E+02
  1.570796E+01  2.000000E+01     2  2.818577E+02  8.776486E+01  1.099263E+01  2.816432E+02
  1.570796E+01  2.000000E+01     3  1.228836E+03  9.173698E+00  1.213119E+03  1.959109E+02
  1.570796E+01  2.000000E+01     4  1.279972E+02  8.826154E+01  3.883084E+00  1.279383E+02
  1.570796E+01  2.000000E+01     5  2.550023E+02 -9.237222E+01 -1.055484E+01 -2.547838E+02
  1.570796E+01  2.000000E+01     6  4.580833E+00  1.655065E-05  4.580833E+00  1.323235E-06
  1.570796E+01  3.000000E+01     1  7.093271E+02  8.777077E+01  2.759109E+01  7.087903E+02
  1.570796E+01  3.000000E+01     2  4.115239E+02  8.776610E+01  1.604080E+01  4.112112E+02
  1.570796E+01  3.000000E+01     3  1.228893E+03  9.173725E+00  1.213175E+03  1.959206E+02
  1.570796E+01  3.000000E+01     4  1.781739E+02  8.817760E+01  5.666204E+00  1.780838E+02
  1.570796E+01  3.000000E+01     5  2.504757E+02 -9.223004E+01 -9.746441E+00 -2.502860E+02
  1.570796E+01  3.000000E+01     6  4.027535E+00  2.665204E-05  4.027535E+00  1.873472E-06
  1.570796E+01  4.000000E+01     1  6.284402E+02  8.776924E+01  2.446156E+01  6.279640E+02
  1.570796E+01  4.000000E+01     2  5.282120E+02  8.776762E+01  2.057520E+01  5.278112E+02
  1.570796E+01  4.000000E+01     3  1.228929E+03  9.173747E+00  1.213210E+03  1.959267E+02
  1.570796E+01  4.000000E+01     4  2.149500E+02  8.806241E+01  7.267656E+00  2.148271E+02
  1.570796E+01  4.000000E+01     5  2.383267E+02 -9.207794E+01 -8.641467E+00 -2.381700E+02
  1.570796E+01  4.000000E+01     6  1.589622E+00  8.450180E-05  1.589622E+00  2.344430E-06
  1.570796E+01  5.000000E+01     1  5.282140E+02  8.776762E+01  2.057531E+01  5.278131E+02
  1.570796E+01  5.000000E+01     2  6.284375E+02  8.776924E+01  2.446142E+01  6.279612E+02
  1.570796E+01  5.000000E+01     3  1.228927E+03  9.173752E+00  1.213208E+03  1.959265E+02
  1.570796E+01  5.000000E+01     4  2.382881E+02  8.792211E+01  8.639879E+00  2.381314E+02
  1.570796E+01  5.000000E+01     5  2.149758E+02 -9.193750E+01 -7.268183E+00 -2.148529E+02
  1.570796E+01  5.000000E+01     6  1.593336E+00  1.799999E+02 -1.593336E+00  2.289948E-06
  1.570796E+01  6.000000E+01     1  4.115247E+02  8.776610E+01  1.604086E+01  4.112119E+02
  1.570796E+01  6.000000E+01     2  7.093261E+02  8.777078E+01  2.759096E+01  7.087893E+02
  1.570796E+01  6.000000E+01     3  1.228891E+03  9.173735E+00  1.213173E+03  1.959205E+02
  1.570796E+01  6.000000E+01     4  2.504304E+02  8.776974E+01  9.745650E+00  2.502407E+02
  1.570796E+01  6.000000E+01     5  1.781970E+02 -9.182232E+01 -5.666685E+00 -1.781069E+02
  1.570796E+01  6.000000E+01     6  4.031337E+00  1.800000E+02 -4.031337E+00  2.201006E-06
  1.570796E+01  7.000000E+01     1  2.818588E+02  8.776486E+01  1.099269E+01  2.816443E+02
  1.570796E+01  7.000000E+01     2  7.686543E+02  8.777203E+01  2.988197E+01  7.680732E+02
  1.570796E+01  7.000000E+01     3  1.228837E+03  9.173702E+00  1.213120E+03  1.959112E+02
  1.570796E+01  7.000000E+01     4  2.549387E+02  8.762743E+01  1.055379E+01  2.547202E+02
  1.570796E+01  7.000000E+01     5  1.280173E+02 -9.173846E+01 -3.883673E+00 -1.279584E+02
  1.570796E+01  7.000000E+01     6  4.583416E+00  1.800000E+02 -4.583416E+00  1.675071E-06
  1.570796E+01  8.000000E+01     1  1.432219E+02  8.776405E+01  5.587780E+00  1.431128E+02
  1.570796E+01  8.000000E+01     2  8.048673E+02  8.777285E+01  3.127825E+01  8.042593E+02
  1.570796E+01  8.000000E+01     3  1.228789E+03  9.173677E+00  1.213073E+03  1.959030E+02
  1.570796E+01  8.000000E+01     4  2.557261E+02  8.752419E+01  1.104674E+01  2.554874E+02
  1.570796E+01  8.000000E+01     5  6.702689E+01 -9.168777E+01 -1.974125E+00 -6.699781E+01
  1.570796E+01  8.000000E+01     6  2.991453E+00  1.800000E+02 -2.991453E+00  9.334763E-07
  1.570796E+01  9.000000E+01     1  3.606272E-05 -9.223623E+01 -1.407156E-06 -3.603526E-05
  1.570796E+01  9.000000E+01     2  8.170390E+02  8.777313E+01  3.174721E+01  8.164220E+02
  1.570796E+01  9.000000E+01     3  1.228768E+03  9.173684E+00  1.213051E+03  1.958997E+02
  1.570796E+01  9.000000E+01     4  2.556221E+02  8.748605E+01  1.121227E+01  2.553761E+02
  1.570796E+01  9.000000E+01     5  1.704959E-05  8.832919E+01  4.971185E-07  1.704234E-05
  1.570796E+01  9.000000E+01     6  8.136877E-07 -1.577549E-05  8.136877E-07 -2.240361E-13
  1.396263E+01  0.000000E+00     1  9.551268E+02  8.630853E+01  6.149479E+01  9.531451E+02
  1.396263E+01  0.000000E+00     2  0.000000E+00  9.000000E+01  0.000000E+00  0.000000E+00
  1.396263E+01  0.000000E+00     3  1.060138E+03  1.320470E+01  1.032108E+03  2.421681E+02
  1.396263E+01  0.000000E+00     4  0.000000E+00  9.000000E+01  0.000000E+00  0.000000E+00
  1.396263E+01  0.000000E+00     5  4.792162E+02 -9.413634E+01 -3.456596E+01 -4.779680E+02
  1.396263E+01  0.000000E+00     6  0.000000E+00  9.000000E+01  0.000000E+00  0.000000E+00
  1.396263E+01  1.000000E+01     1  9.410807E+02  8.630753E+01  6.060675E+01  9.391271E+02
  1.396263E+01  1.000000E+01     2  1.684340E+02  8.627685E+01  1.093736E+01  1.680785E+02
  1.396263E+01  1.000000E+01     3  1.060178E+03  1.320471E+01  1.032147E+03  2.421774E+02
  1.396263E+01  1.000000E+01     4  1.233803E+02  8.714342E+01  6.148782E+00  1.232269E+02
  1.396263E+01  1.000000E+01     5  4.789795E+02 -9.407846E+01 -3.406616E+01 -4.777665E+02
  1.396263E+01  1.000000E+01     6  6.491033E+00  6.752794E-06  6.491033E+00  7.650233E-07
  1.396263E+01  2.000000E+01     1  8.992409E+02  8.630465E+01  5.795724E+01  8.973713E+02
  1.396263E+01  2.000000E+01     2  3.313048E+02  8.627965E+01  2.149729E+01  3.306066E+02
  1.396263E+01  2.000000E+01     3  1.060285E+03  1.320471E+01  1.032252E+03  2.422020E+02
  1.396263E+01  2.000000E+01     4  2.359035E+02  8.706348E+01  1.208519E+01  2.355938E+02
  1.396263E+01  2.000000E+01     5  4.764359E+02 -9.392085E+01 -3.257784E+01 -4.753208E+02
  1.396263E+01  2.000000E+01     6  9.944803E+00  1.145443E-05  9.944803E+00  1.988141E-06
  1.396263E+01  3.000000E+01     1  8.305328E+02  8.630028E+01  5.359229E+01  8.288019E+02
  1.396263E+01  3.000000E+01     2  4.833325E+02  8.628396E+01  3.132562E+01  4.823163E+02
  1.396263E+01  3.000000E+01     3  1.060405E+03  1.320473E+01  1.032368E+03  2.422295E+02
  1.396263E+01  3.000000E+01     4  3.289548E+02  8.693143E+01  1.760932E+01  3.284832E+02
  1.396263E+01  3.000000E+01     5  4.665139E+02 -9.370251E+01 -3.012561E+01 -4.655401E+02
  1.396263E+01  3.000000E+01     6  8.745438E+00  2.706959E-05  8.745438E+00  4.131813E-06
  1.396263E+01  4.000000E+01     1  7.365769E+02  8.629492E+01  4.759817E+01  7.350374E+02
  1.396263E+01  4.000000E+01     2  6.197686E+02  8.628926E+01  4.011101E+01  6.184693E+02
  1.396263E+01  4.000000E+01     3  1.060483E+03  1.320472E+01  1.032444E+03  2.422473E+02
  1.396263E+01  4.000000E+01     4  3.978393E+02  8.675110E+01  2.254702E+01  3.971999E+02
  1.396263E+01  4.000000E+01     5  4.424279E+02 -9.346728E+01 -2.675734E+01 -4.416180E+02
  1.396263E+01  4.000000E+01     6  3.451329E+00  1.062361E-04  3.451329E+00  6.399350E-06
  1.396263E+01  5.000000E+01     1  6.197694E+02  8.628925E+01  4.011121E+01  6.184700E+02
  1.396263E+01  5.000000E+01     2  7.365751E+02  8.629493E+01  4.759788E+01  7.350356E+02
  1.396263E+01  5.000000E+01     3  1.060482E+03  1.320476E+01  1.032442E+03  2.422476E+02
  1.396263E+01  5.000000E+01     4  4.423894E+02  8.653276E+01  2.675477E+01  4.415796E+02
  1.396263E+01  5.000000E+01     5  3.978773E+02 -9.324890E+01 -2.254914E+01 -3.972378E+02
  1.396263E+01  5.000000E+01     6  3.457272E+00  1.799999E+02 -3.457272E+00  8.304138E-06
  1.396263E+01  6.000000E+01     1  4.833337E+02  8.628394E+01  3.132579E+01  4.823175E+02
  1.396263E+01  6.000000E+01     2  8.305308E+02  8.630029E+01  5.359194E+01  8.287999E+02
  1.396263E+01  6.000000E+01     3  1.060405E+03  1.320473E+01  1.032368E+03  2.422296E+02
  1.396263E+01  6.000000E+01     4  4.664445E+02  8.629723E+01  3.012323E+01  4.654708E+02
  1.396263E+01  6.000000E+01     5  3.289868E+02 -9.306847E+01 -1.761039E+01 -3.285151E+02
  1.396263E+01  6.000000E+01     6  8.750443E+00  1.800000E+02 -8.750443E+00  8.213799E-06
  1.396263E+01  7.000000E+01     1  3.313059E+02  8.627964E+01  2.149741E+01  3.306077E+02
  1.396263E+01  7.000000E+01     2  8.992387E+02  8.630466E+01  5.795689E+01  8.973691E+02
  1.396263E+01  7.000000E+01     3  1.060284E+03  1.320472E+01  1.032250E+03  2.422017E+02
  1.396263E+01  7.000000E+01     4  4.763708E+02  8.607893E+01  3.257527E+01  4.752558E+02
  1.396263E+01  7.000000E+01     5  2.359172E+02 -9.293662E+01 -1.208635E+01 -2.356074E+02
  1.396263E+01  7.000000E+01     6  9.948862E+00  1.800000E+02 -9.948862E+00  7.784343E-06
  1.396263E+01  8.000000E+01     1  1.684345E+02  8.627684E+01  1.093742E+01  1.680790E+02
  1.396263E+01  8.000000E+01     2  9.410778E+02  8.630753E+01  6.060641E+01  9.391241E+02
  1.396263E+01  8.000000E+01     3  1.060179E+03  1.320470E+01  1.032148E+03  2.421775E+02
  1.396263E+01  8.000000E+01     4  4.789256E+02  8.592147E+01  3.406292E+01  4.777127E+02
  1.396263E+01  8.000000E+01     5  1.233902E+02 -9.285661E+01 -6.149343E+00 -1.232369E+02
  1.396263E+01  8.000000E+01     6  6.492902E+00  1.800000E+02 -6.492902E+00  4.771166E-06
  1.396263E+01  9.000000E+01     1  4.241869E-05 -9.372414E+01 -2.755209E-06 -4.232912E-05
  1.396263E+01  9.000000E+01     2  9.551235E+02  8.630853E+01  6.149441E+01  9.531418E+02
  1.396263E+01  9.000000E+01     3  1.060136E+03  1.320471E+01  1.032106E+03  2.421678E+02
  1.396263E+01  9.000000E+01     4  4.791400E+02  8.586356E+01  3.456120E+01  4.778918E+02
  1.396263E+01  9.000000E+01     5  3.137626E-05  8.717013E+01  1.549062E-06  3.133800E-05
  1.396263E+01  9.000000E+01     6  1.766268E-06 -3.852325E-05  1.766268E-06 -1.187564E-12
  1.256637E+01  0.000000E+00     1  1.082979E+03  8.434548E+01  1.067058E+02  1.077709E+03
  1.256637E+01  0.000000E+00     2  0.000000E+00  9.000000E+01  0.000000E+00  0.000000E+00
  1.256637E+01  0.000000E+00     3  9.057028E+02  1.826208E+01  8.600853E+02  2.838147E+02
  1.256637E+01  0.000000E+00     4  0.000000E+00  9.000000E+01  0.000000E+00  0.000000E+00
  1.256637E+01  0.000000E+00     5  7.422631E+02 -9.640274E+01 -8.277449E+01 -7.376332E+02
  1.256637E+01  0.000000E+00     6  0.000000E+00  9.000000E+01  0.000000E+00  0.000000E+00
  1.256637E+01  1.000000E+01     1  1.067398E+03  8.434225E+01  1.052306E+02  1.062198E+03
  1.256637E+01  1.000000E+01     2  1.928656E+02  8.424365E+01  1.934411E+01  1.918931E+02
  1.256637E+01  1.000000E+01     3  9.057899E+02  1.826200E+01  8.601684E+02  2.838408E+02
  1.256637E+01  1.000000E+01     4  1.981982E+02  8.565541E+01  1.501447E+01  1.976287E+02
  1.256637E+01  1.000000E+01     5  7.431334E+02 -9.630669E+01 -8.163353E+01 -7.386360E+02
  1.256637E+01  1.000000E+01     6  1.356820E+01 -5.735676E-05  1.356820E+01 -1.358264E-05
  1.256637E+01  2.000000E+01     1  1.020888E+03  8.433297E+01  1.008098E+02  1.015899E+03
  1.256637E+01  2.000000E+01     2  3.790468E+02  8.425262E+01  3.795875E+01  3.771414E+02
  1.256637E+01  2.000000E+01     3  9.060126E+02  1.826175E+01  8.603812E+02  2.839068E+02
  1.256637E+01  2.000000E+01     4  3.780821E+02  8.553082E+01  2.946128E+01  3.769325E+02
  1.256637E+01  2.000000E+01     5  7.424628E+02 -9.604644E+01 -7.820694E+01 -7.383323E+02
  1.256637E+01  2.000000E+01     6  2.078675E+01 -4.742132E-05  2.078675E+01 -1.720432E-05
  1.256637E+01  3.000000E+01     1  9.442051E+02  8.431882E+01  9.346970E+01  9.395673E+02
  1.256637E+01  3.000000E+01     2  5.522681E+02  8.426639E+01  5.517353E+01  5.495051E+02
  1.256637E+01  3.000000E+01     3  9.062658E+02  1.826146E+01  8.606230E+02  2.839818E+02
  1.256637E+01  3.000000E+01     4  5.252152E+02  8.532366E+01  4.281920E+01  5.234669E+02
  1.256637E+01  3.000000E+01     5  7.314799E+02 -9.568963E+01 -7.251859E+01 -7.278763E+02
  1.256637E+01  3.000000E+01     6  1.827876E+01 -2.775361E-05  1.827876E+01 -8.854084E-06
  1.256637E+01  4.000000E+01     1  8.388013E+02  8.430157E+01  8.328664E+01  8.346562E+02
  1.256637E+01  4.000000E+01     2  7.070201E+02  8.428338E+01  7.042516E+01  7.035039E+02
  1.256637E+01  4.000000E+01     3  9.064304E+02  1.826127E+01  8.607803E+02  2.840305E+02
  1.256637E+01  4.000000E+01     4  6.319209E+02  8.503891E+01  5.464800E+01  6.295535E+02
  1.256637E+01  4.000000E+01     5  6.983781E+02 -9.530949E+01 -6.462469E+01 -6.953817E+02
  1.256637E+01  4.000000E+01     6  7.216447E+00  8.764141E-05  7.216447E+00  1.103850E-05
  1.256637E+01  5.000000E+01     1  7.070227E+02  8.428337E+01  7.042558E+01  7.035065E+02
  1.256637E+01  5.000000E+01     2  8.387995E+02  8.430160E+01  8.328608E+01  8.346544E+02
  1.256637E+01  5.000000E+01     3  9.064315E+02  1.826126E+01  8.607814E+02  2.840307E+02
  1.256637E+01  5.000000E+01     4  6.983292E+02  8.469053E+01  6.462000E+01  6.953330E+02
  1.256637E+01  5.000000E+01     5  6.319556E+02 -9.496115E+01 -5.465171E+01 -6.295880E+02
  1.256637E+01  5.000000E+01     6  7.224538E+00  1.799997E+02 -7.224538E+00  3.198674E-05
  1.256637E+01  6.000000E+01     1  5.522697E+02  8.426637E+01  5.517390E+01  5.495067E+02
  1.256637E+01  6.000000E+01     2  9.442021E+02  8.431883E+01  9.346911E+01  9.395644E+02
  1.256637E+01  6.000000E+01     3  9.062646E+02  1.826148E+01  8.606218E+02  2.839818E+02
  1.256637E+01  6.000000E+01     4  7.314232E+02  8.431033E+01  7.251362E+01  7.278198E+02
  1.256637E+01  6.000000E+01     5  5.252487E+02 -9.467630E+01 -4.282155E+01 -5.235002E+02
  1.256637E+01  6.000000E+01     6  1.828594E+01  1.799998E+02 -1.828594E+01  5.170191E-05
  1.256637E+01  7.000000E+01     1  3.790473E+02  8.425259E+01  3.795897E+01  3.771418E+02
  1.256637E+01  7.000000E+01     2  1.020884E+03  8.433298E+01  1.008093E+02  1.015895E+03
  1.256637E+01  7.000000E+01     3  9.060105E+02  1.826177E+01  8.603791E+02  2.839064E+02
  1.256637E+01  7.000000E+01     4  7.424030E+02  8.395345E+01  7.820204E+01  7.382728E+02
  1.256637E+01  7.000000E+01     5  3.781040E+02 -9.446912E+01 -2.946252E+01 -3.769544E+02
  1.256637E+01  7.000000E+01     6  2.079229E+01  1.799999E+02 -2.079229E+01  4.775031E-05
  1.256637E+01  8.000000E+01     1  1.928665E+02  8.424364E+01  1.934423E+01  1.918940E+02
  1.256637E+01  8.000000E+01     2  1.067395E+03  8.434226E+01  1.052299E+02  1.062196E+03
  1.256637E+01  8.000000E+01     3  9.057881E+02  1.826205E+01  8.601665E+02  2.838409E+02
  1.256637E+01  8.000000E+01     4  7.430654E+02  8.369315E+01  8.162801E+01  7.385682E+02
  1.256637E+01  8.000000E+01     5  1.982096E+02 -9.434451E+01 -1.501505E+01 -1.976401E+02
  1.256637E+01  8.000000E+01     6  1.357098E+01  1.799999E+02 -1.357098E+01  2.831919E-05
  1.256637E+01  9.000000E+01     1  4.858551E-05 -9.575947E+01 -4.875678E-06 -4.834025E-05
  1.256637E+01  9.000000E+01     2  1.082977E+03  8.434550E+01  1.067052E+02  1.077708E+03
  1.256637E+01  9.000000E+01     3  9.056990E+02  1.826215E+01  8.600814E+02  2.838146E+02
  1.256637E+01  9.000000E+01     4  7.421864E+02  8.359682E+01  8.277173E+01  7.375565E+02
  1.256637E+01  9.000000E+01     5  5.044021E-05  8.569688E+01  3.784686E-06  5.029802E-05
  1.256637E+01  9.000000E+01     6  3.691353E-06 -1.178407E-04  3.691353E-06 -7.592038E-12
  1.142397E+01  0.000000E+00     1  1.176697E+03  8.225562E+01  1.585644E+02  1.165965E+03
  1.142397E+01  0.000000E+00     2  0.000000E+00  9.000000E+01  0.000000E+00  0.000000E+00
  1.142397E+01  0.000000E+00     3  7.686801E+02  2.425995E+01  7.007985E+02  3.158331E+02
  1.142397E+01  0.000000E+00     4  0.000000E+00  9.000000E+01  0.000000E+00  0.000000E+00
  1.142397E+01  0.000000E+00     5  1.003767E+03 -9.898914E+01 -1.568359E+02 -9.914390E+02
  1.142397E+01  0.000000E+00     6  0.000000E+00  9.000000E+01  0.000000E+00  0.000000E+00
  1.142397E+01  1.000000E+01     1  1.160382E+03  8.224608E+01  1.565574E+02  1.149773E+03
  1.142397E+01  1.000000E+01     2  2.128750E+02  8.195886E+01  2.977782E+01  2.107820E+02
  1.142397E+01  1.000000E+01     3  7.688608E+02  2.425909E+01  7.009680E+02  3.158968E+02
  1.142397E+01  1.000000E+01     4  2.896613E+02  8.415401E+01  2.950337E+01  2.881548E+02
  1.142397E+01  1.000000E+01     5  1.008621E+03 -9.883180E+01 -1.548579E+02 -9.966622E+02
  1.142397E+01  1.000000E+01     6  2.706561E+01 -3.836079E-04  2.706561E+01 -1.812102E-04
  1.142397E+01  2.000000E+01     1  1.111496E+03  8.221873E+01  1.504872E+02  1.101262E+03
  1.142397E+01  2.000000E+01     2  4.178274E+02  8.198466E+01  5.826115E+01  4.137455E+02
  1.142397E+01  2.000000E+01     3  7.693170E+02  2.425708E+01  7.013950E+02  3.160596E+02
  1.142397E+01  2.000000E+01     4  5.499990E+02  8.397643E+01  5.771559E+01  5.469624E+02
  1.142397E+01  2.000000E+01     5  1.017758E+03 -9.841138E+01 -1.488772E+02 -1.006810E+03
  1.142397E+01  2.000000E+01     6  4.146701E+01 -3.530550E-04  4.146701E+01 -2.555186E-04
  1.142397E+01  3.000000E+01     1  1.030343E+03  8.217719E+01  1.402401E+02  1.020754E+03
  1.142397E+01  3.000000E+01     2  6.075349E+02  8.202444E+01  8.429588E+01  6.016584E+02
  1.142397E+01  3.000000E+01     3  7.698348E+02  2.425480E+01  7.018797E+02  3.162444E+02
  1.142397E+01  3.000000E+01     4  7.581382E+02  8.367779E+01  8.348593E+01  7.535275E+02
  1.142397E+01  3.000000E+01     5  1.016357E+03 -9.784792E+01 -1.387776E+02 -1.006838E+03
  1.142397E+01  3.000000E+01     6  3.646333E+01 -3.502529E-04  3.646333E+01 -2.229027E-04
  1.142397E+01  4.000000E+01     1  9.178083E+02  8.212674E+01  1.257235E+02  9.091566E+02
  1.142397E+01  4.000000E+01     2  7.757871E+02  8.207374E+01  1.069799E+02  7.683755E+02
  1.142397E+01  4.000000E+01     3  7.701760E+02  2.425322E+01  7.021994E+02  3.163653E+02
  1.142397E+01  4.000000E+01     4  9.024897E+02  8.325973E+01  1.059241E+02  8.962520E+02
  1.142397E+01  4.000000E+01     5  9.844003E+02 -9.726297E+01 -1.244513E+02 -9.765018E+02
  1.142397E+01  4.000000E+01     6  1.439743E+01 -1.205429E-04  1.439743E+01 -3.029034E-05
  1.142397E+01  5.000000E+01     1  7.757894E+02  8.207369E+01  1.069809E+02  7.683777E+02
  1.142397E+01  5.000000E+01     2  9.178055E+02  8.212678E+01  1.257225E+02  9.091539E+02
  1.142397E+01  5.000000E+01     3  7.701740E+02  2.425330E+01  7.021972E+02  3.163654E+02
  1.142397E+01  5.000000E+01     4  9.843376E+02  8.273702E+01  1.244435E+02  9.764396E+02
  1.142397E+01  5.000000E+01     5  9.025302E+02 -9.674027E+01 -1.059289E+02 -8.962922E+02
  1.142397E+01  5.000000E+01     6  1.440939E+01  1.799994E+02 -1.440939E+01  1.603980E-04
  1.142397E+01  6.000000E+01     1  6.075385E+02  8.202441E+01  8.429677E+01  6.016619E+02
  1.142397E+01  6.000000E+01     2  1.030338E+03  8.217722E+01  1.402387E+02  1.020749E+03
  1.142397E+01  6.000000E+01     3  7.698342E+02  2.425480E+01  7.018792E+02  3.162442E+02
  1.142397E+01  6.000000E+01     4  1.016298E+03  8.215206E+01  1.387699E+02  1.006779E+03
  1.142397E+01  6.000000E+01     5  7.581848E+02 -9.632218E+01 -8.349065E+01 -7.535739E+02
  1.142397E+01  6.000000E+01     6  3.647277E+01  1.799995E+02 -3.647277E+01  3.405903E-04
  1.142397E+01  7.000000E+01     1  4.178293E+02  8.198463E+01  5.826165E+01  4.137474E+02
  1.142397E+01  7.000000E+01     2  1.111491E+03  8.221878E+01  1.504857E+02  1.101257E+03
  1.142397E+01  7.000000E+01     3  7.693159E+02  2.425713E+01  7.013937E+02  3.160598E+02
  1.142397E+01  7.000000E+01     4  1.017696E+03  8.158847E+01  1.488707E+02  1.006749E+03
  1.142397E+01  7.000000E+01     5  5.500226E+02 -9.602364E+01 -5.771874E+01 -5.469857E+02
  1.142397E+01  7.000000E+01     6  4.147395E+01  1.799995E+02 -4.147395E+01  3.466904E-04
  1.142397E+01  8.000000E+01     1  2.128761E+02  8.195883E+01  2.977808E+01  2.107830E+02
  1.142397E+01  8.000000E+01     2  1.160377E+03  8.224612E+01  1.565559E+02  1.149768E+03
  1.142397E+01  8.000000E+01     3  7.688580E+02  2.425920E+01  7.009648E+02  3.158971E+02
  1.142397E+01  8.000000E+01     4  1.008565E+03  8.116810E+01  1.548512E+02  9.966066E+02
  1.142397E+01  8.000000E+01     5  2.896757E+02 -9.584595E+01 -2.950467E+01 -2.881692E+02
  1.142397E+01  8.000000E+01     6  2.707011E+01  1.799995E+02 -2.707011E+01  2.283929E-04
  1.142397E+01  9.000000E+01     1  5.365024E-05 -9.805009E+01 -7.513115E-06 -5.312157E-05
  1.142397E+01  9.000000E+01     2  1.176693E+03  8.225567E+01  1.585629E+02  1.165961E+03
  1.142397E+01  9.000000E+01     3  7.686782E+02  2.426000E+01  7.007965E+02  3.158330E+02
  1.142397E+01  9.000000E+01     4  1.003689E+03  8.101077E+01  1.568252E+02  9.913616E+02
  1.142397E+01  9.000000E+01     5  7.383110E-05  8.421294E+01  7.444520E-06  7.345482E-05
  1.142397E+01  9.000000E+01     6  7.363265E-06 -4.745512E-04  7.363265E-06 -6.098611E-11
  1.047197E+01  0.000000E+00     1  1.216513E+03  8.075226E+01  1.954982E+02  1.200702E+03
  1.047197E+01  0.000000E+00     2  0.000000E+00  9.000000E+01  0.000000E+00  0.000000E+00
  1.047197E+01  0.000000E+00     3  6.486469E+02  3.111274E+01  5.553405E+02  3.351712E+02
  1.047197E+01  0.000000E+00     4  0.000000E+00  9.000000E+01  0.000000E+00  0.000000E+00
  1.047197E+01  0.000000E+00     5  1.209342E+03 -1.012027E+02 -2.349513E+02 -1.186300E+03
  1.047197E+01  0.000000E+00     6  0.000000E+00  9.000000E+01  0.000000E+00  0.000000E+00
  1.047197E+01  1.000000E+01     1  1.200649E+03  8.072665E+01  1.934785E+02  1.184958E+03
  1.047197E+01  1.000000E+01     2  2.254560E+02  7.997199E+01  3.925855E+01  2.220116E+02
  1.047197E+01  1.000000E+01     3  6.490006E+02  3.110877E+01  5.556666E+02  3.353155E+02
  1.047197E+01  1.000000E+01     4  3.943532E+02  8.309521E+01  4.740905E+01  3.914931E+02
  1.047197E+01  1.000000E+01     5  1.222917E+03 -1.009629E+02 -2.325659E+02 -1.200600E+03
  1.047197E+01  1.000000E+01     6  5.121533E+01 -1.759327E-03  5.121533E+01 -1.572620E-03
  1.047197E+01  2.000000E+01     1  1.152800E+03  8.065350E+01  1.872201E+02  1.137496E+03
  1.047197E+01  2.000000E+01     2  4.416615E+02  8.003858E+01  7.640080E+01  4.350032E+02
  1.047197E+01  2.000000E+01     3  6.498937E+02  3.109862E+01  5.564907E+02  3.356783E+02
  1.047197E+01  2.000000E+01     4  7.437729E+02  8.287713E+01  9.222610E+01  7.380328E+02
  1.047197E+01  2.000000E+01     5  1.254893E+03 -1.003360E+02 -2.251529E+02 -1.234529E+03
  1.047197E+01  2.000000E+01     6  7.846750E+01 -1.760109E-03  7.846750E+01 -2.410498E-03
  1.047197E+01  3.000000E+01     1  1.072427E+03  8.054288E+01  1.762101E+02  1.057852E+03
  1.047197E+01  3.000000E+01     2  6.402316E+02  8.014175E+01  1.096148E+02  6.307781E+02
  1.047197E+01  3.000000E+01     3  6.509095E+02  3.108720E+01  5.574276E+02  3.360919E+02
  1.047197E+01  3.000000E+01     4  1.013730E+03  8.250439E+01  1.322414E+02  1.005068E+03
  1.047197E+01  3.000000E+01     5  1.281338E+03 -9.952647E+01 -2.120655E+02 -1.263668E+03
  1.047197E+01  3.000000E+01     6  6.900290E+01 -1.692402E-03  6.900290E+01 -2.038207E-03
  1.047197E+01  4.000000E+01     1  9.593207E+02  8.040948E+01  1.598283E+02  9.459128E+02
  1.047197E+01  4.000000E+01     2  8.143680E+02  8.027027E+01  1.376289E+02  8.026541E+02
  1.047197E+01  4.000000E+01     3  6.515726E+02  3.107980E+01  5.580388E+02  3.363623E+02
  1.047197E+01  4.000000E+01     4  1.187655E+03  8.196973E+01  1.659109E+02  1.176010E+03
  1.047197E+01  4.000000E+01     5  1.269655E+03 -9.872132E+01 -1.925161E+02 -1.254974E+03
  1.047197E+01  4.000000E+01     6  2.724528E+01 -1.459054E-03  2.724528E+01 -6.938092E-04
  1.047197E+01  5.000000E+01     1  8.143731E+02  8.027019E+01  1.376309E+02  8.026589E+02
  1.047197E+01  5.000000E+01     2  9.593156E+02  8.040956E+01  1.598260E+02  9.459081E+02
  1.047197E+01  5.000000E+01     3  6.515711E+02  3.107982E+01  5.580374E+02  3.363616E+02
  1.047197E+01  5.000000E+01     4  1.269573E+03  8.127859E+01  1.925056E+02  1.254893E+03
  1.047197E+01  5.000000E+01     5  1.187706E+03 -9.803046E+01 -1.659218E+02 -1.176059E+03
  1.047197E+01  5.000000E+01     6  2.726087E+01  1.799979E+02 -2.726087E+01  1.013540E-03
  1.047197E+01  6.000000E+01     1  6.402350E+02  8.014166E+01  1.096163E+02  6.307813E+02
  1.047197E+01  6.000000E+01     2  1.072420E+03  8.054295E+01  1.762076E+02  1.057845E+03
  1.047197E+01  6.000000E+01     3  6.509064E+02  3.108736E+01  5.574239E+02  3.360919E+02
  1.047197E+01  6.000000E+01     4  1.281272E+03  8.047366E+01  2.120518E+02  1.263602E+03
  1.047197E+01  6.000000E+01     5  1.013786E+03 -9.749563E+01 -1.322490E+02 -1.005123E+03
  1.047197E+01  6.000000E+01     6  6.901689E+01  1.799980E+02 -6.901689E+01  2.349444E-03
  1.047197E+01  7.000000E+01     1  4.416647E+02  8.003851E+01  7.640194E+01  4.350063E+02
  1.047197E+01  7.000000E+01     2  1.152794E+03  8.065359E+01  1.872173E+02  1.137490E+03
  1.047197E+01  7.000000E+01     3  6.498885E+02  3.109885E+01  5.564849E+02  3.356779E+02
  1.047197E+01  7.000000E+01     4  1.254803E+03  7.966409E+01  2.251351E+02  1.234441E+03
  1.047197E+01  7.000000E+01     5  7.438105E+02 -9.712299E+01 -9.223219E+01 -7.380700E+02
  1.047197E+01  7.000000E+01     6  7.847704E+01  1.799981E+02 -7.847704E+01  2.635967E-03
  1.047197E+01  8.000000E+01     1  2.254575E+02  7.997192E+01  3.925908E+01  2.220131E+02
  1.047197E+01  8.000000E+01     2  1.200642E+03  8.072674E+01  1.934753E+02  1.184951E+03
  1.047197E+01  8.000000E+01     3  6.489943E+02  3.110898E+01  5.556599E+02  3.353143E+02
  1.047197E+01  8.000000E+01     4  1.222827E+03  7.903706E+01  2.325498E+02  1.200511E+03
  1.047197E+01  8.000000E+01     5  3.943722E+02 -9.690480E+01 -4.741142E+01 -3.915119E+02
  1.047197E+01  8.000000E+01     6  5.122029E+01  1.799981E+02 -5.122029E+01  1.694921E-03
  1.047197E+01  9.000000E+01     1  5.685887E-05 -1.000511E+02 -9.923355E-06 -5.598623E-05
  1.047197E+01  9.000000E+01     2  1.216506E+03  8.075233E+01  1.954955E+02  1.200695E+03
  1.047197E+01  9.000000E+01     3  6.486408E+02  3.111302E+01  5.553336E+02  3.351708E+02
  1.047197E+01  9.000000E+01     4  1.209269E+03  7.879737E+01  2.349360E+02  1.186228E+03
  1.047197E+01  9.000000E+01     5  1.007383E-04  8.316710E+01  1.198524E-05  1.000228E-04
  1.047197E+01  9.000000E+01     6  1.393240E-05 -1.893243E-03  1.393240E-05 -4.603726E-10
  9.666438E+00  0.000000E+00     1  1.198684E+03  8.064290E+01  1.948908E+02  1.182734E+03
  9.666438E+00  0.000000E+00     2  0.000000E+00  9.000000E+01  0.000000E+00  0.000000E+00
  9.666438E+00  0.000000E+00     3  5.438694E+02  3.880304E+01  4.238401E+02  3.408131E+02
  9.666438E+00  0.000000E+00     4  0.000000E+00  9.000000E+01  0.000000E+00  0.000000E+00
  9.666438E+00  0.000000E+00     5  1.314098E+03 -1.021563E+02 -2.767216E+02 -1.284632E+03
  9.666438E+00  0.000000E+00     6  0.000000E+00  9.000000E+01  0.000000E+00  0.000000E+00
  9.666438E+00  1.000000E+01     1  1.184539E+03  8.058006E+01  1.938725E+02  1.168566E+03
  9.666438E+00  1.000000E+01     2  2.300683E+02  7.878416E+01  4.474957E+01  2.256743E+02
  9.666438E+00  1.000000E+01     3  5.445220E+02  3.878724E+01  4.244426E+02  3.411050E+02
  9.666438E+00  1.000000E+01     4  5.108524E+02  8.275801E+01  6.439824E+01  5.067771E+02
  9.666438E+00  1.000000E+01     5  1.342794E+03 -1.018363E+02 -2.754290E+02 -1.314243E+03
  9.666438E+00  1.000000E+01     6  9.188764E+01 -6.773661E-03  9.188764E+01 -1.086320E-02
  9.666438E+00  2.000000E+01     1  1.141376E+03  8.040119E+01  1.903224E+02  1.125396E+03
  9.666438E+00  2.000000E+01     2  4.494730E+02  7.893861E+01  8.623613E+01  4.411227E+02
  9.666438E+00  2.000000E+01     3  5.461767E+02  3.874770E+01  4.259684E+02  3.418477E+02
  9.666438E+00  2.000000E+01     4  9.554175E+02  8.254365E+01  1.239853E+02  9.473386E+02
  9.666438E+00  2.000000E+01     5  1.415467E+03 -1.010297E+02 -2.708034E+02 -1.389321E+03
  9.666438E+00  2.000000E+01     6  1.407822E+02 -6.755143E-03  1.407822E+02 -1.659815E-02
  9.666438E+00  3.000000E+01     1  1.067395E+03  8.013282E+01  1.829139E+02  1.051605E+03
  9.666438E+00  3.000000E+01     2  6.487498E+02  7.917929E+01  1.217939E+02  6.372147E+02
  9.666438E+00  3.000000E+01     3  5.480573E+02  3.870300E+01  4.277026E+02  3.426912E+02
  9.666438E+00  3.000000E+01     4  1.283477E+03  8.217030E+01  1.748468E+02  1.271512E+03
  9.666438E+00  3.000000E+01     5  1.495226E+03 -1.000461E+02 -2.608271E+02 -1.472301E+03
  9.666438E+00  3.000000E+01     6  1.238051E+02 -6.688216E-03  1.238051E+02 -1.445194E-02
  9.666438E+00  4.000000E+01     1  9.607169E+02  7.981246E+01  1.699227E+02  9.455703E+02
  9.666438E+00  4.000000E+01     2  8.206403E+02  7.948161E+01  1.498088E+02  8.068506E+02
  9.666438E+00  4.000000E+01     3  5.492837E+02  3.867402E+01  4.288334E+02  3.432412E+02
  9.666438E+00  4.000000E+01     4  1.472414E+03  8.161796E+01  2.146380E+02  1.456686E+03
  9.666438E+00  4.000000E+01     5  1.531167E+03 -9.912772E+01 -2.428979E+02 -1.511778E+03
  9.666438E+00  4.000000E+01     6  4.889124E+01 -6.371130E-03  4.889124E+01 -5.436569E-03
  9.666438E+00  5.000000E+01     1  8.206456E+02  7.948151E+01  1.498111E+02  8.068555E+02
  9.666438E+00  5.000000E+01     2  9.607127E+02  7.981257E+01  1.699202E+02  9.455665E+02
  9.666438E+00  5.000000E+01     3  5.492837E+02  3.867411E+01  4.288329E+02  3.432418E+02
  9.666438E+00  5.000000E+01     4  1.531088E+03  8.087247E+01  2.428803E+02  1.511701E+03
  9.666438E+00  5.000000E+01     5  1.472484E+03 -9.838211E+01 -2.146500E+02 -1.456755E+03
  9.666438E+00  5.000000E+01     6  4.891039E+01  1.799928E+02 -4.891039E+01  6.184243E-03
  9.666438E+00  6.000000E+01     1  6.487533E+02  7.917919E+01  1.217956E+02  6.372179E+02
  9.666438E+00  6.000000E+01     2  1.067389E+03  8.013291E+01  1.829112E+02  1.051600E+03
  9.666438E+00  6.000000E+01     3  5.480526E+02  3.870341E+01  4.276965E+02  3.426913E+02
  9.666438E+00  6.000000E+01     4  1.495154E+03  7.995397E+01  2.608136E+02  1.472230E+03
  9.666438E+00  6.000000E+01     5  1.283541E+03 -9.782970E+01 -1.748557E+02 -1.271575E+03
  9.666438E+00  6.000000E+01     6  1.238230E+02  1.799930E+02 -1.238230E+02  1.518723E-02
  9.666438E+00  7.000000E+01     1  4.494754E+02  7.893851E+01  8.623745E+01  4.411250E+02
  9.666438E+00  7.000000E+01     2  1.141370E+03  8.040128E+01  1.903197E+02  1.125390E+03
  9.666438E+00  7.000000E+01     3  5.461694E+02  3.874838E+01  4.259587E+02  3.418482E+02
  9.666438E+00  7.000000E+01     4  1.415397E+03  7.897050E+01  2.707857E+02  1.389253E+03
  9.666438E+00  7.000000E+01     5  9.554565E+02 -9.745655E+01 -1.239937E+02 -9.473767E+02
  9.666438E+00  7.000000E+01     6  1.407956E+02  1.799931E+02 -1.407956E+02  1.708603E-02
  9.666438E+00  8.000000E+01     1  2.300697E+02  7.878407E+01  4.475020E+01  2.256756E+02
  9.666438E+00  8.000000E+01     2  1.184531E+03  8.058015E+01  1.938694E+02  1.168558E+03
  9.666438E+00  8.000000E+01     3  5.445146E+02  3.878804E+01  4.244321E+02  3.411064E+02
  9.666438E+00  8.000000E+01     4  1.342698E+03  7.816358E+01  2.754118E+02  1.314148E+03
  9.666438E+00  8.000000E+01     5  5.108725E+02 -9.724204E+01 -6.440116E+01 -5.067970E+02
  9.666438E+00  8.000000E+01     6  9.189352E+01  1.799931E+02 -9.189352E+01  1.112707E-02
  9.666438E+00  9.000000E+01     1  5.807594E-05 -1.012691E+02 -1.134903E-05 -5.695625E-05
  9.666438E+00  9.000000E+01     2  1.198679E+03  8.064300E+01  1.948879E+02  1.182730E+03
  9.666438E+00  9.000000E+01     3  5.438609E+02  3.880379E+01  4.238289E+02  3.408133E+02
  9.666438E+00  9.000000E+01     4  1.313995E+03  7.784344E+01  2.767061E+02  1.284530E+03
  9.666438E+00  9.000000E+01     5  1.308570E-04  8.282783E+01  1.633768E-05  1.298331E-04
  9.666438E+00  9.000000E+01     6  2.499571E-05 -6.918835E-03  2.499571E-05 -3.018393E-09
  8.975978E+00  0.000000E+00     1  1.135534E+03  8.256667E+01  1.469068E+02  1.125991E+03
  8.975978E+00  0.000000E+00     2  0.000000E+00  9.000000E+01  0.000000E+00  0.000000E+00
  8.975978E+00  0.000000E+00     3  4.524785E+02  4.738858E+01  3.063382E+02  3.330070E+02
  8.975978E+00  0.000000E+00     4  0.000000E+00  9.000000E+01  0.000000E+00  0.000000E+00
  8.975978E+00  0.000000E+00     5  1.298371E+03 -1.008646E+02 -2.447291E+02 -1.275098E+03
  8.975978E+00  0.000000E+00     6  0.000000E+00  9.000000E+01  0.000000E+00  0.000000E+00
  8.975978E+00  1.000000E+01     1  1.124091E+03  8.242430E+01  1.481957E+02  1.114279E+03
  8.975978E+00  1.000000E+01     2  2.284064E+02  7.852592E+01  4.543566E+01  2.238417E+02
  8.975978E+00  1.000000E+01     3  4.536057E+02  4.733619E+01  3.074065E+02  3.335557E+02
  8.975978E+00  1.000000E+01     4  6.416050E+02  8.299572E+01  7.823960E+01  6.368167E+02
  8.975978E+00  1.000000E+01     5  1.349911E+03 -1.005574E+02 -2.473315E+02 -1.327060E+03
  8.975978E+00  1.000000E+01     6  1.568359E+02 -2.270364E-02  1.568359E+02 -6.214675E-02
  8.975978E+00  2.000000E+01     1  1.088458E+03  8.202149E+01  1.510798E+02  1.077922E+03
  8.975978E+00  2.000000E+01     2  4.446682E+02  7.884976E+01  8.599098E+01  4.362744E+02
  8.975978E+00  2.000000E+01     3  4.564629E+02  4.720492E+01  3.101110E+02  3.349471E+02
  8.975978E+00  2.000000E+01     4  1.188622E+03  8.285566E+01  1.478282E+02  1.179393E+03
  8.975978E+00  2.000000E+01     5  1.484735E+03 -9.982548E+01 -2.533664E+02 -1.462957E+03
  8.975978E+00  2.000000E+01     6  2.403001E+02 -2.267366E-02  2.403001E+02 -9.509394E-02
  8.975978E+00  3.000000E+01     1  1.025262E+03  8.142376E+01  1.528926E+02  1.013798E+03
  8.975978E+00  3.000000E+01     2  6.382275E+02  7.935820E+01  1.178605E+02  6.272506E+02
  8.975978E+00  3.000000E+01     3  4.597166E+02  4.705751E+01  3.131883E+02  3.365299E+02
  8.975978E+00  3.000000E+01     4  1.570320E+03  8.260782E+01  2.020379E+02  1.557269E+03
  8.975978E+00  3.000000E+01     5  1.648159E+03 -9.900662E+01 -2.580170E+02 -1.627837E+03
  8.975978E+00  3.000000E+01     6  2.113288E+02 -2.265732E-02  2.113288E+02 -8.356890E-02
  8.975978E+00  4.000000E+01     1  9.305172E+02  8.072012E+01  1.500526E+02  9.183389E+02
  8.975978E+00  4.000000E+01     2  8.014658E+02  8.000388E+01  1.391196E+02  7.892991E+02
  8.975978E+00  4.000000E+01     3  4.618423E+02  4.696243E+01  3.151971E+02  3.375634E+02
  8.975978E+00  4.000000E+01     4  1.756764E+03  8.223034E+01  2.374987E+02  1.740636E+03
  8.975978E+00  4.000000E+01     5  1.764378E+03 -9.830363E+01 -2.548095E+02 -1.745882E+03
  8.975978E+00  4.000000E+01     6  8.345438E+01 -2.233640E-02  8.345437E+01 -3.253417E-02
  8.975978E+00  5.000000E+01     1  8.014708E+02  8.000374E+01  1.391225E+02  7.893037E+02
  8.975978E+00  5.000000E+01     2  9.305104E+02  8.072025E+01  1.500494E+02  9.183326E+02
  8.975978E+00  5.000000E+01     3  4.618414E+02  4.696250E+01  3.151961E+02  3.375632E+02
  8.975978E+00  5.000000E+01     4  1.764285E+03  8.169646E+01  2.547931E+02  1.745790E+03
  8.975978E+00  5.000000E+01     5  1.756853E+03 -9.776978E+01 -2.375143E+02 -1.740724E+03
  8.975978E+00  5.000000E+01     6  8.347834E+01  1.799767E+02 -8.347833E+01  3.398685E-02
  8.975978E+00  6.000000E+01     1  6.382316E+02  7.935803E+01  1.178630E+02  6.272542E+02
  8.975978E+00  6.000000E+01     2  1.025256E+03  8.142390E+01  1.528893E+02  1.013792E+03
  8.975978E+00  6.000000E+01     3  4.597147E+02  4.705782E+01  3.131852E+02  3.365302E+02
  8.975978E+00  6.000000E+01     4  1.648051E+03  8.099332E+01  2.580020E+02  1.627731E+03
  8.975978E+00  6.000000E+01     5  1.570385E+03 -9.739235E+01 -2.020508E+02 -1.557332E+03
  8.975978E+00  6.000000E+01     6  2.113504E+02  1.799770E+02 -2.113504E+02  8.475535E-02
  8.975978E+00  7.000000E+01     1  4.446704E+02  7.884960E+01  8.599261E+01  4.362763E+02
  8.975978E+00  7.000000E+01     2  1.088452E+03  8.202162E+01  1.510765E+02  1.077916E+03
  8.975978E+00  7.000000E+01     3  4.564602E+02  4.720534E+01  3.101067E+02  3.349474E+02
  8.975978E+00  7.000000E+01     4  1.484621E+03  8.017437E+01  2.533510E+02  1.462844E+03
  8.975978E+00  7.000000E+01     5  1.188680E+03 -9.714445E+01 -1.478376E+02 -1.179451E+03
  8.975978E+00  7.000000E+01     6  2.403185E+02  1.799771E+02 -2.403185E+02  9.606530E-02
  8.975978E+00  8.000000E+01     1  2.284080E+02  7.852576E+01  4.543657E+01  2.238431E+02
  8.975978E+00  8.000000E+01     2  1.124084E+03  8.242444E+01  1.481921E+02  1.114273E+03
  8.975978E+00  8.000000E+01     3  4.536036E+02  4.733672E+01  3.074019E+02  3.335570E+02
  8.975978E+00  8.000000E+01     4  1.349799E+03  7.944241E+01  2.473152E+02  1.326949E+03
  8.975978E+00  8.000000E+01     5  6.416307E+02 -9.700445E+01 -7.824448E+01 -6.368420E+02
  8.975978E+00  8.000000E+01     6  1.568444E+02  1.799771E+02 -1.568444E+02  6.263025E-02
  8.975978E+00  9.000000E+01     1  5.772492E-05 -1.015853E+02 -1.159269E-05 -5.654888E-05
  8.975978E+00  9.000000E+01     2  1.135527E+03  8.256680E+01  1.469034E+02  1.125984E+03
  8.975978E+00  9.000000E+01     3  4.524751E+02  4.738901E+01  3.063334E+02  3.330068E+02
  8.975978E+00  9.000000E+01     4  1.298274E+03  7.913539E+01  2.447102E+02  1.275003E+03
  8.975978E+00  9.000000E+01     5  1.648560E-04  8.304078E+01  1.997443E-05  1.636414E-04
  8.975978E+00  9.000000E+01     6  4.266233E-05 -2.287084E-02  4.266232E-05 -1.702958E-08
  8.377580E+00  0.000000E+00     1  1.046579E+03  8.691325E+01  5.635623E+01  1.045060E+03
  8.377580E+00  0.000000E+00     2  0.000000E+00  9.000000E+01  0.000000E+00  0.000000E+00
  8.377580E+00  0.000000E+00     3  3.728645E+02  5.702013E+01  2.029667E+02  3.127818E+02
  8.377580E+00  0.000000E+00     4  0.000000E+00  9.000000E+01  0.000000E+00  0.000000E+00
  8.377580E+00  0.000000E+00     5  1.170024E+03 -9.585484E+01 -1.193524E+02 -1.163921E+03
  8.377580E+00  0.000000E+00     6  0.000000E+00  9.000000E+01  0.000000E+00  0.000000E+00
  8.377580E+00  1.000000E+01     1  1.038207E+03  8.661456E+01  6.130898E+01  1.036396E+03
  8.377580E+00  1.000000E+01     2  2.225596E+02  7.884422E+01  4.306020E+01  2.183543E+02
  8.377580E+00  1.000000E+01     3  3.746551E+02  5.686684E+01  2.047815E+02  3.137372E+02
  8.377580E+00  1.000000E+01     4  7.906280E+02  8.327795E+01  9.254530E+01  7.851929E+02
  8.377580E+00  1.000000E+01     5  1.252022E+03 -9.596588E+01 -1.301304E+02 -1.245241E+03
  8.377580E+00  1.000000E+01     6  2.559245E+02 -6.829745E-02  2.559243E+02 -3.050659E-01
  8.377580E+00  2.000000E+01     1  1.011246E+03  8.577582E+01  7.448749E+01  1.008498E+03
  8.377580E+00  2.000000E+01     2  4.315289E+02  7.946340E+01  7.891094E+01  4.242526E+02
  8.377580E+00  2.000000E+01     3  3.792030E+02  5.648493E+01  2.093793E+02  3.161569E+02
  8.377580E+00  2.000000E+01     4  1.450502E+03  8.328577E+01  1.695889E+02  1.440554E+03
  8.377580E+00  2.000000E+01     5  1.470255E+03 -9.620066E+01 -1.588035E+02 -1.461654E+03
  8.377580E+00  2.000000E+01     6  3.921425E+02 -6.828656E-02  3.921423E+02 -4.673653E-01
  8.377580E+00  3.000000E+01     1  9.607979E+02  8.454790E+01  9.128875E+01  9.564512E+02
  8.377580E+00  3.000000E+01     2  6.153275E+02  8.044402E+01  1.021513E+02  6.067891E+02
  8.377580E+00  3.000000E+01     3  3.843979E+02  5.606149E+01  2.146104E+02  3.189108E+02
  8.377580E+00  3.000000E+01     4  1.882977E+03  8.330595E+01  2.194940E+02  1.870141E+03
  8.377580E+00  3.000000E+01     5  1.747894E+03 -9.641710E+01 -1.953541E+02 -1.736943E+03
  8.377580E+00  3.000000E+01     6  3.448806E+02 -6.820596E-02  3.448803E+02 -4.105521E-01
  8.377580E+00  4.000000E+01     1  8.807360E+02  8.312670E+01  1.054013E+02  8.744063E+02
  8.377580E+00  4.000000E+01     2  7.660984E+02  8.170516E+01  1.105228E+02  7.580841E+02
  8.377580E+00  4.000000E+01     3  3.878008E+02  5.579097E+01  2.180269E+02  3.207082E+02
  8.377580E+00  4.000000E+01     4  2.049637E+03  8.335012E+01  2.373521E+02  2.035848E+03
  8.377580E+00  4.000000E+01     5  1.977640E+03 -9.656433E+01 -2.260813E+02 -1.964675E+03
  8.377580E+00  4.000000E+01     6  1.362040E+02 -6.787931E-02  1.362039E+02 -1.613633E-01
  8.377580E+00  5.000000E+01     1  7.661040E+02  8.170502E+01  1.105254E+02  7.580894E+02
  8.377580E+00  5.000000E+01     2  8.807301E+02  8.312684E+01  1.053986E+02  8.744008E+02
  8.377580E+00  5.000000E+01     3  3.878007E+02  5.579097E+01  2.180269E+02  3.207081E+02
  8.377580E+00  5.000000E+01     4  1.977550E+03  8.343571E+01  2.260696E+02  1.964585E+03
  8.377580E+00  5.000000E+01     5  2.049740E+03 -9.664992E+01 -2.373650E+02 -2.035950E+03
  8.377580E+00  5.000000E+01     6  1.362334E+02  1.799313E+02 -1.362333E+02  1.634337E-01
  8.377580E+00  6.000000E+01     1  6.153311E+02  8.044387E+01  1.021534E+02  6.067924E+02
  8.377580E+00  6.000000E+01     2  9.607922E+02  8.454803E+01  9.128597E+01  9.564458E+02
  8.377580E+00  6.000000E+01     3  3.843976E+02  5.606153E+01  2.146100E+02  3.189107E+02
  8.377580E+00  6.000000E+01     4  1.747799E+03  8.358293E+01  1.953428E+02  1.736849E+03
  8.377580E+00  6.000000E+01     5  1.883054E+03 -9.669421E+01 -2.195083E+02 -1.870216E+03
  8.377580E+00  6.000000E+01     6  3.449046E+02  1.799315E+02 -3.449043E+02  4.124083E-01
  8.377580E+00  7.000000E+01     1  4.315316E+02  7.946326E+01  7.891243E+01  4.242551E+02
  8.377580E+00  7.000000E+01     2  1.011240E+03  8.577594E+01  7.448491E+01  1.008493E+03
  8.377580E+00  7.000000E+01     3  3.792023E+02  5.648500E+01  2.093786E+02  3.161566E+02
  8.377580E+00  7.000000E+01     4  1.470174E+03  8.379935E+01  1.587943E+02  1.461573E+03
  8.377580E+00  7.000000E+01     5  1.450561E+03 -9.671436E+01 -1.695992E+02 -1.440612E+03
  8.377580E+00  7.000000E+01     6  3.921615E+02  1.799315E+02 -3.921612E+02  4.687784E-01
  8.377580E+00  8.000000E+01     1  2.225612E+02  7.884408E+01  4.306105E+01  2.183557E+02
  8.377580E+00  8.000000E+01     2  1.038202E+03  8.661469E+01  6.130639E+01  1.036390E+03
  8.377580E+00  8.000000E+01     3  3.746548E+02  5.686696E+01  2.047807E+02  3.137373E+02
  8.377580E+00  8.000000E+01     4  1.251948E+03  8.403416E+01  1.301221E+02  1.245168E+03
  8.377580E+00  8.000000E+01     5  7.906581E+02 -9.672219E+01 -9.255080E+01 -7.852226E+02
  8.377580E+00  8.000000E+01     6  2.559356E+02  1.799315E+02 -2.559354E+02  3.058741E-01
  8.377580E+00  9.000000E+01     1  5.632450E-05 -1.013673E+02 -1.110148E-05 -5.521962E-05
  8.377580E+00  9.000000E+01     2  1.046572E+03  8.691335E+01  5.635380E+01  1.045054E+03
  8.377580E+00  9.000000E+01     3  3.728639E+02  5.702022E+01  2.029658E+02  3.127816E+02
  8.377580E+00  9.000000E+01     4  1.169934E+03  8.414509E+01  1.193446E+02  1.163831E+03
  8.377580E+00  9.000000E+01     5  2.037801E-04  8.327587E+01  2.386040E-05  2.023783E-04
  8.377580E+00  9.000000E+01     6  6.961389E-05 -6.843641E-02  6.961384E-05 -8.314964E-08
  7.853981E+00  0.000000E+00     1  9.511967E+02  9.386475E+01 -6.411208E+01  9.490336E+02
  7.853981E+00  0.000000E+00     2  0.000000E+00  9.000000E+01  0.000000E+00  0.000000E+00
  7.853981E+00  0.000000E+00     3  3.038173E+02  6.801616E+01  1.137325E+02  2.817266E+02
  7.853981E+00  0.000000E+00     4  0.000000E+00  9.000000E+01  0.000000E+00  0.000000E+00
  7.853981E+00  0.000000E+00     5  9.712570E+02 -8.391146E+01  1.030165E+02 -9.657783E+02
  7.853981E+00  0.000000E+00     6  0.000000E+00  9.000000E+01  0.000000E+00  0.000000E+00
  7.853981E+00  1.000000E+01     1  9.452640E+02  9.328960E+01 -5.424201E+01  9.437064E+02
  7.853981E+00  1.000000E+01     2  2.133259E+02  7.901228E+01  4.065959E+01  2.094152E+02
  7.853981E+00  1.000000E+01     3  3.063695E+02  6.761129E+01  1.166925E+02  2.832757E+02
  7.853981E+00  1.000000E+01     4  9.581302E+02  8.293944E+01  1.177718E+02  9.508645E+02
  7.853981E+00  1.000000E+01     5  1.084951E+03 -8.588416E+01  7.787038E+01 -1.082153E+03
  7.853981E+00  1.000000E+01     6  4.013029E+02 -1.867369E-01  4.013007E+02 -1.307913E+00
  7.853981E+00  2.000000E+01     1  9.254402E+02  9.168514E+01 -2.721443E+01  9.250400E+02
  7.853981E+00  2.000000E+01     2  4.119040E+02  8.010465E+01  7.078534E+01  4.057762E+02
  7.853981E+00  2.000000E+01     3  3.129036E+02  6.661522E+01  1.241927E+02  2.872017E+02
  7.853981E+00  2.000000E+01     4  1.741550E+03  8.314501E+01  2.078660E+02  1.729100E+03
  7.853981E+00  2.000000E+01     5  1.395398E+03 -8.961617E+01  9.347791E+00 -1.395367E+03
  7.853981E+00  2.000000E+01     6  6.149448E+02 -1.867098E-01  6.149416E+02 -2.003918E+00
  7.853981E+00  3.000000E+01     1  8.861735E+02  8.936472E+01  9.825590E+00  8.861190E+02
  7.853981E+00  3.000000E+01     2  5.834449E+02  8.184926E+01  8.271966E+01  5.775513E+02
  7.853981E+00  3.000000E+01     3  3.204510E+02  6.553106E+01  1.327308E+02  2.916700E+02
  7.853981E+00  3.000000E+01     4  2.222591E+03  8.354341E+01  2.499311E+02  2.208493E+03
  7.853981E+00  3.000000E+01     5  1.807243E+03 -9.264837E+01 -8.350604E+01 -1.805313E+03
  7.853981E+00  3.000000E+01     6  5.408823E+02 -1.866813E-01  5.408795E+02 -1.762302E+00
  7.853981E+00  4.000000E+01     1  8.200041E+02  8.672108E+01  4.690163E+01  8.186617E+02
  7.853981E+00  4.000000E+01     2  7.201771E+02  8.412080E+01  7.376888E+01  7.163890E+02
  7.853981E+00  4.000000E+01     3  3.254406E+02  6.485018E+01  1.383079E+02  2.945887E+02
  7.853981E+00  4.000000E+01     4  2.353739E+03  8.423643E+01  2.363712E+02  2.341840E+03
  7.853981E+00  4.000000E+01     5  2.177120E+03 -9.459269E+01 -1.743257E+02 -2.170129E+03
  7.853981E+00  4.000000E+01     6  2.136274E+02 -1.863763E-01  2.136262E+02 -6.949031E-01
  7.853981E+00  5.000000E+01     1  7.201805E+02  8.412067E+01  7.377082E+01  7.163922E+02
  7.853981E+00  5.000000E+01     2  8.199991E+02  8.672120E+01  4.689959E+01  8.186568E+02
  7.853981E+00  5.000000E+01     3  3.254404E+02  6.485065E+01  1.383055E+02  2.945897E+02
  7.853981E+00  5.000000E+01     4  2.177011E+03  8.540732E+01  1.743169E+02  2.170021E+03
  7.853981E+00  5.000000E+01     5  2.353833E+03 -9.576363E+01 -2.363832E+02 -2.341934E+03
  7.853981E+00  5.000000E+01     6  2.136589E+02  1.798129E+02 -2.136577E+02  6.976612E-01
  7.853981E+00  6.000000E+01     1  5.834479E+02  8.184914E+01  8.272133E+01  5.775541E+02
  7.853981E+00  6.000000E+01     2  8.861694E+02  8.936482E+01  9.823790E+00  8.861149E+02
  7.853981E+00  6.000000E+01     3  3.204512E+02  6.553231E+01  1.327245E+02  2.916731E+02
  7.853981E+00  6.000000E+01     4  1.807150E+03  8.735164E+01  8.350148E+01  1.805220E+03
  7.853981E+00  6.000000E+01     5  2.222673E+03 -9.645668E+01 -2.499440E+02 -2.208574E+03
  7.853981E+00  6.000000E+01     6  5.409097E+02  1.798131E+02 -5.409068E+02  1.764697E+00
  7.853981E+00  7.000000E+01     1  4.119071E+02  8.010452E+01  7.078687E+01  4.057791E+02
  7.853981E+00  7.000000E+01     2  9.254354E+02  9.168524E+01 -2.721592E+01  9.250352E+02
  7.853981E+00  7.000000E+01     3  3.129045E+02  6.661720E+01  1.241831E+02  2.872068E+02
  7.853981E+00  7.000000E+01     4  1.395323E+03  9.038383E+01 -9.347176E+00  1.395292E+03
  7.853981E+00  7.000000E+01     5  1.741613E+03 -9.685507E+01 -2.078760E+02 -1.729163E+03
  7.853981E+00  7.000000E+01     6  6.149686E+02  1.798131E+02 -6.149653E+02  2.005883E+00
  7.853981E+00  8.000000E+01     1  2.133271E+02  7.901215E+01  4.066034E+01  2.094163E+02
  7.853981E+00  8.000000E+01     2  9.452583E+02  9.328970E+01 -5.424329E+01  9.437006E+02
  7.853981E+00  8.000000E+01     3  3.063708E+02  6.761377E+01  1.166807E+02  2.832819E+02
  7.853981E+00  8.000000E+01     4  1.084874E+03  9.411600E+01 -7.786794E+01  1.082076E+03
  7.853981E+00  8.000000E+01     5  9.581645E+02 -9.706065E+01 -1.177774E+02 -9.508983E+02
  7.853981E+00  8.000000E+01     6  4.013150E+02  1.798131E+02 -4.013129E+02  1.308823E+00
  7.853981E+00  9.000000E+01     1  5.406402E-05 -1.013593E+02 -1.064848E-05 -5.300498E-05
  7.853981E+00  9.000000E+01     2  9.511920E+02  9.386485E+01 -6.411342E+01  9.490287E+02
  7.853981E+00  9.000000E+01     3  3.038184E+02  6.801879E+01  1.137200E+02  2.817328E+02
  7.853981E+00  9.000000E+01     4  9.711919E+02  9.608875E+01 -1.030133E+02  9.657132E+02
  7.853981E+00  9.000000E+01     5  2.476816E-04  8.287587E+01  3.071731E-05  2.457694E-04
  7.853981E+00  9.000000E+01     6  1.091543E-04 -1.868400E-01  1.091537E-04 -3.559486E-07
  7.391982E+00  0.000000E+00     1  8.660577E+02  1.033343E+02 -1.997410E+02  8.427097E+02
  7.391982E+00  0.000000E+00     2  0.000000E+00  9.000000E+01  0.000000E+00  0.000000E+00
  7.391982E+00  0.000000E+00     3  2.449034E+02  8.100114E+01  3.830655E+01  2.418890E+02
  7.391982E+00  0.000000E+00     4  0.000000E+00  9.000000E+01  0.000000E+00  0.000000E+00
  7.391982E+00  0.000000E+00     5  8.203641E+02 -5.952438E+01  4.160654E+02 -7.070267E+02
  7.391982E+00  0.000000E+00     6  0.000000E+00  9.000000E+01  0.000000E+00  0.000000E+00
  7.391982E+00  1.000000E+01     1  8.605035E+02  1.023460E+02 -1.839879E+02  8.406038E+02
  7.391982E+00  1.000000E+01     2  1.995570E+02  7.817635E+01  4.088924E+01  1.953230E+02
  7.391982E+00  1.000000E+01     3  2.479823E+02  8.002698E+01  4.294668E+01  2.442352E+02
  7.391982E+00  1.000000E+01     4  1.133570E+03  8.146590E+01  1.682195E+02  1.121019E+03
  7.391982E+00  1.000000E+01     5  9.355871E+02 -6.682629E+01  3.681725E+02 -8.601002E+02
  7.391982E+00  1.000000E+01     6  6.075587E+02 -4.688716E-01  6.075384E+02 -4.971813E+00
  7.391982E+00  2.000000E+01     1  8.425685E+02  9.958932E+01 -1.403591E+02  8.307954E+02
  7.391982E+00  2.000000E+01     2  3.839034E+02  7.998296E+01  6.677654E+01  3.780512E+02
  7.391982E+00  2.000000E+01     3  2.560951E+02  7.766460E+01  5.471066E+01  2.501828E+02
  7.391982E+00  2.000000E+01     4  2.043080E+03  8.188081E+01  2.885500E+02  2.022601E+03
  7.391982E+00  2.000000E+01     5  1.297449E+03 -7.949010E+01  2.366617E+02 -1.275683E+03
  7.391982E+00  2.000000E+01     6  9.311191E+02 -4.689006E-01  9.310879E+02 -7.620062E+00
  7.391982E+00  3.000000E+01     1  8.082257E+02  9.561012E+01 -7.901100E+01  8.043544E+02
  7.391982E+00  3.000000E+01     2  5.407977E+02  8.288589E+01  6.697565E+01  5.366344E+02
  7.391982E+00  3.000000E+01     3  2.658301E+02  7.515382E+01  6.811234E+01  2.569560E+02
  7.391982E+00  3.000000E+01     4  2.566571E+03  8.270210E+01  3.260272E+02  2.545779E+03
  7.391982E+00  3.000000E+01     5  1.831437E+03 -8.827271E+01  5.520377E+01 -1.830605E+03
  7.391982E+00  3.000000E+01     6  8.190963E+02 -4.689247E-01  8.190688E+02 -6.703638E+00
  7.391982E+00  4.000000E+01     1  7.508943E+02  9.109927E+01 -1.440570E+01  7.507562E+02
  7.391982E+00  4.000000E+01     2  6.633239E+02  8.669692E+01  3.821912E+01  6.622219E+02
  7.391982E+00  4.000000E+01     3  2.724522E+02  7.361114E+01  7.687376E+01  2.613821E+02
  7.391982E+00  4.000000E+01     4  2.648188E+03  8.418527E+01  2.682932E+02  2.634562E+03
  7.391982E+00  4.000000E+01     5  2.350445E+03 -9.315053E+01 -1.291791E+02 -2.346892E+03
  7.391982E+00  4.000000E+01     6  3.235475E+02 -4.688808E-01  3.235367E+02 -2.647726E+00
  7.391982E+00  5.000000E+01     1  6.633278E+02  8.669682E+01  3.822063E+01  6.622258E+02
  7.391982E+00  5.000000E+01     2  7.508912E+02  9.109938E+01 -1.440698E+01  7.507530E+02
  7.391982E+00  5.000000E+01     3  2.724520E+02  7.361111E+01  7.687382E+01  2.613819E+02
  7.391982E+00  5.000000E+01     4  2.350362E+03  8.684952E+01  1.291727E+02  2.346810E+03
  7.391982E+00  5.000000E+01     5  2.648285E+03 -9.581478E+01 -2.683056E+02 -2.634659E+03
  7.391982E+00  5.000000E+01     6  3.235863E+02  1.795308E+02 -3.235755E+02  2.649821E+00
  7.391982E+00  6.000000E+01     1  5.408007E+02  8.288575E+01  6.697723E+01  5.366371E+02
  7.391982E+00  6.000000E+01     2  8.082219E+02  9.561022E+01 -7.901221E+01  8.043505E+02
  7.391982E+00  6.000000E+01     3  2.658298E+02  7.515378E+01  6.811241E+01  2.569556E+02
  7.391982E+00  6.000000E+01     4  1.831351E+03  9.172733E+01 -5.520240E+01  1.830519E+03
  7.391982E+00  6.000000E+01     5  2.566664E+03 -9.729799E+01 -3.260428E+02 -2.545871E+03
  7.391982E+00  6.000000E+01     6  8.191324E+02  1.795310E+02 -8.191050E+02  6.705521E+00
  7.391982E+00  7.000000E+01     1  3.839061E+02  7.998285E+01  6.677777E+01  3.780537E+02
  7.391982E+00  7.000000E+01     2  8.425643E+02  9.958941E+01 -1.403598E+02  8.307910E+02
  7.391982E+00  7.000000E+01     3  2.560943E+02  7.766453E+01  5.471078E+01  2.501819E+02
  7.391982E+00  7.000000E+01     4  1.297371E+03  1.005101E+02 -2.366509E+02  1.275605E+03
  7.391982E+00  7.000000E+01     5  2.043148E+03 -9.811928E+01 -2.885625E+02 -2.022668E+03
  7.391982E+00  7.000000E+01     6  9.311459E+02  1.795310E+02 -9.311147E+02  7.621569E+00
  7.391982E+00  8.000000E+01     1  1.995582E+02  7.817624E+01  4.088990E+01  1.953241E+02
  7.391982E+00  8.000000E+01     2  8.604991E+02  1.023461E+02 -1.839884E+02  8.405992E+02
  7.391982E+00  8.000000E+01     3  2.479816E+02  8.002685E+01  4.294712E+01  2.442343E+02
  7.391982E+00  8.000000E+01     4  9.355256E+02  1.131744E+02 -3.681583E+02  8.600394E+02
  7.391982E+00  8.000000E+01     5  1.133606E+03 -9.853421E+01 -1.682271E+02 -1.121054E+03
  7.391982E+00  8.000000E+01     6  6.075717E+02  1.795311E+02 -6.075514E+02  4.972559E+00
  7.391982E+00  9.000000E+01     1  5.063959E-05 -1.024361E+02 -1.090527E-05 -4.945142E-05
  7.391982E+00  9.000000E+01     2  8.660546E+02  1.033344E+02 -1.997413E+02  8.427063E+02
  7.391982E+00  9.000000E+01     3  2.449022E+02  8.100101E+01  3.830692E+01  2.418877E+02
  7.391982E+00  9.000000E+01     4  8.203004E+02  1.204767E+02 -4.160461E+02  7.069642E+02
  7.391982E+00  9.000000E+01     5  2.938147E-04  8.133902E+01  4.424488E-05  2.904643E-04
  7.391982E+00  9.000000E+01     6  1.652465E-04 -4.689101E-01  1.652410E-04 -1.352367E-06
  6.981316E+00  0.000000E+00     1  8.025082E+02  1.146640E+02 -3.348839E+02  7.292957E+02
  6.981316E+00  0.000000E+00     2  0.000000E+00  9.000000E+01  0.000000E+00  0.000000E+00
  6.981316E+00  0.000000E+00     3  1.972624E+02  9.696559E+01 -2.392264E+01  1.958065E+02
  6.981316E+00  0.000000E+00     4  0.000000E+00  9.000000E+01  0.000000E+00  0.000000E+00
  6.981316E+00  0.000000E+00     5  9.080796E+02 -2.854545E+01  7.976919E+02 -4.339311E+02
  6.981316E+00  0.000000E+00     6  0.000000E+00  9.000000E+01  0.000000E+00  0.000000E+00
  6.981316E+00  1.000000E+01     1  7.940991E+02  1.132141E+02 -3.130091E+02  7.298073E+02
  6.981316E+00  1.000000E+01     2  1.788372E+02  7.568530E+01  4.421709E+01  1.732847E+02
  6.981316E+00  1.000000E+01     3  1.998336E+02  9.486178E+01 -1.693635E+01  1.991146E+02
  6.981316E+00  1.000000E+01     4  1.289639E+03  7.880350E+01  2.504150E+02  1.265094E+03
  6.981316E+00  1.000000E+01     5  9.470358E+02 -4.066988E+01  7.183049E+02 -6.171829E+02
  6.981316E+00  1.000000E+01     6  8.916077E+02 -1.089130E+00  8.914467E+02 -1.694746E+01
  6.981316E+00  2.000000E+01     1  7.695245E+02  1.091165E+02 -2.520112E+02  7.270890E+02
  6.981316E+00  2.000000E+01     2  3.431257E+02  7.854366E+01  6.815202E+01  3.362894E+02
  6.981316E+00  2.000000E+01     3  2.075047E+02  8.978242E+01  7.880309E-01  2.075032E+02
  6.981316E+00  2.000000E+01     4  2.306763E+03  7.939787E+01  4.244161E+02  2.267383E+03
  6.981316E+00  2.000000E+01     5  1.225307E+03 -6.592831E+01  4.997775E+02 -1.118750E+03
  6.981316E+00  2.000000E+01     6  1.366706E+03 -1.089238E+00  1.366459E+03 -2.598060E+01
  6.981316E+00  3.000000E+01     1  7.293519E+02  1.030774E+02 -1.650280E+02  7.104365E+02
  6.981316E+00  3.000000E+01     2  4.820293E+02  8.314224E+01  5.755668E+01  4.785807E+02
  6.981316E+00  3.000000E+01     3  2.180788E+02  8.447318E+01  2.100357E+01  2.170649E+02
  6.981316E+00  3.000000E+01     4  2.856414E+03  8.061141E+01  4.659654E+02  2.818151E+03
  6.981316E+00  3.000000E+01     5  1.810738E+03 -8.376550E+01  1.966427E+02 -1.800028E+03
  6.981316E+00  3.000000E+01     6  1.202542E+03 -1.089356E+00  1.202325E+03 -2.286238E+01
  6.981316E+00  4.000000E+01     1  6.715358E+02  9.608978E+01 -7.124101E+01  6.677462E+02
  6.981316E+00  4.000000E+01     2  5.909212E+02  8.917184E+01  8.540944E+00  5.908595E+02
  6.981316E+00  4.000000E+01     3  2.259272E+02  8.128510E+01  3.423199E+01  2.233188E+02
  6.981316E+00  4.000000E+01     4  2.877047E+03  8.290898E+01  3.551597E+02  2.855041E+03
  6.981316E+00  4.000000E+01     5  2.457340E+03 -9.267287E+01 -1.145940E+02 -2.454667E+03
  6.981316E+00  4.000000E+01     6  4.750818E+02 -1.089464E+00  4.749959E+02 -9.033009E+00
  6.981316E+00  5.000000E+01     1  5.909250E+02  8.917171E+01  8.542326E+00  5.908633E+02
  6.981316E+00  5.000000E+01     2  6.715312E+02  9.608990E+01 -7.124198E+01  6.677415E+02
  6.981316E+00  5.000000E+01     3  2.259273E+02  8.128526E+01  3.423143E+01  2.233190E+02
  6.981316E+00  5.000000E+01     4  2.457244E+03  8.732713E+01  1.145899E+02  2.454571E+03
  6.981316E+00  5.000000E+01     5  2.877149E+03 -9.709103E+01 -3.551734E+02 -2.855143E+03
  6.981316E+00  5.000000E+01     6  4.751242E+02  1.789106E+02 -4.750384E+02  9.033210E+00
  6.981316E+00  6.000000E+01     1  4.820331E+02  8.314210E+01  5.755832E+01  4.785843E+02
  6.981316E+00  6.000000E+01     2  7.293472E+02  1.030775E+02 -1.650280E+02  7.104316E+02
  6.981316E+00  6.000000E+01     3  2.180794E+02  8.447363E+01  2.100189E+01  2.170657E+02
  6.981316E+00  6.000000E+01     4  1.810653E+03  9.623450E+01 -1.966331E+02  1.799944E+03
  6.981316E+00  6.000000E+01     5  2.856512E+03 -9.938866E+01 -4.659847E+02 -2.818248E+03
  6.981316E+00  6.000000E+01     6  1.202579E+03  1.789107E+02 -1.202362E+03  2.286276E+01
  6.981316E+00  7.000000E+01     1  3.431288E+02  7.854353E+01  6.815339E+01  3.362922E+02
  6.981316E+00  7.000000E+01     2  7.695204E+02  1.091166E+02 -2.520112E+02  7.270847E+02
  6.981316E+00  7.000000E+01     3  2.075061E+02  8.978304E+01  7.857756E-01  2.075047E+02
  6.981316E+00  7.000000E+01     4  1.225249E+03  1.140721E+02 -4.997615E+02  1.118693E+03
  6.981316E+00  7.000000E+01     5  2.306839E+03 -1.006022E+02 -4.244327E+02 -2.267457E+03
  6.981316E+00  7.000000E+01     6  1.366735E+03  1.789108E+02 -1.366488E+03  2.598094E+01
  6.981316E+00  8.000000E+01     1  1.788388E+02  7.568519E+01  4.421782E+01  1.732862E+02
  6.981316E+00  8.000000E+01     2  7.940963E+02  1.132142E+02 -3.130086E+02  7.298044E+02
  6.981316E+00  8.000000E+01     3  1.998352E+02  9.486255E+01 -1.693913E+01  1.991159E+02
  6.981316E+00  8.000000E+01     4  9.469857E+02  1.393309E+02 -7.182750E+02  6.171408E+02
  6.981316E+00  8.000000E+01     5  1.289680E+03 -1.011966E+02 -2.504248E+02 -1.265133E+03
  6.981316E+00  8.000000E+01     6  8.916244E+02  1.789109E+02 -8.914633E+02  1.694773E+01
  6.981316E+00  9.000000E+01     1  4.543019E-05 -1.052824E+02 -1.197436E-05 -4.382370E-05
  6.981316E+00  9.000000E+01     2  8.025039E+02  1.146641E+02 -3.348832E+02  7.292913E+02
  6.981316E+00  9.000000E+01     3  1.972643E+02  9.696632E+01 -2.392538E+01  1.958080E+02
  6.981316E+00  9.000000E+01     4  9.080311E+02  1.514557E+02 -7.976580E+02  4.338918E+02
  6.981316E+00  9.000000E+01     5  3.350602E-04  7.862459E+01  6.608615E-05  3.284783E-04
  6.981316E+00  9.000000E+01     6  2.424828E-04 -1.089085E+00  2.424390E-04 -4.608863E-06
  6.613878E+00  0.000000E+00     1  7.596544E+02  1.265714E+02 -4.526199E+02  6.100901E+02
  6.613878E+00  0.000000E+00     2  0.000000E+00  9.000000E+01  0.000000E+00  0.000000E+00
  6.613878E+00  0.000000E+00     3  1.641113E+02  1.167345E+02 -7.382663E+01  1.465679E+02
  6.613878E+00  0.000000E+00     4  0.000000E+00  9.000000E+01  0.000000E+00  0.000000E+00
  6.613878E+00  0.000000E+00     5  1.208895E+03 -9.656149E+00  1.191768E+03 -2.027740E+02
  6.613878E+00  0.000000E+00     6  0.000000E+00  9.000000E+01  0.000000E+00  0.000000E+00
  6.613878E+00  1.000000E+01     1  7.459147E+02  1.248049E+02 -4.257563E+02  6.124706E+02
  6.613878E+00  1.000000E+01     2  1.498810E+02  7.136066E+01  4.790347E+01  1.420196E+02
  6.613878E+00  1.000000E+01     3  1.637815E+02  1.129115E+02 -6.376152E+01  1.508603E+02
  6.613878E+00  1.000000E+01     4  1.387503E+03  7.567350E+01  3.433338E+02  1.344354E+03
  6.613878E+00  1.000000E+01     5  1.149198E+03 -2.032377E+01  1.077654E+03 -3.991447E+02
  6.613878E+00  1.000000E+01     6  1.271190E+03 -2.350663E+00  1.270120E+03 -5.213824E+01
  6.613878E+00  2.000000E+01     1  7.074572E+02  1.196838E+02 -3.503423E+02  6.146185E+02
  6.613878E+00  2.000000E+01     2  2.871101E+02  7.579559E+01  7.045166E+01  2.783321E+02
  6.613878E+00  2.000000E+01     3  1.662042E+02  1.032863E+02 -3.819654E+01  1.617555E+02
  6.613878E+00  2.000000E+01     4  2.464398E+03  7.637872E+01  5.803734E+02  2.395083E+03
  6.613878E+00  2.000000E+01     5  1.212616E+03 -5.098314E+01  7.634012E+02 -9.421548E+02
  6.613878E+00  2.000000E+01     6  1.949122E+03 -2.350934E+00  1.947482E+03 -7.995303E+01
  6.613878E+00  3.000000E+01     1  6.507459E+02  1.117790E+02 -2.414449E+02  6.042968E+02
  6.613878E+00  3.000000E+01     2  4.041268E+02  8.288546E+01  5.005243E+01  4.010153E+02
  6.613878E+00  3.000000E+01     3  1.744215E+02  9.295354E+01 -8.987257E+00  1.741898E+02
  6.613878E+00  3.000000E+01     4  3.010574E+03  7.788165E+01  6.320154E+02  2.943486E+03
  6.613878E+00  3.000000E+01     5  1.725550E+03 -7.906937E+01  3.271995E+02 -1.694244E+03
  6.613878E+00  3.000000E+01     6  1.715574E+03 -2.351246E+00  1.714130E+03 -7.038223E+01
  6.613878E+00  4.000000E+01     1  5.815165E+02  1.021018E+02 -1.219145E+02  5.685933E+02
  6.613878E+00  4.000000E+01     2  5.006829E+02  9.200903E+01 -1.755245E+01  5.003751E+02
  6.613878E+00  4.000000E+01     3  1.826151E+02  8.681181E+01  1.015628E+01  1.823324E+02
  6.613878E+00  4.000000E+01     4  2.963692E+03  8.090031E+01  4.687157E+02  2.926393E+03
  6.613878E+00  4.000000E+01     5  2.442398E+03 -9.284190E+01 -1.210946E+02 -2.439394E+03
  6.613878E+00  4.000000E+01     6  6.779175E+02 -2.351561E+00  6.773466E+02 -2.781560E+01
  6.613878E+00  5.000000E+01     1  5.006873E+02  9.200887E+01 -1.755122E+01  5.003795E+02
  6.613878E+00  5.000000E+01     2  5.815127E+02  1.021019E+02 -1.219151E+02  5.685892E+02
  6.613878E+00  5.000000E+01     3  1.826153E+02  8.681180E+01  1.015632E+01  1.823327E+02
  6.613878E+00  5.000000E+01     4  2.442303E+03  8.715793E+01  1.210973E+02  2.439299E+03
  6.613878E+00  5.000000E+01     5  2.963795E+03 -9.909967E+01 -4.687309E+02 -2.926495E+03
  6.613878E+00  5.000000E+01     6  6.779633E+02  1.776488E+02 -6.773926E+02  2.781261E+01
  6.613878E+00  6.000000E+01     1  4.041299E+02  8.288530E+01  5.005393E+01  4.010182E+02
  6.613878E+00  6.000000E+01     2  6.507418E+02  1.117791E+02 -2.414445E+02  6.042925E+02
  6.613878E+00  6.000000E+01     3  1.744215E+02  9.295361E+01 -8.987452E+00  1.741898E+02
  6.613878E+00  6.000000E+01     4  1.725465E+03  1.009306E+02 -3.271827E+02  1.694161E+03
  6.613878E+00  6.000000E+01     5  3.010665E+03 -1.021184E+02 -6.320368E+02 -2.943574E+03
  6.613878E+00  6.000000E+01     6  1.715621E+03  1.776489E+02 -1.714177E+03  7.037978E+01
  6.613878E+00  7.000000E+01     1  2.871129E+02  7.579546E+01  7.045300E+01  2.783347E+02
  6.613878E+00  7.000000E+01     2  7.074539E+02  1.196839E+02 -3.503416E+02  6.146152E+02
  6.613878E+00  7.000000E+01     3  1.662039E+02  1.032863E+02 -3.819645E+01  1.617552E+02
  6.613878E+00  7.000000E+01     4  1.212548E+03  1.290175E+02 -7.633699E+02  9.420935E+02
  6.613878E+00  7.000000E+01     5  2.464468E+03 -1.036214E+02 -5.803945E+02 -2.395150E+03
  6.613878E+00  7.000000E+01     6  1.949149E+03  1.776492E+02 -1.947509E+03  7.995070E+01
  6.613878E+00  8.000000E+01     1  1.498825E+02  7.136053E+01  4.790425E+01  1.420209E+02
  6.613878E+00  8.000000E+01     2  7.459100E+02  1.248050E+02 -4.257546E+02  6.124661E+02
  6.613878E+00  8.000000E+01     3  1.637810E+02  1.129115E+02 -6.376131E+01  1.508599E+02
  6.613878E+00  8.000000E+01     4  1.149138E+03  1.596774E+02 -1.077606E+03  3.991026E+02
  6.613878E+00  8.000000E+01     5  1.387540E+03 -1.043267E+02 -3.433468E+02 -1.344389E+03
  6.613878E+00  8.000000E+01     6  1.271203E+03  1.776494E+02 -1.270134E+03  5.213723E+01
  6.613878E+00  9.000000E+01     1  3.811380E-05 -1.101422E+02 -1.312455E-05 -3.578279E-05
  6.613878E+00  9.000000E+01     2  7.596504E+02  1.265714E+02 -4.526186E+02  6.100862E+02
  6.613878E+00  9.000000E+01     3  1.641107E+02  1.167345E+02 -7.382639E+01  1.465673E+02
  6.613878E+00  9.000000E+01     4  1.208836E+03  1.703458E+02 -1.191717E+03  2.027230E+02
  6.613878E+00  9.000000E+01     5  3.612678E-04  7.546606E+01  9.066138E-05  3.497069E-04
  6.613878E+00  9.000000E+01     6  3.456734E-04 -2.350492E+00  3.453826E-04 -1.417687E-05
  6.283185E+00  0.000000E+00     1  7.226190E+02  1.381042E+02 -5.378893E+02  4.825487E+02
  6.283185E+00  0.000000E+00     2  0.000000E+00  9.000000E+01  0.000000E+00  0.000000E+00
  6.283185E+00  0.000000E+00     3  1.490516E+02  1.387044E+02 -1.119846E+02  9.836578E+01
  6.283185E+00  0.000000E+00     4  0.000000E+00  9.000000E+01  0.000000E+00  0.000000E+00
  6.283185E+00  0.000000E+00     5  1.513746E+03 -1.524618E+00  1.513210E+03 -4.027542E+01
  6.283185E+00  0.000000E+00     6  0.000000E+00  9.000000E+01  0.000000E+00  0.000000E+00
  6.283185E+00  1.000000E+01     1  7.041051E+02  1.362562E+02 -5.086729E+02  4.868427E+02
  6.283185E+00  1.000000E+01     2  1.153517E+02  6.519313E+01  4.839708E+01  1.047079E+02
  6.283185E+00  1.000000E+01     3  1.426818E+02  1.335270E+02 -9.826440E+01  1.034515E+02
  6.283185E+00  1.000000E+01     4  1.402916E+03  7.352821E+01  3.977876E+02  1.345340E+03
  6.283185E+00  1.000000E+01     5  1.391290E+03 -9.390445E+00  1.372646E+03 -2.270049E+02
  6.283185E+00  1.000000E+01     6  1.757901E+03 -4.712397E+00  1.751959E+03 -1.444189E+02
  6.283185E+00  2.000000E+01     1  6.520175E+02  1.307779E+02 -4.258516E+02  4.937380E+02
  6.283185E+00  2.000000E+01     2  2.205003E+02  7.214046E+01  6.762401E+01  2.098747E+02
  6.283185E+00  2.000000E+01     3  1.325052E+02  1.185641E+02 -6.335625E+01  1.163771E+02
  6.283185E+00  2.000000E+01     4  2.473878E+03  7.424574E+01  6.716873E+02  2.380947E+03
  6.283185E+00  2.000000E+01     5  1.240000E+03 -3.734260E+01  9.858279E+02 -7.521586E+02
  6.283185E+00  2.000000E+01     6  2.696574E+03 -4.712797E+00  2.687457E+03 -2.215535E+02
  6.283185E+00  3.000000E+01     1  5.758722E+02  1.218828E+02 -3.041664E+02  4.889904E+02
  6.283185E+00  3.000000E+01     2  3.132611E+02  8.307191E+01  3.778668E+01  3.109738E+02
  6.283185E+00  3.000000E+01     3  1.332234E+02  1.000998E+02 -2.336250E+01  1.311589E+02
  6.283185E+00  3.000000E+01     4  2.980051E+03  7.587837E+01  7.270762E+02  2.889994E+03
  6.283185E+00  3.000000E+01     5  1.567699E+03 -7.332867E+01  4.497434E+02 -1.501803E+03
  6.283185E+00  3.000000E+01     6  2.374629E+03 -4.713289E+00  2.366599E+03 -1.951225E+02
  6.283185E+00  4.000000E+01     1  4.884421E+02  1.100670E+02 -1.675935E+02  4.587898E+02
  6.283185E+00  4.000000E+01     2  4.002705E+02  9.646474E+01 -4.506711E+01  3.977253E+02
  6.283185E+00  4.000000E+01     3  1.408860E+02  8.881694E+01  2.908861E+00  1.408560E+02
  6.283185E+00  4.000000E+01     4  2.864639E+03  7.943181E+01  5.253911E+02  2.816047E+03
  6.283185E+00  4.000000E+01     5  2.277612E+03 -9.251418E+01 -9.991093E+01 -2.275419E+03
  6.283185E+00  4.000000E+01     6  9.386500E+02 -4.713790E+00  9.354751E+02 -7.713674E+01
  6.283185E+00  5.000000E+01     1  4.002706E+02  9.646456E+01 -4.506589E+01  3.977256E+02
  6.283185E+00  5.000000E+01     2  4.884418E+02  1.100671E+02 -1.675940E+02  4.587893E+02
  6.283185E+00  5.000000E+01     3  1.408863E+02  8.881711E+01  2.908431E+00  1.408563E+02
  6.283185E+00  5.000000E+01     4  2.277569E+03  8.748577E+01  9.991132E+01  2.275376E+03
  6.283185E+00  5.000000E+01     5  2.864682E+03 -1.005682E+02 -5.253987E+02 -2.816089E+03
  6.283185E+00  5.000000E+01     6  9.387004E+02  1.752869E+02 -9.355264E+02  7.712952E+01
  6.283185E+00  6.000000E+01     1  3.132620E+02  8.307172E+01  3.778779E+01  3.109745E+02
  6.283185E+00  6.000000E+01     2  5.758718E+02  1.218829E+02 -3.041666E+02  4.889897E+02
  6.283185E+00  6.000000E+01     3  1.332254E+02  1.001005E+02 -2.336432E+01  1.311606E+02
  6.283185E+00  6.000000E+01     4  1.567664E+03  1.066713E+02 -4.497322E+02  1.501769E+03
  6.283185E+00  6.000000E+01     5  2.980092E+03 -1.041217E+02 -7.270883E+02 -2.890033E+03
  6.283185E+00  6.000000E+01     6  2.374664E+03  1.752869E+02 -2.366635E+03  1.951170E+02
  6.283185E+00  7.000000E+01     1  2.205009E+02  7.214027E+01  6.762490E+01  2.098750E+02
  6.283185E+00  7.000000E+01     2  6.520169E+02  1.307779E+02 -4.258506E+02  4.937381E+02
  6.283185E+00  7.000000E+01     3  1.325081E+02  1.185643E+02 -6.335804E+01  1.163794E+02
  6.283185E+00  7.000000E+01     4  1.239969E+03  1.426574E+02 -9.858030E+02  7.521401E+02
  6.283185E+00  7.000000E+01     5  2.473899E+03 -1.057544E+02 -6.716990E+02 -2.380966E+03
  6.283185E+00  7.000000E+01     6  2.696600E+03  1.752873E+02 -2.687483E+03  2.215491E+02
  6.283185E+00  8.000000E+01     1  1.153521E+02  6.519296E+01  4.839754E+01  1.047081E+02
  6.283185E+00  8.000000E+01     2  7.041047E+02  1.362562E+02 -5.086726E+02  4.868425E+02
  6.283185E+00  8.000000E+01     3  1.426858E+02  1.335270E+02 -9.826722E+01  1.034544E+02
  6.283185E+00  8.000000E+01     4  1.391256E+03  1.706101E+02 -1.372614E+03  2.269875E+02
  6.283185E+00  8.000000E+01     5  1.402932E+03 -1.064719E+02 -3.977940E+02 -1.345354E+03
  6.283185E+00  8.000000E+01     6  1.757916E+03  1.752877E+02 -1.751974E+03  1.444168E+02
  6.283185E+00  9.000000E+01     1  2.939646E-05 -1.171636E+02 -1.342044E-05 -2.615423E-05
  6.283185E+00  9.000000E+01     2  7.226183E+02  1.381042E+02 -5.378889E+02  4.825483E+02
  6.283185E+00  9.000000E+01     3  1.490561E+02  1.387043E+02 -1.119878E+02  9.836889E+01
  6.283185E+00  9.000000E+01     4  1.513715E+03  1.784755E+02 -1.513179E+03  4.027113E+01
  6.283185E+00  9.000000E+01     5  3.660784E-04  7.332510E+01  1.050428E-04  3.506842E-04
  6.283185E+00  9.000000E+01     6  4.779408E-04 -4.712138E+00  4.763254E-04 -3.926267E-05
  5.983986E+00  0.000000E+00     1  6.762451E+02  1.495189E+02 -5.827856E+02  3.430283E+02
  5.983986E+00  0.000000E+00     2  0.000000E+00  9.000000E+01  0.000000E+00  0.000000E+00
  5.983986E+00  0.000000E+00     3  1.479559E+02  1.593013E+02 -1.384056E+02  5.229560E+01
  5.983986E+00  0.000000E+00     4  0.000000E+00  9.000000E+01  0.000000E+00  0.000000E+00
  5.983986E+00  0.000000E+00     5  1.700725E+03  2.458170E+00  1.699160E+03  7.294408E+01
  5.983986E+00  0.000000E+00     6  0.000000E+00  9.000000E+01  0.000000E+00  0.000000E+00
  5.983986E+00  1.000000E+01     1  6.560937E+02  1.476904E+02 -5.545124E+02  3.506778E+02
  5.983986E+00  1.000000E+01     2  8.142010E+01  5.587402E+01  4.567785E+01  6.740005E+01
  5.983986E+00  1.000000E+01     3  1.338135E+02  1.545574E+02 -1.208358E+02  5.748716E+01
  5.983986E+00  1.000000E+01     4  1.349742E+03  7.381501E+01  3.762265E+02  1.296248E+03
  5.983986E+00  1.000000E+01     5  1.551884E+03 -3.106535E+00  1.549603E+03 -8.410078E+01
  5.983986E+00  1.000000E+01     6  2.335687E+03 -8.700388E+00  2.308810E+03 -3.533136E+02
  5.983986E+00  2.000000E+01     1  5.980292E+02  1.422720E+02 -4.729961E+02  3.659421E+02
  5.983986E+00  2.000000E+01     2  1.538282E+02  6.718720E+01  5.964250E+01  1.417952E+02
  5.983986E+00  2.000000E+01     3  1.038138E+02  1.370689E+02 -7.600974E+01  7.070947E+01
  5.983986E+00  2.000000E+01     4  2.359591E+03  7.444730E+01  6.326644E+02  2.273193E+03
  5.983986E+00  2.000000E+01     5  1.260737E+03 -2.541151E+01  1.138760E+03 -5.410031E+02
  5.983986E+00  2.000000E+01     6  3.585093E+03 -8.700279E+00  3.543840E+03 -5.423015E+02
  5.983986E+00  3.000000E+01     1  5.097757E+02  1.333195E+02 -3.497399E+02  3.708817E+02
  5.983986E+00  3.000000E+01     2  2.229503E+02  8.463455E+01  2.084762E+01  2.219735E+02
  5.983986E+00  3.000000E+01     3  8.929099E+01  1.058902E+02 -2.444741E+01  8.587901E+01
  5.983986E+00  3.000000E+01     4  2.794504E+03  7.604202E+01  6.740629E+02  2.711990E+03
  5.983986E+00  3.000000E+01     5  1.356618E+03 -6.509756E+01  5.712371E+02 -1.230488E+03
  5.983986E+00  3.000000E+01     6  3.159279E+03 -8.700163E+00  3.122927E+03 -4.778840E+02
  5.983986E+00  4.000000E+01     1  4.056964E+02  1.206147E+02 -2.066062E+02  3.491468E+02
  5.983986E+00  4.000000E+01     2  3.053284E+02  1.039175E+02 -7.343887E+01  2.963650E+02
  5.983986E+00  4.000000E+01     3  9.633138E+01  8.431310E+01  9.545710E+00  9.585725E+01
  5.983986E+00  4.000000E+01     4  2.610025E+03  7.992484E+01  4.565977E+02  2.569776E+03
  5.983986E+00  4.000000E+01     5  1.990454E+03 -9.024096E+01 -8.370932E+00 -1.990436E+03
  5.983986E+00  4.000000E+01     6  1.249393E+03 -8.700253E+00  1.235017E+03 -1.889897E+02
  5.983986E+00  5.000000E+01     1  3.053280E+02  1.039173E+02 -7.343761E+01  2.963648E+02
  5.983986E+00  5.000000E+01     2  4.056970E+02  1.206149E+02 -2.066071E+02  3.491469E+02
  5.983986E+00  5.000000E+01     3  9.633131E+01  8.431313E+01  9.545635E+00  9.585720E+01
  5.983986E+00  5.000000E+01     4  1.990444E+03  8.975908E+01  8.369377E+00  1.990427E+03
  5.983986E+00  5.000000E+01     5  2.610037E+03 -1.000752E+02 -4.566024E+02 -2.569788E+03
  5.983986E+00  5.000000E+01     6  1.249414E+03  1.713002E+02 -1.235038E+03  1.889827E+02
  5.983986E+00  6.000000E+01     1  2.229501E+02  8.463431E+01  2.084854E+01  2.219732E+02
  5.983986E+00  6.000000E+01     2  5.097766E+02  1.333195E+02 -3.497406E+02  3.708823E+02
  5.983986E+00  6.000000E+01     3  8.929089E+01  1.058903E+02 -2.444757E+01  8.587886E+01
  5.983986E+00  6.000000E+01     4  1.356613E+03  1.149027E+02 -5.712413E+02  1.230480E+03
  5.983986E+00  6.000000E+01     5  2.794512E+03 -1.039581E+02 -6.740687E+02 -2.711997E+03
  5.983986E+00  6.000000E+01     6  3.159308E+03  1.713000E+02 -3.122957E+03  4.778773E+02
  5.983986E+00  7.000000E+01     1  1.538282E+02  6.718690E+01  5.964326E+01  1.417949E+02
  5.983986E+00  7.000000E+01     2  5.980297E+02  1.422720E+02 -4.729966E+02  3.659423E+02
  5.983986E+00  7.000000E+01     3  1.038137E+02  1.370692E+02 -7.601000E+01  7.070895E+01
  5.983986E+00  7.000000E+01     4  1.260730E+03  1.545886E+02 -1.138754E+03  5.409979E+02
  5.983986E+00  7.000000E+01     5  2.359594E+03 -1.055528E+02 -6.326708E+02 -2.273194E+03
  5.983986E+00  7.000000E+01     6  3.585110E+03  1.712999E+02 -3.543858E+03  5.422963E+02
  5.983986E+00  8.000000E+01     1  8.142014E+01  5.587373E+01  4.567821E+01  6.739986E+01
  5.983986E+00  8.000000E+01     2  6.560942E+02  1.476904E+02 -5.545128E+02  3.506783E+02
  5.983986E+00  8.000000E+01     3  1.338133E+02  1.545576E+02 -1.208358E+02  5.748663E+01
  5.983986E+00  8.000000E+01     4  1.551878E+03  1.768934E+02 -1.549597E+03  8.410318E+01
  5.983986E+00  8.000000E+01     5  1.349745E+03 -1.061851E+02 -3.762297E+02 -1.296250E+03
  5.983986E+00  8.000000E+01     6  2.335697E+03  1.712997E+02 -2.308821E+03  3.533119E+02
  5.983986E+00  9.000000E+01     1  2.092368E-05 -1.279151E+02 -1.285745E-05 -1.650716E-05
  5.983986E+00  9.000000E+01     2  6.762449E+02  1.495188E+02 -5.827850E+02  3.430288E+02
  5.983986E+00  9.000000E+01     3  1.479557E+02  1.593015E+02 -1.384056E+02  5.229507E+01
  5.983986E+00  9.000000E+01     4  1.700719E+03 -1.775422E+02 -1.699154E+03 -7.293299E+01
  5.983986E+00  9.000000E+01     5  3.531240E-04  7.364761E+01  9.942001E-05  3.388395E-04
  5.983986E+00  9.000000E+01     6  6.348722E-04 -8.700364E+00  6.275667E-04 -9.603528E-05
  5.711987E+00  0.000000E+00     1  6.172078E+02  1.618322E+02 -5.864384E+02  1.924459E+02
  5.711987E+00  0.000000E+00     2  0.000000E+00  9.000000E+01  0.000000E+00  0.000000E+00
  5.711987E+00  0.000000E+00     3  1.521370E+02  1.746679E+02 -1.514787E+02  1.413795E+01
  5.711987E+00  0.000000E+00     4  0.000000E+00  9.000000E+01  0.000000E+00  0.000000E+00
  5.711987E+00  0.000000E+00     5  1.748842E+03  5.322134E+00  1.741302E+03  1.622143E+02
  5.711987E+00  0.000000E+00     6  0.000000E+00  9.000000E+01  0.000000E+00  0.000000E+00
  5.711987E+00  1.000000E+01     1  5.986343E+02  1.598844E+02 -5.621182E+02  2.058792E+02
  5.711987E+00  1.000000E+01     2  5.494066E+01  3.846294E+01  4.301912E+01  3.417355E+01
  5.711987E+00  1.000000E+01     3  1.322568E+02  1.717020E+02 -1.308721E+02  1.908754E+01
  5.711987E+00  1.000000E+01     4  1.266770E+03  7.709441E+01  2.829271E+02  1.234771E+03
  5.711987E+00  1.000000E+01     5  1.601889E+03  1.787523E+00  1.601109E+03  4.996786E+01
  5.711987E+00  1.000000E+01     6  2.919502E+03 -1.449466E+01  2.826578E+03 -7.307215E+02
  5.711987E+00  2.000000E+01     1  5.435220E+02  1.542995E+02 -4.897532E+02  2.357075E+02
  5.711987E+00  2.000000E+01     2  9.700642E+01  5.740819E+01  5.225254E+01  8.173076E+01
  5.711987E+00  2.000000E+01     3  8.427867E+01  1.578782E+02 -7.807452E+01  3.173742E+01
  5.711987E+00  2.000000E+01     4  2.188837E+03  7.762426E+01  4.691154E+02  2.137975E+03
  5.711987E+00  2.000000E+01     5  1.254334E+03 -1.398412E+01  1.217159E+03 -3.031136E+02
  5.711987E+00  2.000000E+01     6  4.485039E+03 -1.449079E+01  4.342360E+03 -1.122266E+03
  5.711987E+00  3.000000E+01     1  4.547314E+02  1.454942E+02 -3.747301E+02  2.576004E+02
  5.711987E+00  3.000000E+01     2  1.442794E+02  8.758320E+01  6.084073E+00  1.441511E+02
  5.711987E+00  3.000000E+01     3  4.933154E+01  1.101017E+02 -1.695460E+01  4.632648E+01
  5.711987E+00  3.000000E+01     4  2.532490E+03  7.913797E+01  4.772344E+02  2.487117E+03
  5.711987E+00  3.000000E+01     5  1.132518E+03 -5.250237E+01  6.893959E+02 -8.985151E+02
  5.711987E+00  3.000000E+01     6  3.956158E+03 -1.448646E+01  3.830379E+03 -9.896379E+02
  5.711987E+00  4.000000E+01     1  3.421631E+02  1.331101E+02 -2.338350E+02  2.497934E+02
  5.711987E+00  4.000000E+01     2  2.285718E+02  1.148828E+02 -9.617458E+01  2.073536E+02
  5.711987E+00  4.000000E+01     3  6.072329E+01  6.717006E+01  2.356047E+01  5.596626E+01
  5.711987E+00  4.000000E+01     4  2.272392E+03  8.332577E+01  2.641068E+02  2.256992E+03
  5.711987E+00  4.000000E+01     5  1.637884E+03 -8.465168E+01  1.526678E+02 -1.630754E+03
  5.711987E+00  4.000000E+01     6  1.565513E+03 -1.448375E+01  1.515759E+03 -3.915433E+02
  5.711987E+00  5.000000E+01     1  2.285714E+02  1.148825E+02 -9.617329E+01  2.073538E+02
  5.711987E+00  5.000000E+01     2  3.421638E+02  1.331102E+02 -2.338362E+02  2.497934E+02
  5.711987E+00  5.000000E+01     3  6.072315E+01  6.717025E+01  2.356024E+01  5.596621E+01
  5.711987E+00  5.000000E+01     4  1.637872E+03  9.534846E+01 -1.526706E+02  1.630741E+03
  5.711987E+00  5.000000E+01     5  2.272405E+03 -9.667430E+01 -2.641107E+02 -2.257004E+03
  5.711987E+00  5.000000E+01     6  1.565534E+03  1.655168E+02 -1.515783E+03  3.915345E+02
  5.711987E+00  6.000000E+01     1  1.442793E+02  8.758276E+01  6.085153E+00  1.441510E+02
  5.711987E+00  6.000000E+01     2  4.547321E+02  1.454943E+02 -3.747310E+02  2.576005E+02
  5.711987E+00  6.000000E+01     3  4.933183E+01  1.101024E+02 -1.695531E+01  4.632653E+01
  5.711987E+00  6.000000E+01     4  1.132511E+03  1.274978E+02 -6.893942E+02  8.985084E+02
  5.711987E+00  6.000000E+01     5  2.532496E+03 -1.008622E+02 -4.772404E+02 -2.487122E+03
  5.711987E+00  6.000000E+01     6  3.956174E+03  1.655137E+02 -3.830397E+03  9.896301E+02
  5.711987E+00  7.000000E+01     1  9.700663E+01  5.740781E+01  5.225320E+01  8.173059E+01
  5.711987E+00  7.000000E+01     2  5.435220E+02  1.542995E+02 -4.897532E+02  2.357076E+02
  5.711987E+00  7.000000E+01     3  8.427979E+01  1.578784E+02 -7.807569E+01  3.173752E+01
  5.711987E+00  7.000000E+01     4  1.254328E+03  1.660158E+02 -1.217153E+03  3.031136E+02
  5.711987E+00  7.000000E+01     5  2.188844E+03 -1.023758E+02 -4.691204E+02 -2.137981E+03
  5.711987E+00  7.000000E+01     6  4.485045E+03  1.655093E+02 -4.342368E+03  1.122263E+03
  5.711987E+00  8.000000E+01     1  5.494102E+01  3.846289E+01  4.301944E+01  3.417373E+01
  5.711987E+00  8.000000E+01     2  5.986343E+02  1.598844E+02 -5.621180E+02  2.058794E+02
  5.711987E+00  8.000000E+01     3  1.322576E+02  1.717020E+02 -1.308729E+02  1.908767E+01
  5.711987E+00  8.000000E+01     4  1.601878E+03 -1.782127E+02 -1.601099E+03 -4.996124E+01
  5.711987E+00  8.000000E+01     5  1.266770E+03 -1.029057E+02 -2.829294E+02 -1.234770E+03
  5.711987E+00  8.000000E+01     6  2.919517E+03  1.655055E+02 -2.826593E+03  7.307197E+02
  5.711987E+00  9.000000E+01     1  1.460191E-05 -1.473212E+02 -1.229057E-05 -7.883997E-06
  5.711987E+00  9.000000E+01     2  6.172074E+02  1.618322E+02 -5.864379E+02  1.924463E+02
  5.711987E+00  9.000000E+01     3  1.521383E+02  1.746679E+02 -1.514799E+02  1.413808E+01
  5.711987E+00  9.000000E+01     4  1.748829E+03 -1.746781E+02 -1.741291E+03 -1.622059E+02
  5.711987E+00  9.000000E+01     5  3.325734E-04  7.696619E+01  7.500395E-05  3.240053E-04
  5.711987E+00  9.000000E+01     6  7.932911E-04 -1.449611E+01  7.680363E-04 -1.985721E-04
  5.463640E+00  0.000000E+00     1  5.525602E+02  1.761429E+02 -5.513087E+02  3.716971E+01
  5.463640E+00  0.000000E+00     2  0.000000E+00  9.000000E+01  0.000000E+00  0.000000E+00
  5.463640E+00  0.000000E+00     3  1.515110E+02 -1.734253E+02 -1.505146E+02 -1.734780E+01
  5.463640E+00  0.000000E+00     4  0.000000E+00  9.000000E+01  0.000000E+00  0.000000E+00
  5.463640E+00  0.000000E+00     5  1.676065E+03  7.801499E+00  1.660552E+03  2.275116E+02
  5.463640E+00  0.000000E+00     6  0.000000E+00  9.000000E+01  0.000000E+00  0.000000E+00
  5.463640E+00  1.000000E+01     1  5.365267E+02  1.736835E+02 -5.332696E+02  5.902925E+01
  5.463640E+00  1.000000E+01     2  4.341354E+01  7.667237E+00  4.302541E+01  5.792212E+00
  5.463640E+00  1.000000E+01     3  1.289925E+02 -1.743997E+02 -1.283768E+02 -1.258800E+01
  5.463640E+00  1.000000E+01     4  1.185213E+03  8.274853E+01  1.496028E+02  1.175733E+03
  5.463640E+00  1.000000E+01     5  1.554508E+03  6.403133E+00  1.544810E+03  1.733638E+02
  5.463640E+00  1.000000E+01     6  3.341712E+03 -2.116578E+01  3.116279E+03 -1.206585E+03
  5.463640E+00  2.000000E+01     1  4.886276E+02  1.669799E+02 -4.760655E+02  1.100841E+02
  5.463640E+00  2.000000E+01     2  5.938314E+01  3.215627E+01  5.027375E+01  3.160550E+01
  5.463640E+00  2.000000E+01     3  7.126679E+01 -1.797210E+02 -7.126595E+01 -3.470253E-01
  5.463640E+00  2.000000E+01     4  2.017578E+03  8.336306E+01  2.331868E+02  2.004057E+03
  5.463640E+00  2.000000E+01     5  1.229833E+03 -2.147996E+00  1.228969E+03 -4.609514E+01
  5.463640E+00  2.000000E+01     6  5.139665E+03 -2.114730E+01  4.793539E+03 -1.854221E+03
  5.463640E+00  3.000000E+01     1  4.078548E+02  1.574454E+02 -3.766599E+02  1.564381E+02
  5.463640E+00  3.000000E+01     2  8.109661E+01  9.025989E+01 -3.678440E-01  8.109578E+01
  5.463640E+00  3.000000E+01     3  1.460471E+01  1.078418E+02 -4.474741E+00  1.390231E+01
  5.463640E+00  3.000000E+01     4  2.261464E+03  8.511815E+01  1.924537E+02  2.253260E+03
  5.463640E+00  3.000000E+01     5  9.532775E+02 -3.330057E+01  7.967512E+02 -5.233790E+02
  5.463640E+00  3.000000E+01     6  4.539559E+03 -2.112638E+01  4.234444E+03 -1.636176E+03
  5.463640E+00  4.000000E+01     1  2.964140E+02  1.455869E+02 -2.445368E+02  1.675202E+02
  5.463640E+00  4.000000E+01     2  1.732290E+02  1.282124E+02 -1.071557E+02  1.361101E+02
  5.463640E+00  4.000000E+01     3  4.649625E+01  3.020549E+01  4.018330E+01  2.339239E+01
  5.463640E+00  4.000000E+01     4  1.915655E+03  9.021013E+01 -7.025352E+00  1.915642E+03
  5.463640E+00  4.000000E+01     5  1.276551E+03 -7.377804E+01  3.566162E+02 -1.225727E+03
  5.463640E+00  4.000000E+01     6  1.797902E+03 -2.111295E+01  1.677213E+03 -6.476179E+02
  5.463640E+00  5.000000E+01     1  1.732290E+02  1.282121E+02 -1.071551E+02  1.361105E+02
  5.463640E+00  5.000000E+01     2  2.964139E+02  1.455870E+02 -2.445372E+02  1.675195E+02
  5.463640E+00  5.000000E+01     3  4.649610E+01  3.020561E+01  4.018312E+01  2.339240E+01
  5.463640E+00  5.000000E+01     4  1.276535E+03  1.062224E+02 -3.566204E+02  1.225709E+03
  5.463640E+00  5.000000E+01     5  1.915668E+03 -8.979002E+01  7.020659E+00 -1.915655E+03
  5.463640E+00  5.000000E+01     6  1.797917E+03  1.588876E+02 -1.677233E+03  6.476065E+02
  5.463640E+00  6.000000E+01     1  8.109639E+01  9.025945E+01 -3.672207E-01  8.109556E+01
  5.463640E+00  6.000000E+01     2  4.078550E+02  1.574456E+02 -3.766604E+02  1.564373E+02
  5.463640E+00  6.000000E+01     3  1.460487E+01  1.078444E+02 -4.475413E+00  1.390227E+01
  5.463640E+00  6.000000E+01     4  9.532748E+02  1.467001E+02 -7.967546E+02  5.233688E+02
  5.463640E+00  6.000000E+01     5  2.261473E+03 -9.488190E+01 -1.924563E+02 -2.253269E+03
  5.463640E+00  6.000000E+01     6  4.539576E+03  1.588738E+02 -4.234465E+03  1.636170E+03
  5.463640E+00  7.000000E+01     1  5.938335E+01  3.215571E+01  5.027423E+01  3.160512E+01
  5.463640E+00  7.000000E+01     2  4.886277E+02  1.669800E+02 -4.760659E+02  1.100831E+02
  5.463640E+00  7.000000E+01     3  7.126741E+01 -1.797209E+02 -7.126656E+01 -3.470962E-01
  5.463640E+00  7.000000E+01     4  1.229842E+03  1.778521E+02 -1.228978E+03  4.609402E+01
  5.463640E+00  7.000000E+01     5  2.017573E+03 -9.663702E+01 -2.331887E+02 -2.004052E+03
  5.463640E+00  7.000000E+01     6  5.139680E+03  1.588528E+02 -4.793556E+03  1.854219E+03
  5.463640E+00  8.000000E+01     1  4.341378E+01  7.666908E+00  4.302568E+01  5.791998E+00
  5.463640E+00  8.000000E+01     2  5.365269E+02  1.736835E+02 -5.332698E+02  5.902856E+01
  5.463640E+00  8.000000E+01     3  1.289930E+02 -1.743997E+02 -1.283773E+02 -1.258807E+01
  5.463640E+00  8.000000E+01     4  1.554509E+03 -1.735972E+02 -1.544813E+03 -1.733545E+02
  5.463640E+00  8.000000E+01     5  1.185211E+03 -9.725153E+01 -1.496038E+02 -1.175732E+03
  5.463640E+00  8.000000E+01     6  3.341724E+03  1.588343E+02 -3.116292E+03  1.206584E+03
  5.463640E+00  9.000000E+01     1  1.239487E-05 -1.778875E+02 -1.238645E-05 -4.568988E-07
  5.463640E+00  9.000000E+01     2  5.525610E+02  1.761430E+02 -5.513094E+02  3.716896E+01
  5.463640E+00  9.000000E+01     3  1.515116E+02 -1.734253E+02 -1.505151E+02 -1.734791E+01
  5.463640E+00  9.000000E+01     4  1.676066E+03 -1.721989E+02 -1.660555E+03 -2.274987E+02
  5.463640E+00  9.000000E+01     5  3.124882E-04  8.259673E+01  4.026478E-05  3.098832E-04
  5.463640E+00  9.000000E+01     6  9.075899E-04 -2.117304E+01  8.463220E-04 -3.278086E-04
  5.235988E+00  0.000000E+00     1  4.953894E+02 -1.668136E+02 -4.823274E+02 -1.130086E+02
  5.235988E+00  0.000000E+00     2  0.000000E+00  9.000000E+01  0.000000E+00  0.000000E+00
  5.235988E+00  0.000000E+00     3  1.434124E+02 -1.625801E+02 -1.368350E+02 -4.293375E+01
  5.235988E+00  0.000000E+00     4  0.000000E+00  9.000000E+01  0.000000E+00  0.000000E+00
  5.235988E+00  0.000000E+00     5  1.498607E+03  9.856725E+00  1.476486E+03  2.565391E+02
  5.235988E+00  0.000000E+00     6  0.000000E+00  9.000000E+01  0.000000E+00  0.000000E+00
  5.235988E+00  1.000000E+01     1  4.787620E+02 -1.703062E+02 -4.719262E+02 -8.061488E+01
  5.235988E+00  1.000000E+01     2  4.898205E+01 -2.174394E+01  4.549692E+01 -1.814585E+01
  5.235988E+00  1.000000E+01     3  1.209481E+02 -1.618349E+02 -1.149203E+02 -3.770632E+01
  5.235988E+00  1.000000E+01     4  1.108367E+03  8.939101E+01  1.178036E+01  1.108304E+03
  5.235988E+00  1.000000E+01     5  1.423729E+03  1.100226E+01  1.397561E+03  2.717155E+02
  5.235988E+00  1.000000E+01     6  3.466082E+03 -2.654379E+01  3.100733E+03 -1.548928E+03
  5.235988E+00  2.000000E+01     1  4.335260E+02 -1.795934E+02 -4.335151E+02 -3.076390E+00
  5.235988E+00  2.000000E+01     2  5.477364E+01 -9.427202E+00  5.403389E+01 -8.971612E+00
  5.235988E+00  2.000000E+01     3  6.256036E+01 -1.573260E+02 -5.772526E+01 -2.411624E+01
  5.235988E+00  2.000000E+01     4  1.860023E+03  9.053336E+01 -1.731411E+01  1.859943E+03
  5.235988E+00  2.000000E+01     5  1.201317E+03  1.012448E+01  1.182610E+03  2.111762E+02
  5.235988E+00  2.000000E+01     6  5.339839E+03 -2.648100E+01  4.779595E+03 -2.381039E+03
  5.235988E+00  3.000000E+01     1  3.620598E+02  1.683109E+02 -3.545512E+02  7.335348E+01
  5.235988E+00  3.000000E+01     2  3.330055E+01  8.477643E+01  3.031757E+00  3.316225E+01
  5.235988E+00  3.000000E+01     3  1.306789E+01 -3.799219E+01  1.029874E+01 -8.043995E+00
  5.235988E+00  3.000000E+01     4  2.012668E+03  9.340723E+01 -1.196177E+02  2.009110E+03
  5.235988E+00  3.000000E+01     5  8.961016E+02 -8.158457E+00  8.870325E+02 -1.271669E+02
  5.235988E+00  3.000000E+01     6  4.725126E+03 -2.641009E+01  4.231981E+03 -2.101703E+03
  5.235988E+00  4.000000E+01     1  2.589521E+02  1.557880E+02 -2.361732E+02  1.061997E+02
  5.235988E+00  4.000000E+01     2  1.338390E+02  1.408448E+02 -1.037839E+02  8.450904E+01
  5.235988E+00  4.000000E+01     3  5.648857E+01  2.843546E+00  5.641902E+01  2.802334E+00
  5.235988E+00  4.000000E+01     4  1.588068E+03  1.012408E+02 -3.095666E+02  1.557604E+03
  5.235988E+00  4.000000E+01     5  9.830455E+02 -5.404692E+01  5.771682E+02 -7.957734E+02
  5.235988E+00  4.000000E+01     6  1.873635E+03 -2.636362E+01  1.678765E+03 -8.320181E+02
  5.235988E+00  5.000000E+01     1  1.338396E+02  1.408449E+02 -1.037846E+02  8.450922E+01
  5.235988E+00  5.000000E+01     2  2.589517E+02  1.557880E+02 -2.361728E+02  1.061997E+02
  5.235988E+00  5.000000E+01     3  5.648841E+01  2.843550E+00  5.641886E+01  2.802330E+00
  5.235988E+00  5.000000E+01     4  9.830260E+02  1.259535E+02 -5.771631E+02  7.957530E+02
  5.235988E+00  5.000000E+01     5  1.588089E+03 -7.875925E+01  3.095692E+02 -1.557624E+03
  5.235988E+00  5.000000E+01     6  1.873621E+03  1.536355E+02 -1.678740E+03  8.320388E+02
  5.235988E+00  6.000000E+01     1  3.330072E+01  8.477825E+01  3.030720E+00  3.316252E+01
  5.235988E+00  6.000000E+01     2  3.620599E+02  1.683109E+02 -3.545513E+02  7.335374E+01
  5.235988E+00  6.000000E+01     3  1.306736E+01 -3.799460E+01  1.029798E+01 -8.044099E+00
  5.235988E+00  6.000000E+01     4  8.960940E+02  1.718421E+02 -8.870262E+02  1.271572E+02
  5.235988E+00  6.000000E+01     5  2.012681E+03 -8.659270E+01  1.196210E+02 -2.009123E+03
  5.235988E+00  6.000000E+01     6  4.725114E+03  1.535897E+02 -4.231960E+03  2.101716E+03
  5.235988E+00  7.000000E+01     1  5.477274E+01 -9.427322E+00  5.403299E+01 -8.971579E+00
  5.235988E+00  7.000000E+01     2  4.335258E+02 -1.795935E+02 -4.335149E+02 -3.075826E+00
  5.235988E+00  7.000000E+01     3  6.256107E+01 -1.573261E+02 -5.772598E+01 -2.411638E+01
  5.235988E+00  7.000000E+01     4  1.201303E+03 -1.698756E+02 -1.182597E+03 -2.111728E+02
  5.235988E+00  7.000000E+01     5  1.860031E+03 -8.946658E+01  1.731650E+01 -1.859951E+03
  5.235988E+00  7.000000E+01     6  5.339825E+03  1.535188E+02 -4.779573E+03  2.381052E+03
  5.235988E+00  8.000000E+01     1  4.898151E+01 -2.174425E+01  4.549632E+01 -1.814590E+01
  5.235988E+00  8.000000E+01     2  4.787614E+02 -1.703063E+02 -4.719257E+02 -8.061412E+01
  5.235988E+00  8.000000E+01     3  1.209487E+02 -1.618349E+02 -1.149209E+02 -3.770649E+01
  5.235988E+00  8.000000E+01     4  1.423711E+03 -1.689982E+02 -1.397545E+03 -2.716995E+02
  5.235988E+00  8.000000E+01     5  1.108365E+03 -9.060891E+01 -1.177891E+01 -1.108302E+03
  5.235988E+00  8.000000E+01     6  3.466075E+03  1.534561E+02 -3.100724E+03  1.548930E+03
  5.235988E+00  9.000000E+01     1  1.432439E-05  1.557100E+02 -1.305633E-05  5.892411E-06
  5.235988E+00  9.000000E+01     2  4.953892E+02 -1.668136E+02 -4.823274E+02 -1.130078E+02
  5.235988E+00  9.000000E+01     3  1.434126E+02 -1.625800E+02 -1.368351E+02 -4.293388E+01
  5.235988E+00  9.000000E+01     4  1.498586E+03 -1.701440E+02 -1.476468E+03 -2.565181E+02
  5.235988E+00  9.000000E+01     5  2.932728E-04  8.907737E+01  4.722376E-06  2.932348E-04
  5.235988E+00  9.000000E+01     6  9.407349E-04 -2.656876E+01  8.413917E-04 -4.207639E-04
  5.026549E+00  0.000000E+00     1  4.610348E+02 -1.470894E+02 -3.870478E+02 -2.504937E+02
  5.026549E+00  0.000000E+00     2  0.000000E+00  9.000000E+01  0.000000E+00  0.000000E+00
  5.026549E+00  0.000000E+00     3  1.297877E+02 -1.510964E+02 -1.136206E+02 -6.273125E+01
  5.026549E+00  0.000000E+00     4  0.000000E+00  9.000000E+01  0.000000E+00  0.000000E+00
  5.026549E+00  0.000000E+00     5  1.255798E+03  1.224004E+01  1.227251E+03  2.662390E+02
  5.026549E+00  0.000000E+00     6  0.000000E+00  9.000000E+01  0.000000E+00  0.000000E+00
  5.026549E+00  1.000000E+01     1  4.365502E+02 -1.516496E+02 -3.841904E+02 -2.073012E+02
  5.026549E+00  1.000000E+01     2  5.970773E+01 -3.724832E+01  4.752853E+01 -3.613933E+01
  5.026549E+00  1.000000E+01     3  1.091692E+02 -1.489824E+02 -9.355900E+01 -5.625498E+01
  5.026549E+00  1.000000E+01     4  1.015972E+03  9.590117E+01 -1.044550E+02  1.010588E+03
  5.026549E+00  1.000000E+01     5  1.244254E+03  1.661362E+01  1.192312E+03  3.557522E+02
  5.026549E+00  1.000000E+01     6  3.321416E+03 -2.864528E+01  2.914889E+03 -1.592239E+03
  5.026549E+00  2.000000E+01     1  3.788956E+02 -1.643434E+02 -3.648372E+02 -1.022531E+02
  5.026549E+00  2.000000E+01     2  7.087826E+01 -3.278925E+01  5.958510E+01 -3.838415E+01
  5.026549E+00  2.000000E+01     3  5.603347E+01 -1.357091E+02 -4.010893E+01 -3.912830E+01
  5.026549E+00  2.000000E+01     4  1.695234E+03  9.812277E+01 -2.395275E+02  1.678227E+03
  5.026549E+00  2.000000E+01     5  1.191673E+03  2.298563E+01  1.097058E+03  4.653488E+02
  5.026549E+00  2.000000E+01     6  5.130678E+03 -2.847155E+01  4.510143E+03 -2.445908E+03
  5.026549E+00  3.000000E+01     1  3.081373E+02  1.788788E+02 -3.080783E+02  6.029744E+00
  5.026549E+00  3.000000E+01     2  1.364162E+01  1.359529E+00  1.363778E+01  3.236614E-01
  5.026549E+00  3.000000E+01     3  3.128776E+01 -3.597175E+01  2.532140E+01 -1.837800E+01
  5.026549E+00  3.000000E+01     4  1.788503E+03  1.033550E+02 -4.131151E+02  1.740138E+03
  5.026549E+00  3.000000E+01     5  9.988433E+02  1.596722E+01  9.603071E+02  2.747691E+02
  5.026549E+00  3.000000E+01     6  4.553520E+03 -2.827523E+01  4.010204E+03 -2.157037E+03
  5.026549E+00  4.000000E+01     1  2.166088E+02  1.633234E+02 -2.074982E+02  6.216004E+01
  5.026549E+00  4.000000E+01     2  9.979661E+01  1.498406E+02 -8.628724E+01  5.013857E+01
  5.026549E+00  4.000000E+01     3  7.083295E+01 -3.317832E+00  7.071423E+01 -4.099438E+00
  5.026549E+00  4.000000E+01     4  1.333761E+03  1.170675E+02 -6.069136E+02  1.187676E+03
  5.026549E+00  4.000000E+01     5  8.713205E+02 -2.423188E+01  7.945501E+02 -3.576165E+02
  5.026549E+00  4.000000E+01     6  1.809001E+03 -2.814775E+01  1.595058E+03 -8.533909E+02
  5.026549E+00  5.000000E+01     1  9.979184E+01  1.498385E+02 -8.628129E+01  5.013931E+01
  5.026549E+00  5.000000E+01     2  2.166138E+02  1.633240E+02 -2.075036E+02  6.215944E+01
  5.026549E+00  5.000000E+01     3  7.083297E+01 -3.317868E+00  7.071424E+01 -4.099484E+00
  5.026549E+00  5.000000E+01     4  8.713367E+02  1.557686E+02 -7.945679E+02  3.576165E+02
  5.026549E+00  5.000000E+01     5  1.333747E+03 -6.293321E+01  6.068934E+02 -1.187670E+03
  5.026549E+00  5.000000E+01     6  1.808999E+03  1.518519E+02 -1.595050E+03  8.534000E+02
  5.026549E+00  6.000000E+01     1  1.364759E+01  1.364038E+00  1.364372E+01  3.248769E-01
  5.026549E+00  6.000000E+01     2  3.081392E+02  1.788789E+02 -3.080802E+02  6.028875E+00
  5.026549E+00  6.000000E+01     3  3.128736E+01 -3.597248E+01  2.532084E+01 -1.837809E+01
  5.026549E+00  6.000000E+01     4  9.988523E+02 -1.640327E+02 -9.603155E+02 -2.747726E+02
  5.026549E+00  6.000000E+01     5  1.788484E+03 -7.664555E+01  4.130941E+02 -1.740123E+03
  5.026549E+00  6.000000E+01     6  4.553519E+03  1.517247E+02 -4.010198E+03  2.157044E+03
  5.026549E+00  7.000000E+01     1  7.088105E+01 -3.278656E+01  5.958924E+01 -3.838287E+01
  5.026549E+00  7.000000E+01     2  3.788946E+02 -1.643431E+02 -3.648357E+02 -1.022548E+02
  5.026549E+00  7.000000E+01     3  5.603387E+01 -1.357092E+02 -4.010934E+01 -3.912844E+01
  5.026549E+00  7.000000E+01     4  1.191674E+03 -1.570141E+02 -1.097056E+03 -4.653534E+02
  5.026549E+00  7.000000E+01     5  1.695217E+03 -8.187766E+01  2.395126E+02 -1.678211E+03
  5.026549E+00  7.000000E+01     6  5.130669E+03  1.515284E+02 -4.510135E+03  2.445905E+03
  5.026549E+00  8.000000E+01     1  5.970868E+01 -3.724668E+01  4.753032E+01 -3.613855E+01
  5.026549E+00  8.000000E+01     2  4.365466E+02 -1.516490E+02 -3.841850E+02 -2.073037E+02
  5.026549E+00  8.000000E+01     3  1.091698E+02 -1.489824E+02 -9.355943E+01 -5.625540E+01
  5.026549E+00  8.000000E+01     4  1.244243E+03 -1.633857E+02 -1.192297E+03 -3.557637E+02
  5.026549E+00  8.000000E+01     5  1.015963E+03 -8.409921E+01  1.044474E+02 -1.010580E+03
  5.026549E+00  8.000000E+01     6  3.321412E+03  1.513547E+02 -2.914886E+03  1.592236E+03
  5.026549E+00  9.000000E+01     1  1.722448E-05  1.415106E+02 -1.348201E-05  1.071999E-05
  5.026549E+00  9.000000E+01     2  4.610306E+02 -1.470886E+02 -3.870408E+02 -2.504969E+02
  5.026549E+00  9.000000E+01     3  1.297879E+02 -1.510963E+02 -1.136207E+02 -6.273153E+01
  5.026549E+00  9.000000E+01     4  1.255785E+03 -1.677593E+02 -1.227235E+03 -2.662496E+02
  5.026549E+00  9.000000E+01     5  2.688660E-04  9.526035E+01 -2.465005E-05  2.677336E-04
  5.026549E+00  9.000000E+01     6  9.005049E-04 -2.871420E+01  7.897672E-04 -4.326393E-04
  4.833220E+00  0.000000E+00     1  4.443384E+02 -1.280759E+02 -2.740255E+02 -3.497808E+02
  4.833220E+00  0.000000E+00     2  0.000000E+00  9.000000E+01  0.000000E+00  0.000000E+00
  4.833220E+00  0.000000E+00     3  1.134710E+02 -1.380961E+02 -8.445261E+01 -7.578541E+01
  4.833220E+00  0.000000E+00     4  0.000000E+00  9.000000E+01  0.000000E+00  0.000000E+00
  4.833220E+00  0.000000E+00     5  9.482014E+02  1.479921E+01  9.167466E+02  2.422013E+02
  4.833220E+00  0.000000E+00     6  0.000000E+00  9.000000E+01  0.000000E+00  0.000000E+00
  4.833220E+00  1.000000E+01     1  4.084430E+02 -1.331011E+02 -2.790842E+02 -2.982242E+02
  4.833220E+00  1.000000E+01     2  6.833274E+01 -4.424150E+01  4.895394E+01 -4.767467E+01
  4.833220E+00  1.000000E+01     3  9.577909E+01 -1.350232E+02 -6.775345E+01 -6.769863E+01
  4.833220E+00  1.000000E+01     4  8.701241E+02  1.028060E+02 -1.928628E+02  8.484810E+02
  4.833220E+00  1.000000E+01     5  1.003402E+03  2.336866E+01  9.210942E+02  3.979951E+02
  4.833220E+00  1.000000E+01     6  3.032046E+03 -2.689929E+01  2.703988E+03 -1.371769E+03
  4.833220E+00  2.000000E+01     1  3.281648E+02 -1.485328E+02 -2.799045E+02 -1.713055E+02
  4.833220E+00  2.000000E+01     2  8.669432E+01 -4.033123E+01  6.608844E+01 -5.610903E+01
  4.833220E+00  2.000000E+01     3  5.051137E+01 -1.151250E+02 -2.144684E+01 -4.573217E+01
  4.833220E+00  2.000000E+01     4  1.477899E+03  1.063596E+02 -4.162736E+02  1.418062E+03
  4.833220E+00  2.000000E+01     5  1.146473E+03  3.520017E+01  9.368323E+02  6.608666E+02
  4.833220E+00  2.000000E+01     6  4.707425E+03 -2.648854E+01  4.213256E+03 -2.099600E+03
  4.833220E+00  3.000000E+01     1  2.498678E+02 -1.715232E+02 -2.471381E+02 -3.683281E+01
  4.833220E+00  3.000000E+01     2  3.361969E+01 -3.078884E+01  2.888132E+01 -1.720910E+01
  4.833220E+00  3.000000E+01     3  4.236133E+01 -2.535516E+01  3.828069E+01 -1.814031E+01
  4.833220E+00  3.000000E+01     4  1.574841E+03  1.144944E+02 -6.529352E+02  1.433108E+03
  4.833220E+00  3.000000E+01     5  1.132964E+03  3.243592E+01  9.562123E+02  6.076721E+02
  4.833220E+00  3.000000E+01     6  4.201290E+03 -2.602697E+01  3.775227E+03 -1.843501E+03
  4.833220E+00  4.000000E+01     1  1.712034E+02  1.669622E+02 -1.667900E+02  3.862255E+01
  4.833220E+00  4.000000E+01     2  6.882402E+01  1.507434E+02 -6.004478E+01  3.363585E+01
  4.833220E+00  4.000000E+01     3  8.137329E+01  9.709404E-01  8.136161E+01  1.378895E+00
  4.833220E+00  4.000000E+01     4  1.188517E+03  1.352022E+02 -8.433692E+02  8.374366E+02
  4.833220E+00  4.000000E+01     5  9.414756E+02  1.325411E+00  9.412237E+02  2.177701E+01
  4.833220E+00  4.000000E+01     6  1.675012E+03 -2.572868E+01  1.508952E+03 -7.271397E+02
  4.833220E+00  5.000000E+01     1  6.882401E+01  1.507426E+02 -6.004436E+01  3.363659E+01
  4.833220E+00  5.000000E+01     2  1.712033E+02  1.669624E+02 -1.667901E+02  3.862184E+01
  4.833220E+00  5.000000E+01     3  8.137283E+01  9.709057E-01  8.136115E+01  1.378838E+00
  4.833220E+00  5.000000E+01     4  9.414763E+02 -1.786738E+02 -9.412241E+02 -2.179029E+01
  4.833220E+00  5.000000E+01     5  1.188525E+03 -4.479830E+01  8.433673E+02 -8.374502E+02
  4.833220E+00  5.000000E+01     6  1.675009E+03  1.542714E+02 -1.508949E+03  7.271369E+02
  4.833220E+00  6.000000E+01     1  3.362000E+01 -3.078731E+01  2.888205E+01 -1.720848E+01
  4.833220E+00  6.000000E+01     2  2.498671E+02 -1.715230E+02 -2.471374E+02 -3.683346E+01
  4.833220E+00  6.000000E+01     3  4.236095E+01 -2.535569E+01  3.828018E+01 -1.814050E+01
  4.833220E+00  6.000000E+01     4  1.132965E+03 -1.475638E+02 -9.562099E+02 -6.076776E+02
  4.833220E+00  6.000000E+01     5  1.574848E+03 -6.550581E+01  6.529338E+02 -1.433117E+03
  4.833220E+00  6.000000E+01     6  4.201286E+03  1.539730E+02 -3.775223E+03  1.843500E+03
  4.833220E+00  7.000000E+01     1  8.669456E+01 -4.033075E+01  6.608910E+01 -5.610863E+01
  4.833220E+00  7.000000E+01     2  3.281644E+02 -1.485327E+02 -2.799039E+02 -1.713057E+02
  4.833220E+00  7.000000E+01     3  5.051168E+01 -1.151253E+02 -2.144723E+01 -4.573233E+01
  4.833220E+00  7.000000E+01     4  1.146466E+03 -1.447999E+02 -9.368275E+02 -6.608621E+02
  4.833220E+00  7.000000E+01     5  1.477901E+03 -7.364034E+01  4.162745E+02 -1.418065E+03
  4.833220E+00  7.000000E+01     6  4.707429E+03  1.535115E+02 -4.213260E+03  2.099601E+03
  4.833220E+00  8.000000E+01     1  6.833289E+01 -4.424113E+01  4.895436E+01 -4.767446E+01
  4.833220E+00  8.000000E+01     2  4.084420E+02 -1.331009E+02 -2.790824E+02 -2.982245E+02
  4.833220E+00  8.000000E+01     3  9.577938E+01 -1.350230E+02 -6.775348E+01 -6.769901E+01
  4.833220E+00  8.000000E+01     4  1.003389E+03 -1.566317E+02 -9.210854E+02 -3.979850E+02
  4.833220E+00  8.000000E+01     5  8.701166E+02 -7.719393E+01  1.928629E+02 -8.484733E+02
  4.833220E+00  8.000000E+01     6  3.032044E+03  1.531008E+02 -2.703988E+03  1.371766E+03
  4.833220E+00  9.000000E+01     1  1.945268E-05  1.345181E+02 -1.363896E-05  1.387032E-05
  4.833220E+00  9.000000E+01     2  4.443379E+02 -1.280756E+02 -2.740237E+02 -3.497816E+02
  4.833220E+00  9.000000E+01     3  1.134711E+02 -1.380960E+02 -8.445256E+01 -7.578563E+01
  4.833220E+00  9.000000E+01     4  9.481873E+02 -1.652017E+02 -9.167366E+02 -2.421838E+02
  4.833220E+00  9.000000E+01     5  2.282779E-04  1.017543E+02 -4.650385E-05  2.234909E-04
  4.833220E+00  9.000000E+01     6  8.203795E-04 -2.706277E+01  7.305550E-04 -3.732451E-04
  4.654212E+00  0.000000E+00     1  4.342634E+02 -1.100111E+02 -1.486062E+02 -4.080452E+02
  4.654212E+00  0.000000E+00     2  0.000000E+00  9.000000E+01  0.000000E+00  0.000000E+00
  4.654212E+00  0.000000E+00     3  9.642690E+01 -1.230237E+02 -5.255126E+01 -8.084869E+01
  4.654212E+00  0.000000E+00     4  0.000000E+00  9.000000E+01  0.000000E+00  0.000000E+00
  4.654212E+00  0.000000E+00     5  6.674394E+02  1.860542E+01  6.325578E+02  2.129459E+02
  4.654212E+00  0.000000E+00     6  0.000000E+00  9.000000E+01  0.000000E+00  0.000000E+00
  4.654212E+00  1.000000E+01     1  3.887733E+02 -1.147154E+02 -1.625505E+02 -3.531600E+02
  4.654212E+00  1.000000E+01     2  7.013686E+01 -4.630064E+01  4.845575E+01 -5.070718E+01
  4.654212E+00  1.000000E+01     3  8.231925E+01 -1.196557E+02 -4.073055E+01 -7.153658E+01
  4.654212E+00  1.000000E+01     4  6.738450E+02  1.119211E+02 -2.515658E+02  6.251254E+02
  4.654212E+00  1.000000E+01     5  7.817225E+02  3.311078E+01  6.547833E+02  4.270234E+02
  4.654212E+00  1.000000E+01     6  2.689836E+03 -2.177567E+01  2.497899E+03 -9.978578E+02
  4.654212E+00  2.000000E+01     1  2.849043E+02 -1.307607E+02 -1.860145E+02 -2.157987E+02
  4.654212E+00  2.000000E+01     2  9.312283E+01 -4.027553E+01  7.104755E+01 -6.020056E+01
  4.654212E+00  2.000000E+01     3  4.532736E+01 -9.608423E+01 -4.804261E+00 -4.507204E+01
  4.654212E+00  2.000000E+01     4  1.214447E+03  1.163745E+02 -5.395009E+02  1.088035E+03
  4.654212E+00  2.000000E+01     5  1.103274E+03  4.844511E+01  7.318430E+02  8.256030E+02
  4.654212E+00  2.000000E+01     6  4.220740E+03 -2.093875E+01  3.942015E+03 -1.508365E+03
  4.654212E+00  3.000000E+01     1  1.915204E+02 -1.600301E+02 -1.800047E+02 -6.540941E+01
  4.654212E+00  3.000000E+01     2  4.934084E+01 -2.481749E+01  4.478419E+01 -2.070979E+01
  4.654212E+00  3.000000E+01     3  4.766032E+01 -1.199502E+01  4.661969E+01 -9.905085E+00
  4.654212E+00  3.000000E+01     4  1.370296E+03  1.266619E+02 -8.181932E+02  1.099213E+03
  4.654212E+00  3.000000E+01     5  1.242095E+03  4.606210E+01  8.618629E+02  8.944232E+02
  4.654212E+00  3.000000E+01     6  3.811190E+03 -2.001131E+01  3.581090E+03 -1.304211E+03
  4.654212E+00  4.000000E+01     1  1.244380E+02  1.683160E+02 -1.218596E+02  2.520044E+01
  4.654212E+00  4.000000E+01     2  4.221441E+01  1.373966E+02 -3.107220E+01  2.857576E+01
  4.654212E+00  4.000000E+01     3  8.780179E+01  1.049330E+01  8.633341E+01  1.599051E+01
  4.654212E+00  4.000000E+01     4  1.108601E+03  1.525599E+02 -9.838758E+02  5.108658E+02
  4.654212E+00  4.000000E+01     5  1.042508E+03  1.979745E+01  9.808917E+02  3.530934E+02
  4.654212E+00  4.000000E+01     6  1.530779E+03 -1.941874E+01  1.443699E+03 -5.089375E+02
  4.654212E+00  5.000000E+01     1  4.221519E+01  1.373964E+02 -3.107269E+01  2.857639E+01
  4.654212E+00  5.000000E+01     2  1.244371E+02  1.683162E+02 -1.218588E+02  2.519983E+01
  4.654212E+00  5.000000E+01     3  8.780146E+01  1.049329E+01  8.633309E+01  1.599044E+01
  4.654212E+00  5.000000E+01     4  1.042511E+03 -1.602019E+02 -9.808900E+02 -3.531061E+02
  4.654212E+00  5.000000E+01     5  1.108606E+03 -2.744054E+01  9.838760E+02 -5.108763E+02
  4.654212E+00  5.000000E+01     6  1.530779E+03  1.605811E+02 -1.443698E+03  5.089419E+02
  4.654212E+00  6.000000E+01     1  4.934053E+01 -2.481708E+01  4.478405E+01 -2.070934E+01
  4.654212E+00  6.000000E+01     2  1.915197E+02 -1.600298E+02 -1.800037E+02 -6.540990E+01
  4.654212E+00  6.000000E+01     3  4.765979E+01 -1.199531E+01  4.661912E+01 -9.905208E+00
  4.654212E+00  6.000000E+01     4  1.242097E+03 -1.339377E+02 -8.618610E+02 -8.944273E+02
  4.654212E+00  6.000000E+01     5  1.370299E+03 -5.333817E+01  8.181933E+02 -1.099218E+03
  4.654212E+00  6.000000E+01     6  3.811189E+03  1.599886E+02 -3.581087E+03  1.304215E+03
  4.654212E+00  7.000000E+01     1  9.312256E+01 -4.027542E+01  7.104746E+01 -6.020024E+01
  4.654212E+00  7.000000E+01     2  2.849040E+02 -1.307606E+02 -1.860137E+02 -2.157990E+02
  4.654212E+00  7.000000E+01     3  4.532756E+01 -9.608472E+01 -4.804670E+00 -4.507219E+01
  4.654212E+00  7.000000E+01     4  1.103268E+03 -1.315550E+02 -7.318406E+02 -8.255972E+02
  4.654212E+00  7.000000E+01     5  1.214448E+03 -6.362551E+01  5.395017E+02 -1.088036E+03
  4.654212E+00  7.000000E+01     6  4.220745E+03  1.590612E+02 -3.942019E+03  1.508367E+03
  4.654212E+00  8.000000E+01     1  7.013685E+01 -4.630047E+01  4.845589E+01 -5.070704E+01
  4.654212E+00  8.000000E+01     2  3.887728E+02 -1.147153E+02 -1.625496E+02 -3.531599E+02
  4.654212E+00  8.000000E+01     3  8.231930E+01 -1.196556E+02 -4.073044E+01 -7.153669E+01
  4.654212E+00  8.000000E+01     4  7.817145E+02 -1.468896E+02 -6.547797E+02 -4.270143E+02
  4.654212E+00  8.000000E+01     5  6.738383E+02 -6.807877E+01  2.515651E+02 -6.251184E+02
  4.654212E+00  8.000000E+01     6  2.689836E+03  1.582243E+02 -2.497898E+03  9.978589E+02
  4.654212E+00  9.000000E+01     1  1.976938E-05  1.318260E+02 -1.318361E-05  1.473163E-05
  4.654212E+00  9.000000E+01     2  4.342628E+02 -1.100110E+02 -1.486053E+02 -4.080449E+02
  4.654212E+00  9.000000E+01     3  9.642711E+01 -1.230234E+02 -5.255105E+01 -8.084908E+01
  4.654212E+00  9.000000E+01     4  6.674315E+02 -1.613953E+02 -6.325532E+02 -2.129350E+02
  4.654212E+00  9.000000E+01     5  1.721012E-04  1.105969E+02 -6.054361E-05  1.611002E-04
  4.654212E+00  9.000000E+01     6  7.246720E-04 -2.211211E+01  6.713718E-04 -2.727812E-04
  4.487990E+00  0.000000E+00     1  4.194429E+02 -9.241823E+01 -1.769775E+01 -4.190693E+02
  4.487990E+00  0.000000E+00     2  0.000000E+00  9.000000E+01  0.000000E+00  0.000000E+00
  4.487990E+00  0.000000E+00     3  7.983047E+01 -1.050281E+02 -2.069941E+01 -7.710019E+01
  4.487990E+00  0.000000E+00     4  0.000000E+00  9.000000E+01  0.000000E+00  0.000000E+00
  4.487990E+00  0.000000E+00     5  4.317162E+02  2.167121E+01  4.012018E+02  1.594241E+02
  4.487990E+00  0.000000E+00     6  0.000000E+00  9.000000E+01  0.000000E+00  0.000000E+00
  4.487990E+00  1.000000E+01     1  3.689573E+02 -9.662927E+01 -4.259417E+01 -3.664904E+02
  4.487990E+00  1.000000E+01     2  6.576629E+01 -4.596299E+01  4.571566E+01 -4.727879E+01
  4.487990E+00  1.000000E+01     3  6.953226E+01 -1.027505E+02 -1.534620E+01 -6.781761E+01
  4.487990E+00  1.000000E+01     4  4.439467E+02  1.280800E+02 -2.738091E+02  3.494528E+02
  4.487990E+00  1.000000E+01     5  5.942394E+02  4.574732E+01  4.146745E+02  4.256355E+02
  4.487990E+00  1.000000E+01     6  2.327737E+03 -1.393931E+01  2.259188E+03 -5.607378E+02
  4.487990E+00  2.000000E+01     1  2.498842E+02 -1.119999E+02 -9.360802E+01 -2.316887E+02
  4.487990E+00  2.000000E+01     2  9.131893E+01 -3.621861E+01  7.367323E+01 -5.395741E+01
  4.487990E+00  2.000000E+01     3  3.973712E+01 -7.979911E+01  7.037445E+00 -3.910899E+01
  4.487990E+00  2.000000E+01     4  9.248265E+02  1.300879E+02 -5.955527E+02  7.075458E+02
  4.487990E+00  2.000000E+01     5  1.066321E+03  6.273564E+01  4.884781E+02  9.478550E+02
  4.487990E+00  2.000000E+01     6  3.736175E+03 -1.248955E+01  3.647760E+03 -8.079910E+02
  4.487990E+00  3.000000E+01     1  1.418356E+02 -1.467634E+02 -1.186333E+02 -7.773978E+01
  4.487990E+00  3.000000E+01     2  6.025712E+01 -1.294263E+01  5.872628E+01 -1.349611E+01
  4.487990E+00  3.000000E+01     3  4.821260E+01  3.245584E+00  4.813527E+01  2.729597E+00
  4.487990E+00  3.000000E+01     4  1.170767E+03  1.392808E+02 -8.873428E+02  7.637530E+02
  4.487990E+00  3.000000E+01     5  1.309276E+03  5.950925E+01  6.643254E+02  1.128217E+03
  4.487990E+00  3.000000E+01     6  3.456636E+03 -1.093544E+01  3.393869E+03 -6.557336E+02
  4.487990E+00  4.000000E+01     1  8.596320E+01  1.654035E+02 -8.318871E+01  2.166357E+01
  4.487990E+00  4.000000E+01     2  3.332103E+01  1.000774E+02 -5.830466E+00  3.280696E+01
  4.487990E+00  4.000000E+01     3  9.125497E+01  2.282244E+01  8.411074E+01  3.539567E+01
  4.487990E+00  4.000000E+01     4  1.026032E+03  1.671453E+02 -1.000317E+03  2.282703E+02
  4.487990E+00  4.000000E+01     5  1.085808E+03  3.521682E+01  8.870784E+02  6.261552E+02
  4.487990E+00  4.000000E+01     6  1.409495E+03 -9.968741E+00  1.388215E+03 -2.439990E+02
  4.487990E+00  5.000000E+01     1  3.332112E+01  1.000768E+02 -5.830126E+00  3.280711E+01
  4.487990E+00  5.000000E+01     2  8.596352E+01  1.654038E+02 -8.318913E+01  2.166328E+01
  4.487990E+00  5.000000E+01     3  9.125464E+01  2.282249E+01  8.411040E+01  3.539561E+01
  4.487990E+00  5.000000E+01     4  1.085815E+03 -1.447829E+02 -8.870809E+02 -6.261640E+02
  4.487990E+00  5.000000E+01     5  1.026035E+03 -1.285510E+01  1.000318E+03 -2.282786E+02
  4.487990E+00  5.000000E+01     6  1.409491E+03  1.700316E+02 -1.388213E+03  2.439891E+02
  4.487990E+00  6.000000E+01     1  6.025703E+01 -1.294290E+01  5.872613E+01 -1.349636E+01
  4.487990E+00  6.000000E+01     2  1.418360E+02 -1.467634E+02 -1.186336E+02 -7.774004E+01
  4.487990E+00  6.000000E+01     3  4.821212E+01  3.245424E+00  4.813480E+01  2.729435E+00
  4.487990E+00  6.000000E+01     4  1.309281E+03 -1.204907E+02 -6.643276E+02 -1.128222E+03
  4.487990E+00  6.000000E+01     5  1.170766E+03 -4.071925E+01  8.873415E+02 -7.637529E+02
  4.487990E+00  6.000000E+01     6  3.456631E+03  1.690647E+02 -3.393865E+03  6.557249E+02
  4.487990E+00  7.000000E+01     1  9.131909E+01 -3.621892E+01  7.367307E+01 -5.395790E+01
  4.487990E+00  7.000000E+01     2  2.498846E+02 -1.120000E+02 -9.360831E+01 -2.316890E+02
  4.487990E+00  7.000000E+01     3  3.973720E+01 -7.979952E+01  7.037178E+00 -3.910912E+01
  4.487990E+00  7.000000E+01     4  1.066317E+03 -1.172646E+02 -4.884801E+02 -9.478499E+02
  4.487990E+00  7.000000E+01     5  9.248208E+02 -4.991183E+01  5.955529E+02 -7.075381E+02
  4.487990E+00  7.000000E+01     6  3.736170E+03  1.675105E+02 -3.647756E+03  8.079899E+02
  4.487990E+00  8.000000E+01     1  6.576646E+01 -4.596338E+01  4.571545E+01 -4.727922E+01
  4.487990E+00  8.000000E+01     2  3.689579E+02 -9.662934E+01 -4.259460E+01 -3.664909E+02
  4.487990E+00  8.000000E+01     3  6.953233E+01 -1.027504E+02 -1.534608E+01 -6.781772E+01
  4.487990E+00  8.000000E+01     4  5.942325E+02 -1.342537E+02 -4.146775E+02 -4.256229E+02
  4.487990E+00  8.000000E+01     5  4.439422E+02 -5.191921E+01  2.738111E+02 -3.494455E+02
  4.487990E+00  8.000000E+01     6  2.327737E+03  1.660607E+02 -2.259188E+03  5.607394E+02
  4.487990E+00  9.000000E+01     1  1.834346E-05  1.309644E+02 -1.202580E-05  1.385145E-05
  4.487990E+00  9.000000E+01     2  4.194431E+02 -9.241829E+01 -1.769818E+01 -4.190696E+02
  4.487990E+00  9.000000E+01     3  7.983065E+01 -1.050278E+02 -2.069915E+01 -7.710044E+01
  4.487990E+00  9.000000E+01     4  4.317149E+02 -1.583303E+02 -4.012046E+02 -1.594133E+02
  4.487990E+00  9.000000E+01     5  1.051751E-04  1.282166E+02 -6.506513E-05  8.263371E-05
  4.487990E+00  9.000000E+01     6  6.213200E-04 -1.453596E+01  6.014318E-04 -1.559436E-04
  4.333232E+00  0.000000E+00     1  4.002942E+02 -7.434551E+01  1.080137E+02 -3.854459E+02
  4.333232E+00  0.000000E+00     2  0.000000E+00  9.000000E+01  0.000000E+00  0.000000E+00
  4.333232E+00  0.000000E+00     3  6.528441E+01 -8.232377E+01  8.720364E+00 -6.469938E+01
  4.333232E+00  0.000000E+00     4  0.000000E+00  9.000000E+01  0.000000E+00  0.000000E+00
  4.333232E+00  0.000000E+00     5  2.369922E+02  1.949945E+01  2.233994E+02  7.910748E+01
  4.333232E+00  0.000000E+00     6  0.000000E+00  9.000000E+01  0.000000E+00  0.000000E+00
  4.333232E+00  1.000000E+01     1  3.475548E+02 -7.826152E+01  7.070829E+01 -3.402862E+02
  4.333232E+00  1.000000E+01     2  5.529933E+01 -4.573404E+01  3.859838E+01 -3.960026E+01
  4.333232E+00  1.000000E+01     3  5.777924E+01 -8.412363E+01  5.915566E+00 -5.747561E+01
  4.333232E+00  1.000000E+01     4  2.551425E+02  1.715680E+02 -2.523846E+02  3.741297E+01
  4.333232E+00  1.000000E+01     5  4.406384E+02  6.163769E+01  2.093233E+02  3.877447E+02
  4.333232E+00  1.000000E+01     6  1.944052E+03 -3.630025E+00  1.940151E+03 -1.230847E+02
  4.333232E+00  2.000000E+01     1  2.203278E+02 -9.299346E+01 -1.150597E+01 -2.200271E+02
  4.333232E+00  2.000000E+01     2  8.256503E+01 -3.022535E+01  7.134050E+01 -4.156342E+01
  4.333232E+00  2.000000E+01     3  3.270019E+01 -6.893127E+01  1.175531E+01 -3.051418E+01
  4.333232E+00  2.000000E+01     4  6.472975E+02  1.518190E+02 -5.705669E+02  3.056918E+02
  4.333232E+00  2.000000E+01     5  1.042267E+03  7.731891E+01  2.288029E+02  1.016843E+03
  4.333232E+00  2.000000E+01     6  3.268205E+03 -1.638620E+00  3.266868E+03 -9.345569E+01
  4.333232E+00  3.000000E+01     1  1.026259E+02 -1.333696E+02 -7.047333E+01 -7.460284E+01
  4.333232E+00  3.000000E+01     2  6.832444E+01 -4.873067E-01  6.832197E+01 -5.810996E-01
  4.333232E+00  3.000000E+01     3  4.431307E+01  2.055038E+01  4.149316E+01  1.555525E+01
  4.333232E+00  3.000000E+01     4  9.620132E+02  1.514407E+02 -8.449581E+02  4.599080E+02
  4.333232E+00  3.000000E+01     5  1.354429E+03  7.336987E+01  3.876271E+02  1.297776E+03
  4.333232E+00  3.000000E+01     6  3.167442E+03  3.627149E-01  3.167379E+03  2.005158E+01
  4.333232E+00  4.000000E+01     1  6.202992E+01  1.552384E+02 -5.632679E+01  2.598083E+01
  4.333232E+00  4.000000E+01     2  4.405961E+01  7.378767E+01  1.230134E+01  4.230752E+01
  4.333232E+00  4.000000E+01     3  9.242325E+01  3.626426E+01  7.452063E+01  5.466930E+01
  4.333232E+00  4.000000E+01     4  8.862463E+02  1.790355E+02 -8.861207E+02  1.491742E+01
  4.333232E+00  4.000000E+01     5  1.064065E+03  5.094688E+01  6.704040E+02  8.263125E+02
  4.333232E+00  4.000000E+01     6  1.327333E+03  1.550018E+00  1.326847E+03  3.590384E+01
  4.333232E+00  5.000000E+01     1  4.405979E+01  7.378732E+01  1.230166E+01  4.230762E+01
  4.333232E+00  5.000000E+01     2  6.203012E+01  1.552388E+02 -5.632715E+01  2.598055E+01
  4.333232E+00  5.000000E+01     3  9.242312E+01  3.626410E+01  7.452067E+01  5.466903E+01
  4.333232E+00  5.000000E+01     4  1.064071E+03 -1.290529E+02 -6.704048E+02 -8.263199E+02
  4.333232E+00  5.000000E+01     5  8.862444E+02 -9.649380E-01  8.861188E+02 -1.492484E+01
  4.333232E+00  5.000000E+01     6  1.327331E+03 -1.784498E+02 -1.326845E+03 -3.590882E+01
  4.333232E+00  6.000000E+01     1  6.832500E+01 -4.873804E-01  6.832253E+01 -5.811922E-01
  4.333232E+00  6.000000E+01     2  1.026263E+02 -1.333695E+02 -7.047353E+01 -7.460322E+01
  4.333232E+00  6.000000E+01     3  4.431277E+01  2.055004E+01  4.149297E+01  1.555490E+01
  4.333232E+00  6.000000E+01     4  1.354427E+03 -1.066302E+02 -3.876277E+02 -1.297774E+03
  4.333232E+00  6.000000E+01     5  9.620146E+02 -2.855925E+01  8.449598E+02 -4.599078E+02
  4.333232E+00  6.000000E+01     6  3.167444E+03 -1.796372E+02 -3.167381E+03 -2.005414E+01
  4.333232E+00  7.000000E+01     1  8.256535E+01 -3.022546E+01  7.134070E+01 -4.156372E+01
  4.333232E+00  7.000000E+01     2  2.203278E+02 -9.299348E+01 -1.150604E+01 -2.200271E+02
  4.333232E+00  7.000000E+01     3  3.270036E+01 -6.893156E+01  1.175522E+01 -3.051440E+01
  4.333232E+00  7.000000E+01     4  1.042263E+03 -1.026812E+02 -2.288041E+02 -1.016839E+03
  4.333232E+00  7.000000E+01     5  6.472941E+02 -2.818032E+01  5.705675E+02 -3.056834E+02
  4.333232E+00  7.000000E+01     6  3.268207E+03  1.783614E+02 -3.266870E+03  9.345558E+01
  4.333232E+00  8.000000E+01     1  5.529959E+01 -4.573444E+01  3.859829E+01 -3.960072E+01
  4.333232E+00  8.000000E+01     2  3.475549E+02 -7.826153E+01  7.070820E+01 -3.402863E+02
  4.333232E+00  8.000000E+01     3  5.777914E+01 -8.412361E+01  5.915586E+00 -5.747552E+01
  4.333232E+00  8.000000E+01     4  4.406343E+02 -1.183632E+02 -2.093270E+02 -3.877381E+02
  4.333232E+00  8.000000E+01     5  2.551421E+02 -8.430511E+00  2.523852E+02 -3.740633E+01
  4.333232E+00  8.000000E+01     6  1.944051E+03  1.763699E+02 -1.940151E+03  1.230859E+02
  4.333232E+00  9.000000E+01     1  1.515457E-05  1.289648E+02 -9.529837E-06  1.178317E-05
  4.333232E+00  9.000000E+01     2  4.002943E+02 -7.434551E+01  1.080137E+02 -3.854460E+02
  4.333232E+00  9.000000E+01     3  6.528423E+01 -8.232364E+01  8.720488E+00 -6.469918E+01
  4.333232E+00  9.000000E+01     4  2.369935E+02 -1.605018E+02 -2.234024E+02 -7.910291E+01
  4.333232E+00  9.000000E+01     5  5.881611E-05 -1.723284E+02 -5.828968E-05 -7.851612E-06
  4.333232E+00  9.000000E+01     6  5.086724E-04 -4.490778E+00  5.071108E-04 -3.982836E-05
  4.188791E+00  0.000000E+00     1  3.807151E+02 -5.564214E+01  2.148604E+02 -3.142913E+02
  4.188791E+00  0.000000E+00     2  0.000000E+00  9.000000E+01  0.000000E+00  0.000000E+00
  4.188791E+00  0.000000E+00     3  5.603203E+01 -5.173740E+01  3.469876E+01 -4.399527E+01
  4.188791E+00  0.000000E+00     4  0.000000E+00  9.000000E+01  0.000000E+00  0.000000E+00
  4.188791E+00  0.000000E+00     5  8.450360E+01 -4.829602E+00  8.420357E+01 -7.114583E+00
  4.188791E+00  0.000000E+00     6  0.000000E+00  9.000000E+01  0.000000E+00  0.000000E+00
  4.188791E+00  1.000000E+01     1  3.262254E+02 -5.940409E+01  1.660422E+02 -2.808078E+02
  4.188791E+00  1.000000E+01     2  3.809914E+01 -4.850661E+01  2.524196E+01 -2.853748E+01
  4.188791E+00  1.000000E+01     3  4.653041E+01 -6.201101E+01  2.183681E+01 -4.108811E+01
  4.188791E+00  1.000000E+01     4  3.425151E+02 -1.240635E+02 -1.918464E+02 -2.837456E+02
  4.188791E+00  1.000000E+01     5  3.216591E+02  8.338543E+01  3.705185E+01  3.195180E+02
  4.188791E+00  1.000000E+01     6  1.531487E+03  1.007277E+01  1.507881E+03  2.678551E+02
  4.188791E+00  2.000000E+01     1  1.928264E+02 -7.381038E+01  5.376332E+01 -1.851797E+02
  4.188791E+00  2.000000E+01     2  6.709774E+01 -2.302507E+01  6.175232E+01 -2.624420E+01
  4.188791E+00  2.000000E+01     3  2.251274E+01 -6.858514E+01  8.219811E+00 -2.095848E+01
  4.188791E+00  2.000000E+01     4  4.734508E+02 -1.702459E+02 -4.666066E+02 -8.021223E+01
  4.188791E+00  2.000000E+01     5  1.012847E+03  9.123974E+01 -2.191378E+01  1.012610E+03
  4.188791E+00  2.000000E+01     6  2.813155E+03  1.149475E+01  2.756732E+03  5.606003E+02
  4.188791E+00  3.000000E+01     1  7.065606E+01 -1.230700E+02 -3.855439E+01 -5.921012E+01
  4.188791E+00  3.000000E+01     2  7.294988E+01  9.736414E+00  7.189912E+01  1.233698E+01
  4.188791E+00  3.000000E+01     3  3.661412E+01  4.267325E+01  2.691985E+01  2.481766E+01
  4.188791E+00  3.000000E+01     4  7.251445E+02  1.625136E+02 -6.916345E+02  2.178906E+02
  4.188791E+00  3.000000E+01     5  1.375517E+03  8.698306E+01  7.239531E+01  1.373611E+03
  4.188791E+00  3.000000E+01     6  2.946344E+03  1.286413E+01  2.872393E+03  6.559732E+02
  4.188791E+00  4.000000E+01     1  5.478989E+01  1.416081E+02 -4.294327E+01  3.402658E+01
  4.188791E+00  4.000000E+01     2  5.573166E+01  6.675775E+01  2.199281E+01  5.120874E+01
  4.188791E+00  4.000000E+01     3  9.055369E+01  4.891216E+01  5.951327E+01  6.825057E+01
  4.188791E+00  4.000000E+01     4  6.624835E+02 -1.705862E+02 -6.535616E+02 -1.083586E+02
  4.188791E+00  4.000000E+01     5  9.991370E+02  6.868325E+01  3.632099E+02  9.307811E+02
  4.188791E+00  4.000000E+01     6  1.286688E+03  1.366716E+01  1.250255E+03  3.040204E+02
  4.188791E+00  5.000000E+01     1  5.573221E+01  6.675759E+01  2.199316E+01  5.120918E+01
  4.188791E+00  5.000000E+01     2  5.478969E+01  1.416086E+02 -4.294344E+01  3.402604E+01
  4.188791E+00  5.000000E+01     3  9.055347E+01  4.891224E+01  5.951303E+01  6.825050E+01
  4.188791E+00  5.000000E+01     4  9.991439E+02 -1.113166E+02 -3.632097E+02 -9.307885E+02
  4.188791E+00  5.000000E+01     5  6.624808E+02  9.413196E+00  6.535602E+02  1.083508E+02
  4.188791E+00  5.000000E+01     6  1.286690E+03 -1.663329E+02 -1.250257E+03 -3.040193E+02
  4.188791E+00  6.000000E+01     1  7.294996E+01  9.736462E+00  7.189919E+01  1.233705E+01
  4.188791E+00  6.000000E+01     2  7.065638E+01 -1.230697E+02 -3.855432E+01 -5.921054E+01
  4.188791E+00  6.000000E+01     3  3.661397E+01  4.267367E+01  2.691955E+01  2.481775E+01
  4.188791E+00  6.000000E+01     4  1.375520E+03 -9.301691E+01 -7.239439E+01 -1.373614E+03
  4.188791E+00  6.000000E+01     5  7.251404E+02 -1.748646E+01  6.916302E+02 -2.178905E+02
  4.188791E+00  6.000000E+01     6  2.946345E+03 -1.671359E+02 -2.872395E+03 -6.559719E+02
  4.188791E+00  7.000000E+01     1  6.709795E+01 -2.302529E+01  6.175241E+01 -2.624452E+01
  4.188791E+00  7.000000E+01     2  1.928264E+02 -7.381035E+01  5.376339E+01 -1.851797E+02
  4.188791E+00  7.000000E+01     3  2.251259E+01 -6.858513E+01  8.219761E+00 -2.095834E+01
  4.188791E+00  7.000000E+01     4  1.012843E+03 -8.876031E+01  2.191288E+01 -1.012606E+03
  4.188791E+00  7.000000E+01     5  4.734531E+02  9.754791E+00  4.666079E+02  8.021806E+01
  4.188791E+00  7.000000E+01     6  2.813157E+03 -1.685052E+02 -2.756733E+03 -5.606010E+02
  4.188791E+00  8.000000E+01     1  3.809956E+01 -4.850709E+01  2.524200E+01 -2.853801E+01
  4.188791E+00  8.000000E+01     2  3.262260E+02 -5.940414E+01  1.660423E+02 -2.808084E+02
  4.188791E+00  8.000000E+01     3  4.653048E+01 -6.201059E+01  2.183714E+01 -4.108801E+01
  4.188791E+00  8.000000E+01     4  3.216562E+02 -9.661531E+01 -3.705560E+01 -3.195146E+02
  4.188791E+00  8.000000E+01     5  3.425213E+02  5.593727E+01  1.918462E+02  2.837531E+02
  4.188791E+00  8.000000E+01     6  1.531487E+03 -1.699272E+02 -1.507881E+03 -2.678552E+02
  4.188791E+00  9.000000E+01     1  1.006187E-05  1.207776E+02 -5.148730E-06  8.644762E-06
  4.188791E+00  9.000000E+01     2  3.807152E+02 -5.564215E+01  2.148604E+02 -3.142914E+02
  4.188791E+00  9.000000E+01     3  5.603229E+01 -5.173704E+01  3.469920E+01 -4.399526E+01
  4.188791E+00  9.000000E+01     4  8.450937E+01  1.751688E+02 -8.420912E+01  7.117368E+00
  4.188791E+00  9.000000E+01     5  1.108161E-04 -1.121898E+02 -4.185248E-05 -1.026088E-04
  4.188791E+00  9.000000E+01     6  3.841167E-04  9.425056E+00  3.789314E-04  6.290195E-05
  4.053669E+00  0.000000E+00     1  3.602784E+02 -3.668621E+01  2.889142E+02 -2.152419E+02
  4.053669E+00  0.000000E+00     2  0.000000E+00  9.000000E+01  0.000000E+00  0.000000E+00
  4.053669E+00  0.000000E+00     3  5.864275E+01 -1.999660E+01  5.510735E+01 -2.005374E+01
  4.053669E+00  0.000000E+00     4  0.000000E+00  9.000000E+01  0.000000E+00  0.000000E+00
  4.053669E+00  0.000000E+00     5  7.049651E+01 -1.100947E+02 -2.422065E+01 -6.620512E+01
  4.053669E+00  0.000000E+00     6  0.000000E+00  9.000000E+01  0.000000E+00  0.000000E+00
  4.053669E+00  1.000000E+01     1  3.053053E+02 -4.025729E+01  2.329938E+02 -1.972947E+02
  4.053669E+00  1.000000E+01     2  1.580039E+01 -6.530531E+01  6.601131E+00 -1.435539E+01
  4.053669E+00  1.000000E+01     3  3.818033E+01 -3.606732E+01  3.086215E+01 -2.247811E+01
  4.053669E+00  1.000000E+01     4  5.751484E+02 -1.000869E+02 -1.007322E+02 -5.662585E+02
  4.053669E+00  1.000000E+01     5  2.561249E+02  1.135955E+02 -1.025209E+02  2.347114E+02
  4.053669E+00  1.000000E+01     6  1.114432E+03  3.103097E+01  9.549442E+02  5.744912E+02
  4.053669E+00  2.000000E+01     1  1.672795E+02 -5.376878E+01  9.886977E+01 -1.349341E+02
  4.053669E+00  2.000000E+01     2  4.666085E+01 -1.285221E+01  4.549186E+01 -1.037910E+01
  4.053669E+00  2.000000E+01     3  1.316711E+01 -1.072766E+02 -3.910443E+00 -1.257304E+01
  4.053669E+00  2.000000E+01     4  4.983588E+02 -1.270295E+02 -3.001244E+02 -3.978528E+02
  4.053669E+00  2.000000E+01     5  9.454909E+02  1.050284E+02 -2.451635E+02  9.131527E+02
  4.053669E+00  2.000000E+01     6  2.372343E+03  2.734592E+01  2.107232E+03  1.089763E+03
  4.053669E+00  3.000000E+01     1  4.318302E+01 -1.202538E+02 -2.175694E+01 -3.730159E+01
  4.053669E+00  3.000000E+01     2  7.199279E+01  1.640669E+01  6.906132E+01  2.033461E+01
  4.053669E+00  3.000000E+01     3  2.823808E+01  7.911366E+01  5.333086E+00  2.772990E+01
  4.053669E+00  3.000000E+01     4  4.602005E+02  1.723381E+02 -4.560919E+02  6.135726E+01
  4.053669E+00  3.000000E+01     5  1.343126E+03  1.003624E+02 -2.415940E+02  1.321219E+03
  4.053669E+00  3.000000E+01     6  2.769719E+03  2.543294E+01  2.501301E+03  1.189468E+03
  4.053669E+00  4.000000E+01     1  5.857758E+01  1.357279E+02 -4.194344E+01  4.089108E+01
  4.053669E+00  4.000000E+01     2  5.870006E+01  6.700346E+01  2.293269E+01  5.403507E+01
  4.053669E+00  4.000000E+01     3  8.232289E+01  6.016844E+01  4.095168E+01  7.141441E+01
  4.053669E+00  4.000000E+01     4  3.729336E+02 -1.585592E+02 -3.471250E+02 -1.363219E+02
  4.053669E+00  4.000000E+01     5  9.223270E+02  8.898299E+01  1.637065E+01  9.221816E+02
  4.053669E+00  4.000000E+01     6  1.273312E+03  2.481179E+01  1.155774E+03  5.343314E+02
  4.053669E+00  5.000000E+01     1  5.869985E+01  6.700320E+01  2.293283E+01  5.403478E+01
  4.053669E+00  5.000000E+01     2  5.857767E+01  1.357279E+02 -4.194351E+01  4.089115E+01
  4.053669E+00  5.000000E+01     3  8.232280E+01  6.016845E+01  4.095162E+01  7.141434E+01
  4.053669E+00  5.000000E+01     4  9.223220E+02 -9.101697E+01 -1.636992E+01 -9.221768E+02
  4.053669E+00  5.000000E+01     5  3.729334E+02  2.144019E+01  3.471263E+02  1.363183E+02
  4.053669E+00  5.000000E+01     6  1.273313E+03 -1.551882E+02 -1.155774E+03 -5.343322E+02
  4.053669E+00  6.000000E+01     1  7.199300E+01  1.640655E+01  6.906157E+01  2.033450E+01
  4.053669E+00  6.000000E+01     2  4.318273E+01 -1.202537E+02 -2.175678E+01 -3.730135E+01
  4.053669E+00  6.000000E+01     3  2.823813E+01  7.911431E+01  5.332777E+00  2.773001E+01
  4.053669E+00  6.000000E+01     4  1.343119E+03 -7.963759E+01  2.415920E+02 -1.321212E+03
  4.053669E+00  6.000000E+01     5  4.602010E+02 -7.661980E+00  4.560923E+02 -6.135793E+01
  4.053669E+00  6.000000E+01     6  2.769722E+03 -1.545671E+02 -2.501304E+03 -1.189469E+03
  4.053669E+00  7.000000E+01     1  4.666085E+01 -1.285220E+01  4.549187E+01 -1.037909E+01
  4.053669E+00  7.000000E+01     2  1.672794E+02 -5.376875E+01  9.886976E+01 -1.349339E+02
  4.053669E+00  7.000000E+01     3  1.316701E+01 -1.072769E+02 -3.910462E+00 -1.257292E+01
  4.053669E+00  7.000000E+01     4  9.454850E+02 -7.497169E+01  2.451608E+02 -9.131474E+02
  4.053669E+00  7.000000E+01     5  4.983606E+02  5.297048E+01  3.001259E+02  3.978539E+02
  4.053669E+00  7.000000E+01     6  2.372343E+03 -1.526540E+02 -2.107231E+03 -1.089766E+03
  4.053669E+00  8.000000E+01     1  1.580039E+01 -6.530571E+01  6.601033E+00 -1.435544E+01
  4.053669E+00  8.000000E+01     2  3.053050E+02 -4.025730E+01  2.329935E+02 -1.972946E+02
  4.053669E+00  8.000000E+01     3  3.818050E+01 -3.606722E+01  3.086232E+01 -2.247816E+01
  4.053669E+00  8.000000E+01     4  2.561226E+02 -6.640520E+01  1.025171E+02 -2.347105E+02
  4.053669E+00  8.000000E+01     5  5.751479E+02  7.991315E+01  1.007318E+02  5.662581E+02
  4.053669E+00  8.000000E+01     6  1.114431E+03 -1.489689E+02 -9.549424E+02 -5.744919E+02
  4.053669E+00  9.000000E+01     1  4.455163E-06  7.971708E+01  7.952863E-07  4.383605E-06
  4.053669E+00  9.000000E+01     2  3.602781E+02 -3.668625E+01  2.889138E+02 -2.152419E+02
  4.053669E+00  9.000000E+01     3  5.864310E+01 -1.999647E+01  5.510773E+01 -2.005372E+01
  4.053669E+00  9.000000E+01     4  7.049596E+01  6.990698E+01  2.421855E+01  6.620530E+01
  4.053669E+00  9.000000E+01     5  1.880762E-04 -9.549920E+01 -1.802368E-05 -1.872106E-04
  4.053669E+00  9.000000E+01     6  2.577824E-04  3.356938E+01  2.147887E-04  1.425398E-04
  3.926992E+00  0.000000E+00     1  3.344270E+02 -1.730351E+01  3.192917E+02 -9.946978E+01
  3.926992E+00  0.000000E+00     2  0.000000E+00  9.000000E+01  0.000000E+00  0.000000E+00
  3.926992E+00  0.000000E+00     3  6.759264E+01  2.363641E+00  6.753513E+01  2.787629E+00
  3.926992E+00  0.000000E+00     4  0.000000E+00  9.000000E+01  0.000000E+00  0.000000E+00
  3.926992E+00  0.000000E+00     5  1.285810E+02 -1.423203E+02 -1.017641E+02 -7.859476E+01
  3.926992E+00  0.000000E+00     6  0.000000E+00  9.000000E+01  0.000000E+00  0.000000E+00
  3.926992E+00  1.000000E+01     1  2.829064E+02 -2.097742E+01  2.641558E+02 -1.012805E+02
  3.926992E+00  1.000000E+01     2  1.393635E+01  1.741896E+02 -1.386475E+01  1.410883E+00
  3.926992E+00  1.000000E+01     3  3.369437E+01 -6.879623E+00  3.345177E+01 -4.036038E+00
  3.926992E+00  1.000000E+01     4  7.624917E+02 -8.834333E+01  2.204394E+01 -7.621730E+02
  3.926992E+00  1.000000E+01     5  2.518399E+02  1.451554E+02 -2.066862E+02  1.438894E+02
  3.926992E+00  1.000000E+01     6  8.262368E+02  6.828000E+01  3.057663E+02  7.675768E+02
  3.926992E+00  2.000000E+01     1  1.475413E+02 -3.296042E+01  1.237940E+02 -8.027124E+01
  3.926992E+00  2.000000E+01     2  2.488086E+01  8.808262E+00  2.458743E+01  3.809965E+00
  3.926992E+00  2.000000E+01     3  2.044362E+01 -1.664609E+02 -1.987550E+01 -4.786036E+00
  3.926992E+00  2.000000E+01     4  6.097894E+02 -9.807455E+01 -8.565181E+01 -6.037440E+02
  3.926992E+00  2.000000E+01     5  8.291814E+02  1.210585E+02 -4.277859E+02  7.103105E+02
  3.926992E+00  2.000000E+01     6  1.969994E+03  4.695665E+01  1.344622E+03  1.439745E+03
  3.926992E+00  3.000000E+01     1  2.250308E+01 -1.332688E+02 -1.542409E+01 -1.638555E+01
  3.926992E+00  3.000000E+01     2  6.229710E+01  2.034134E+01  5.841215E+01  2.165523E+01
  3.926992E+00  3.000000E+01     3  3.079525E+01  1.273191E+02 -1.866974E+01  2.449057E+01
  3.926992E+00  3.000000E+01     4  1.849113E+02 -1.786395E+02 -1.848591E+02 -4.390474E+00
  3.926992E+00  3.000000E+01     5  1.238599E+03  1.147012E+02 -5.175925E+02  1.125267E+03
  3.926992E+00  3.000000E+01     6  2.590899E+03  3.716717E+01  2.064626E+03  1.565273E+03
  3.926992E+00  4.000000E+01     1  6.647484E+01  1.391135E+02 -5.025548E+01  4.351196E+01
  3.926992E+00  4.000000E+01     2  5.155309E+01  7.408974E+01  1.413232E+01  4.957820E+01
  3.926992E+00  4.000000E+01     3  6.507784E+01  7.162594E+01  2.051380E+01  6.176010E+01
  3.926992E+00  4.000000E+01     4  9.083830E+01 -1.146924E+02 -3.794733E+01 -8.253240E+01
  3.926992E+00  4.000000E+01     5  8.565239E+02  1.108771E+02 -3.052341E+02  8.002908E+02
  3.926992E+00  4.000000E+01     6  1.258871E+03  3.397842E+01  1.043917E+03  7.035588E+02
  3.926992E+00  5.000000E+01     1  5.155320E+01  7.408966E+01  1.413242E+01  4.957830E+01
  3.926992E+00  5.000000E+01     2  6.647491E+01  1.391138E+02 -5.025576E+01  4.351175E+01
  3.926992E+00  5.000000E+01     3  6.507774E+01  7.162606E+01  2.051364E+01  6.176005E+01
  3.926992E+00  5.000000E+01     4  8.565287E+02 -6.912299E+01  3.052352E+02 -8.002955E+02
  3.926992E+00  5.000000E+01     5  9.083553E+01  6.530720E+01  3.794682E+01  8.252959E+01
  3.926992E+00  5.000000E+01     6  1.258876E+03 -1.460215E+02 -1.043920E+03 -7.035616E+02
  3.926992E+00  6.000000E+01     1  6.229674E+01  2.034127E+01  5.841184E+01  2.165504E+01
  3.926992E+00  6.000000E+01     2  2.250388E+01 -1.332687E+02 -1.542462E+01 -1.638613E+01
  3.926992E+00  6.000000E+01     3  3.079527E+01  1.273193E+02 -1.866984E+01  2.449053E+01
  3.926992E+00  6.000000E+01     4  1.238597E+03 -6.529879E+01  5.175928E+02 -1.125265E+03
  3.926992E+00  6.000000E+01     5  1.849090E+02  1.360989E+00  1.848569E+02  4.391867E+00
  3.926992E+00  6.000000E+01     6  2.590902E+03 -1.428328E+02 -2.064626E+03 -1.565277E+03
  3.926992E+00  7.000000E+01     1  2.488030E+01  8.808290E+00  2.458687E+01  3.809891E+00
  3.926992E+00  7.000000E+01     2  1.475409E+02 -3.296072E+01  1.237932E+02 -8.027168E+01
  3.926992E+00  7.000000E+01     3  2.044367E+01 -1.664610E+02 -1.987556E+01 -4.786011E+00
  3.926992E+00  7.000000E+01     4  8.291777E+02 -5.894145E+01  4.277842E+02 -7.103073E+02
  3.926992E+00  7.000000E+01     5  6.097909E+02  8.192563E+01  8.565030E+01  6.037458E+02
  3.926992E+00  7.000000E+01     6  1.969993E+03 -1.330434E+02 -1.344622E+03 -1.439745E+03
  3.926992E+00  8.000000E+01     1  1.393683E+01  1.741904E+02 -1.386524E+01  1.410735E+00
  3.926992E+00  8.000000E+01     2  2.829062E+02 -2.097749E+01  2.641555E+02 -1.012808E+02
  3.926992E+00  8.000000E+01     3  3.369453E+01 -6.879575E+00  3.345193E+01 -4.036030E+00
  3.926992E+00  8.000000E+01     4  2.518358E+02 -3.484482E+01  2.066823E+02 -1.438878E+02
  3.926992E+00  8.000000E+01     5  7.624958E+02  9.165672E+01 -2.204456E+01  7.621771E+02
  3.926992E+00  8.000000E+01     6  8.262355E+02 -1.117200E+02 -3.057654E+02 -7.675758E+02
  3.926992E+00  9.000000E+01     1  7.151361E-06 -4.607639E+00  7.128249E-06 -5.744818E-07
  3.926992E+00  9.000000E+01     2  3.344263E+02 -1.730356E+01  3.192910E+02 -9.946984E+01
  3.926992E+00  9.000000E+01     3  6.759280E+01  2.363626E+00  6.753529E+01  2.787618E+00
  3.926992E+00  9.000000E+01     4  1.285734E+02  3.768158E+01  1.017556E+02  7.859341E+01
  3.926992E+00  9.000000E+01     5  2.469644E-04 -8.667722E+01  1.431432E-05 -2.465492E-04
  3.926992E+00  9.000000E+01     6  1.931405E-04  8.344311E+01  2.205466E-05  1.918771E-04
  3.807992E+00  0.000000E+00     1  3.050930E+02  3.682911E+00  3.044629E+02  1.959755E+01
  3.807992E+00  0.000000E+00     2  0.000000E+00  9.000000E+01  0.000000E+00  0.000000E+00
  3.807992E+00  0.000000E+00     3  7.145757E+01  1.796200E+01  6.797482E+01  2.203652E+01
  3.807992E+00  0.000000E+00     4  0.000000E+00  9.000000E+01  0.000000E+00  0.000000E+00
  3.807992E+00  0.000000E+00     5  1.534630E+02 -1.599291E+02 -1.441429E+02 -5.266596E+01
  3.807992E+00  0.000000E+00     6  0.000000E+00  9.000000E+01  0.000000E+00  0.000000E+00
  3.807992E+00  1.000000E+01     1  2.582204E+02 -1.264741E+00  2.581575E+02 -5.699469E+00
  3.807992E+00  1.000000E+01     2  3.537067E+01  1.559495E+02 -3.230001E+01  1.441504E+01
  3.807992E+00  1.000000E+01     3  3.174123E+01  2.031082E+01  2.976767E+01  1.101779E+01
  3.807992E+00  1.000000E+01     4  8.597684E+02 -7.811110E+01  1.771248E+02 -8.413254E+02
  3.807992E+00  1.000000E+01     5  2.722182E+02  1.689667E+02 -2.671866E+02  5.209686E+01
  3.807992E+00  1.000000E+01     6  9.101086E+02  1.149364E+02 -3.837127E+02  8.252650E+02
  3.807992E+00  2.000000E+01     1  1.324845E+02 -1.406536E+01  1.285125E+02 -3.219753E+01
  3.807992E+00  2.000000E+01     2  1.289668E+01  6.808386E+01  4.813675E+00  1.196466E+01
  3.807992E+00  2.000000E+01     3  3.291697E+01 -1.786188E+02 -3.290741E+01 -7.934607E-01
  3.807992E+00  2.000000E+01     4  6.804779E+02 -7.728707E+01  1.497503E+02 -6.637959E+02
  3.807992E+00  2.000000E+01     5  7.015605E+02  1.421180E+02 -5.537257E+02  4.307841E+02
  3.807992E+00  2.000000E+01     6  1.656840E+03  7.134682E+01  5.299218E+02  1.569809E+03
  3.807992E+00  3.000000E+01     1  1.667609E+01 -1.683196E+02 -1.633077E+01 -3.376103E+00
  3.807992E+00  3.000000E+01     2  4.916006E+01  1.766549E+01  4.684190E+01  1.491807E+01
  3.807992E+00  3.000000E+01     3  4.100072E+01  1.583258E+02 -3.810192E+01  1.514276E+01
  3.807992E+00  3.000000E+01     4  6.648526E+01  3.981083E+01  5.107148E+01  4.256751E+01
  3.807992E+00  3.000000E+01     5  1.088750E+03  1.316269E+02 -7.232313E+02  8.138262E+02
  3.807992E+00  3.000000E+01     6  2.360096E+03  4.772713E+01  1.587548E+03  1.746352E+03
  3.807992E+00  4.000000E+01     1  7.308159E+01  1.469518E+02 -6.125785E+01  3.985466E+01
  3.807992E+00  4.000000E+01     2  3.822676E+01  8.498110E+01  3.344243E+00  3.808020E+01
  3.807992E+00  4.000000E+01     3  4.325869E+01  8.884293E+01  8.735306E-01  4.324987E+01
  3.807992E+00  4.000000E+01     4  1.952503E+02  1.843835E+01  1.852270E+02  6.175455E+01
  3.807992E+00  4.000000E+01     5  7.861658E+02  1.330347E+02 -5.365117E+02  5.746407E+02
  3.807992E+00  4.000000E+01     6  1.215218E+03  4.106122E+01  9.162844E+02  7.982344E+02
  3.807992E+00  5.000000E+01     1  3.822653E+01  8.497984E+01  3.345059E+00  3.807989E+01
  3.807992E+00  5.000000E+01     2  7.308169E+01  1.469522E+02 -6.125825E+01  3.985424E+01
  3.807992E+00  5.000000E+01     3  4.325843E+01  8.884300E+01  8.734754E-01  4.324961E+01
  3.807992E+00  5.000000E+01     4  7.861671E+02 -4.696540E+01  5.365118E+02 -5.746423E+02
  3.807992E+00  5.000000E+01     5  1.952512E+02 -1.615618E+02 -1.852280E+02 -6.175431E+01
  3.807992E+00  5.000000E+01     6  1.215222E+03 -1.389388E+02 -9.162869E+02 -7.982373E+02
  3.807992E+00  6.000000E+01     1  4.916019E+01  1.766458E+01  4.684225E+01  1.491737E+01
  3.807992E+00  6.000000E+01     2  1.667676E+01 -1.683182E+02 -1.633134E+01 -3.376648E+00
  3.807992E+00  6.000000E+01     3  4.100074E+01  1.583260E+02 -3.810200E+01  1.514261E+01
  3.807992E+00  6.000000E+01     4  1.088748E+03 -4.837302E+01  7.232319E+02 -8.138233E+02
  3.807992E+00  6.000000E+01     5  6.648457E+01 -1.401921E+02 -5.107315E+01 -4.256443E+01
  3.807992E+00  6.000000E+01     6  2.360103E+03 -1.322729E+02 -1.587552E+03 -1.746357E+03
  3.807992E+00  7.000000E+01     1  1.289607E+01  6.808611E+01  4.812979E+00  1.196428E+01
  3.807992E+00  7.000000E+01     2  1.324844E+02 -1.406547E+01  1.285124E+02 -3.219775E+01
  3.807992E+00  7.000000E+01     3  3.291695E+01 -1.786186E+02 -3.290738E+01 -7.935395E-01
  3.807992E+00  7.000000E+01     4  7.015582E+02 -3.788184E+01  5.537250E+02 -4.307813E+02
  3.807992E+00  7.000000E+01     5  6.804813E+02  1.027129E+02 -1.497503E+02  6.637994E+02
  3.807992E+00  7.000000E+01     6  1.656839E+03 -1.086532E+02 -5.299213E+02 -1.569809E+03
  3.807992E+00  8.000000E+01     1  3.537138E+01  1.559499E+02 -3.230078E+01  1.441507E+01
  3.807992E+00  8.000000E+01     2  2.582201E+02 -1.264726E+00  2.581572E+02 -5.699393E+00
  3.807992E+00  8.000000E+01     3  3.174126E+01  2.031077E+01  2.976770E+01  1.101777E+01
  3.807992E+00  8.000000E+01     4  2.722161E+02 -1.103339E+01  2.671844E+02 -5.209700E+01
  3.807992E+00  8.000000E+01     5  8.597684E+02  1.018888E+02 -1.771241E+02  8.413256E+02
  3.807992E+00  8.000000E+01     6  9.101074E+02 -6.506355E+01  3.837128E+02 -8.252636E+02
  3.807992E+00  9.000000E+01     1  1.365547E-05 -2.095874E+01  1.275200E-05 -4.884501E-06
  3.807992E+00  9.000000E+01     2  3.050933E+02  3.682947E+00  3.044632E+02  1.959776E+01
  3.807992E+00  9.000000E+01     3  7.145777E+01  1.796200E+01  6.797501E+01  2.203659E+01
  3.807992E+00  9.000000E+01     4  1.534605E+02  2.007052E+01  1.441410E+02  5.266404E+01
  3.807992E+00  9.000000E+01     5  2.773369E-04 -7.815025E+01  5.694998E-05 -2.714267E-04
  3.807992E+00  9.000000E+01     6  2.749982E-04  1.315697E+02 -1.824696E-04  2.057398E-04
  3.695993E+00  0.000000E+00     1  2.804381E+02  2.839219E+01  2.467051E+02  1.333495E+02
  3.695993E+00  0.000000E+00     2  0.000000E+00  9.000000E+01  0.000000E+00  0.000000E+00
  3.695993E+00  0.000000E+00     3  6.846227E+01  3.372396E+01  5.694157E+01  3.800973E+01
  3.695993E+00  0.000000E+00     4  0.000000E+00  9.000000E+01  0.000000E+00  0.000000E+00
  3.695993E+00  0.000000E+00     5  1.784364E+02 -1.734731E+02 -1.772799E+02 -2.028292E+01
  3.695993E+00  0.000000E+00     6  0.000000E+00  9.000000E+01  0.000000E+00  0.000000E+00
  3.695993E+00  1.000000E+01     1  2.318769E+02  2.091535E+01  2.165982E+02  8.277731E+01
  3.695993E+00  1.000000E+01     2  4.994786E+01  1.550343E+02 -4.528078E+01  2.108175E+01
  3.695993E+00  1.000000E+01     3  2.957346E+01  4.506937E+01  2.088626E+01  2.093689E+01
  3.695993E+00  1.000000E+01     4  8.754830E+02 -6.676880E+01  3.453277E+02 -8.044995E+02
  3.695993E+00  1.000000E+01     5  2.965998E+02 -1.697068E+02 -2.918264E+02 -5.299821E+01
  3.695993E+00  1.000000E+01     6  1.271251E+03  1.446044E+02 -1.036289E+03  7.363323E+02
  3.695993E+00  2.000000E+01     1  1.156069E+02  2.931743E+00  1.154556E+02  5.912859E+00
  3.695993E+00  2.000000E+01     2  1.717101E+01  1.310372E+02 -1.127361E+01  1.295181E+01
  3.695993E+00  2.000000E+01     3  4.041442E+01 -1.737061E+02 -4.017083E+01 -4.430574E+00
  3.695993E+00  2.000000E+01     4  6.988098E+02 -5.794117E+01  3.709211E+02 -5.922437E+02
  3.695993E+00  2.000000E+01     5  6.078681E+02  1.704025E+02 -5.993600E+02  1.013468E+02
  3.695993E+00  2.000000E+01     6  1.478679E+03  9.973205E+01 -2.499569E+02  1.457399E+03
  3.695993E+00  3.000000E+01     1  1.834269E+01  1.792121E+02 -1.834095E+01  2.522424E-01
  3.695993E+00  3.000000E+01     2  3.532933E+01  5.352783E+00  3.517527E+01  3.295797E+00
  3.695993E+00  3.000000E+01     3  4.788120E+01 -1.796447E+02 -4.788028E+01 -2.968929E-01
  3.695993E+00  3.000000E+01     4  2.694176E+02  4.013923E+01  2.059644E+02  1.736793E+02
  3.695993E+00  3.000000E+01     5  9.286472E+02  1.519679E+02 -8.197027E+02  4.364322E+02
  3.695993E+00  3.000000E+01     6  2.050478E+03  5.717162E+01  1.111615E+03  1.723013E+03
  3.695993E+00  4.000000E+01     1  7.422796E+01  1.558745E+02 -6.774430E+01  3.033973E+01
  3.695993E+00  4.000000E+01     2  2.351086E+01  1.048737E+02 -6.034983E+00  2.272311E+01
  3.695993E+00  4.000000E+01     3  2.525280E+01  1.170995E+02 -1.150361E+01  2.248046E+01
  3.695993E+00  4.000000E+01     4  3.788164E+02  4.341890E+01  2.751526E+02  2.603708E+02
  3.695993E+00  4.000000E+01     5  6.981224E+02  1.553460E+02 -6.344838E+02  2.912133E+02
  3.695993E+00  4.000000E+01     6  1.131856E+03  4.649758E+01  7.791526E+02  8.209862E+02
  3.695993E+00  5.000000E+01     1  2.351119E+01  1.048748E+02 -6.035513E+00  2.272330E+01
  3.695993E+00  5.000000E+01     2  7.422770E+01  1.558747E+02 -6.774417E+01  3.033940E+01
  3.695993E+00  5.000000E+01     3  2.525278E+01  1.170998E+02 -1.150369E+01  2.248039E+01
  3.695993E+00  5.000000E+01     4  6.981281E+02 -2.465397E+01  6.344892E+02 -2.912151E+02
  3.695993E+00  5.000000E+01     5  3.788178E+02 -1.365805E+02 -2.751510E+02 -2.603745E+02
  3.695993E+00  5.000000E+01     6  1.131851E+03 -1.335025E+02 -7.791505E+02 -8.209819E+02
  3.695993E+00  6.000000E+01     1  3.532920E+01  5.353253E+00  3.517511E+01  3.296074E+00
  3.695993E+00  6.000000E+01     2  1.834269E+01  1.792124E+02 -1.834096E+01  2.521254E-01
  3.695993E+00  6.000000E+01     3  4.788147E+01 -1.796448E+02 -4.788055E+01 -2.968794E-01
  3.695993E+00  6.000000E+01     4  9.286492E+02 -2.803195E+01  8.197054E+02 -4.364315E+02
  3.695993E+00  6.000000E+01     5  2.694171E+02 -1.398611E+02 -2.059651E+02 -1.736776E+02
  3.695993E+00  6.000000E+01     6  2.050473E+03 -1.228285E+02 -1.111614E+03 -1.723008E+03
  3.695993E+00  7.000000E+01     1  1.717113E+01  1.310371E+02 -1.127366E+01  1.295192E+01
  3.695993E+00  7.000000E+01     2  1.156070E+02  2.931645E+00  1.154557E+02  5.912668E+00
  3.695993E+00  7.000000E+01     3  4.041426E+01 -1.737059E+02 -4.017065E+01 -4.430692E+00
  3.695993E+00  7.000000E+01     4  6.078689E+02 -9.597307E+00  5.993611E+02 -1.013454E+02
  3.695993E+00  7.000000E+01     5  6.988121E+02  1.220589E+02 -3.709234E+02  5.922450E+02
  3.695993E+00  7.000000E+01     6  1.478678E+03 -8.026803E+01  2.499547E+02 -1.457399E+03
  3.695993E+00  8.000000E+01     1  4.994781E+01  1.550342E+02 -4.528069E+01  2.108180E+01
  3.695993E+00  8.000000E+01     2  2.318771E+02  2.091524E+01  2.165986E+02  8.277701E+01
  3.695993E+00  8.000000E+01     3  2.957361E+01  4.506954E+01  2.088630E+01  2.093707E+01
  3.695993E+00  8.000000E+01     4  2.966002E+02  1.029296E+01  2.918270E+02  5.299688E+01
  3.695993E+00  8.000000E+01     5  8.754882E+02  1.132312E+02 -3.453302E+02  8.045039E+02
  3.695993E+00  8.000000E+01     6  1.271250E+03 -3.539572E+01  1.036286E+03 -7.363338E+02
  3.695993E+00  9.000000E+01     1  1.804980E-05 -2.370434E+01  1.652698E-05 -7.256330E-06
  3.695993E+00  9.000000E+01     2  2.804384E+02  2.839212E+01  2.467056E+02  1.333493E+02
  3.695993E+00  9.000000E+01     3  6.846251E+01  3.372393E+01  5.694180E+01  3.800983E+01
  3.695993E+00  9.000000E+01     4  1.784374E+02  6.525662E+00  1.772813E+02  2.027909E+01
  3.695993E+00  9.000000E+01     5  2.813992E-04 -6.811279E+01  1.049002E-04 -2.611158E-04
  3.695993E+00  9.000000E+01     6  4.174952E-04  1.541395E+02 -3.756868E-04  1.821035E-04
  3.590393E+00  0.000000E+00     1  2.677594E+02  5.334004E+01  1.598697E+02  2.147947E+02
  3.590393E+00  0.000000E+00     2  0.000000E+00  9.000000E+01  0.000000E+00  0.000000E+00
  3.590393E+00  0.000000E+00     3  6.155949E+01  5.155486E+01  3.827554E+01  4.821363E+01
  3.590393E+00  0.000000E+00     4  0.000000E+00  9.000000E+01  0.000000E+00  0.000000E+00
  3.590393E+00  0.000000E+00     5  2.058455E+02  1.731099E+02 -2.043589E+02  2.469426E+01
  3.590393E+00  0.000000E+00     6  0.000000E+00  9.000000E+01  0.000000E+00  0.000000E+00
  3.590393E+00  1.000000E+01     1  2.077304E+02  4.348272E+01  1.507254E+02  1.429467E+02
  3.590393E+00  1.000000E+01     2  5.667353E+01  1.594107E+02 -5.305354E+01  1.993018E+01
  3.590393E+00  1.000000E+01     3  2.684584E+01  6.942418E+01  9.434879E+00  2.513329E+01
  3.590393E+00  1.000000E+01     4  8.230739E+02 -5.338231E+01  4.909411E+02 -6.606265E+02
  3.590393E+00  1.000000E+01     5  3.076567E+02 -1.515481E+02 -2.704973E+02 -1.465739E+02
  3.590393E+00  1.000000E+01     6  1.677479E+03  1.618978E+02 -1.594451E+03  5.212142E+02
  3.590393E+00  2.000000E+01     1  9.407642E+01  1.507257E+01  9.083994E+01  2.446384E+01
  3.590393E+00  2.000000E+01     2  2.273332E+01  1.619196E+02 -2.161079E+01  7.055315E+00
  3.590393E+00  2.000000E+01     3  4.297362E+01 -1.617777E+02 -4.081852E+01 -1.343802E+01
  3.590393E+00  2.000000E+01     4  6.758279E+02 -3.824250E+01  5.307939E+02 -4.183315E+02
  3.590393E+00  2.000000E+01     5  5.766465E+02 -1.576092E+02 -5.331716E+02 -2.196571E+02
  3.590393E+00  2.000000E+01     6  1.478041E+03  1.307215E+02 -9.642477E+02  1.120193E+03
  3.590393E+00  3.000000E+01     1  1.949977E+01 -1.601239E+02 -1.833817E+01 -6.629681E+00
  3.590393E+00  3.000000E+01     2  2.990706E+01 -1.950328E+01  2.819106E+01 -9.984796E+00
  3.590393E+00  3.000000E+01     3  5.096177E+01 -1.576999E+02 -4.715028E+01 -1.933787E+01
  3.590393E+00  3.000000E+01     4  4.205769E+02  5.425623E+01  2.456848E+02  3.413560E+02
  3.590393E+00  3.000000E+01     5  7.782782E+02  1.753115E+02 -7.756739E+02  6.361557E+01
  3.590393E+00  3.000000E+01     6  1.645570E+03  6.818645E+01  6.114731E+02  1.527744E+03
  3.590393E+00  4.000000E+01     1  6.882690E+01  1.653615E+02 -6.659276E+01  1.739385E+01
  3.590393E+00  4.000000E+01     2  1.184600E+01  1.416877E+02 -9.294878E+00  7.343909E+00
  3.590393E+00  4.000000E+01     3  1.475986E+01  1.775018E+02 -1.474584E+01  6.433610E-01
  3.590393E+00  4.000000E+01     4  5.085331E+02  6.488531E+01  2.158375E+02  4.604563E+02
  3.590393E+00  4.000000E+01     5  5.833161E+02  1.789844E+02 -5.832245E+02  1.033871E+01
  3.590393E+00  4.000000E+01     6  1.003334E+03  5.258255E+01  6.096434E+02  7.968773E+02
  3.590393E+00  5.000000E+01     1  1.184615E+01  1.416878E+02 -9.295013E+00  7.343974E+00
  3.590393E+00  5.000000E+01     2  6.882699E+01  1.653615E+02 -6.659283E+01  1.739394E+01
  3.590393E+00  5.000000E+01     3  1.475992E+01  1.775020E+02 -1.474590E+01  6.433039E-01
  3.590393E+00  5.000000E+01     4  5.833196E+02 -1.015642E+00  5.832280E+02 -1.033955E+01
  3.590393E+00  5.000000E+01     5  5.085350E+02 -1.151145E+02 -2.158369E+02 -4.604588E+02
  3.590393E+00  5.000000E+01     6  1.003340E+03 -1.274163E+02 -6.096315E+02 -7.968945E+02
  3.590393E+00  6.000000E+01     1  2.990694E+01 -1.950330E+01  2.819095E+01 -9.984764E+00
  3.590393E+00  6.000000E+01     2  1.949975E+01 -1.601240E+02 -1.833817E+01 -6.629627E+00
  3.590393E+00  6.000000E+01     3  5.096174E+01 -1.576998E+02 -4.715024E+01 -1.933789E+01
  3.590393E+00  6.000000E+01     4  7.782783E+02 -4.688396E+00  7.756741E+02 -6.361387E+01
  3.590393E+00  6.000000E+01     5  4.205764E+02 -1.257440E+02 -2.456861E+02 -3.413544E+02
  3.590393E+00  6.000000E+01     6  1.645586E+03 -1.118135E+02 -6.114783E+02 -1.527759E+03
  3.590393E+00  7.000000E+01     1  2.273335E+01  1.619196E+02 -2.161082E+01  7.055309E+00
  3.590393E+00  7.000000E+01     2  9.407635E+01  1.507257E+01  9.083987E+01  2.446383E+01
  3.590393E+00  7.000000E+01     3  4.297354E+01 -1.617778E+02 -4.081845E+01 -1.343797E+01
  3.590393E+00  7.000000E+01     4  5.766476E+02  2.239101E+01  5.331718E+02  2.196597E+02
  3.590393E+00  7.000000E+01     5  6.758327E+02  1.417578E+02 -5.307997E+02  4.183318E+02
  3.590393E+00  7.000000E+01     6  1.478038E+03 -4.927867E+01  9.642437E+02 -1.120193E+03
  3.590393E+00  8.000000E+01     1  5.667352E+01  1.594107E+02 -5.305353E+01  1.993016E+01
  3.590393E+00  8.000000E+01     2  2.077305E+02  4.348272E+01  1.507255E+02  1.429468E+02
  3.590393E+00  8.000000E+01     3  2.684597E+01  6.942421E+01  9.434915E+00  2.513342E+01
  3.590393E+00  8.000000E+01     4  3.076580E+02  2.845181E+01  2.704984E+02  1.465742E+02
  3.590393E+00  8.000000E+01     5  8.230709E+02  1.266179E+02 -4.909416E+02  6.606225E+02
  3.590393E+00  8.000000E+01     6  1.677475E+03 -1.810171E+01  1.594451E+03 -5.211995E+02
  3.590393E+00  9.000000E+01     1  1.999246E-05 -2.084795E+01  1.868352E-05 -7.115098E-06
  3.590393E+00  9.000000E+01     2  2.677594E+02  5.334003E+01  1.598697E+02  2.147947E+02
  3.590393E+00  9.000000E+01     3  6.155957E+01  5.155486E+01  3.827559E+01  4.821368E+01
  3.590393E+00  9.000000E+01     4  2.058473E+02 -6.890858E+00  2.043603E+02 -2.469723E+01
  3.590393E+00  9.000000E+01     5  2.626084E-04 -5.573109E+01  1.478689E-04 -2.170206E-04
  3.590393E+00  9.000000E+01     6  5.528156E-04  1.665365E+02 -5.376233E-04  1.287100E-04
  3.490660E+00  0.000000E+00     1  2.632442E+02  7.746873E+01  5.711673E+01  2.569731E+02
  3.490660E+00  0.000000E+00     2  0.000000E+00  9.000000E+01  0.000000E+00  0.000000E+00
  3.490660E+00  0.000000E+00     3  5.410503E+01  7.225735E+01  1.648808E+01  5.153152E+01
  3.490660E+00  0.000000E+00     4  0.000000E+00  9.000000E+01  0.000000E+00  0.000000E+00
  3.490660E+00  0.000000E+00     5  2.444555E+02  1.663294E+02 -2.375302E+02  5.777461E+01
  3.490660E+00  0.000000E+00     6  0.000000E+00  9.000000E+01  0.000000E+00  0.000000E+00
  3.490660E+00  1.000000E+01     1  1.874711E+02  6.779365E+01  7.085348E+01  1.735661E+02
  3.490660E+00  1.000000E+01     2  5.593716E+01  1.685362E+02 -5.482124E+01  1.111742E+01
  3.490660E+00  1.000000E+01     3  2.384296E+01  9.446804E+01 -1.857438E+00  2.377050E+01
  3.490660E+00  1.000000E+01     4  7.258264E+02 -3.720921E+01  5.780718E+02 -4.389269E+02
  3.490660E+00  1.000000E+01     5  3.155152E+02 -1.325340E+02 -2.132968E+02 -2.324958E+02
  3.490660E+00  1.000000E+01     6  1.926556E+03  1.737613E+02 -1.915146E+03  2.093613E+02
  3.490660E+00  2.000000E+01     1  6.757658E+01  2.619911E+01  6.063411E+01  2.983451E+01
  3.490660E+00  2.000000E+01     2  2.463520E+01 -1.717517E+02 -2.438036E+01 -3.534244E+00
  3.490660E+00  2.000000E+01     3  4.296300E+01 -1.440771E+02 -3.479174E+01 -2.520624E+01
  3.490660E+00  2.000000E+01     4  6.237141E+02 -1.777166E+01  5.939507E+02 -1.903727E+02
  3.490660E+00  2.000000E+01     5  6.100050E+02 -1.260201E+02 -3.587251E+02 -4.933785E+02
  3.490660E+00  2.000000E+01     6  1.517682E+03  1.577873E+02 -1.405050E+03  5.737542E+02
  3.490660E+00  3.000000E+01     1  2.221102E+01 -1.239995E+02 -1.242008E+01 -1.841388E+01
  3.490660E+00  3.000000E+01     2  3.408616E+01 -3.585797E+01  2.762587E+01 -1.996692E+01
  3.490660E+00  3.000000E+01     3  5.106050E+01 -1.343795E+02 -3.571212E+01 -3.649410E+01
  3.490660E+00  3.000000E+01     4  5.138152E+02  7.135247E+01  1.642901E+02  4.868417E+02
  3.490660E+00  3.000000E+01     5  6.422227E+02 -1.585189E+02 -5.976129E+02 -2.351782E+02
  3.490660E+00  3.000000E+01     6  1.209275E+03  7.571613E+01  2.983598E+02  1.171891E+03
  3.490660E+00  4.000000E+01     1  5.595500E+01  1.761658E+02 -5.582976E+01  3.741650E+00
  3.490660E+00  4.000000E+01     2  6.751835E+00 -1.456761E+02 -5.576092E+00 -3.807161E+00
  3.490660E+00  4.000000E+01     3  1.544083E+01 -1.160795E+02 -6.788073E+00 -1.386872E+01
  3.490660E+00  4.000000E+01     4  5.963499E+02  8.714944E+01  2.965711E+01  5.956120E+02
  3.490660E+00  4.000000E+01     5  4.496108E+02 -1.544491E+02 -4.056401E+02 -1.939226E+02
  3.490660E+00  4.000000E+01     6  8.954258E+02  5.548667E+01  5.073465E+02  7.378258E+02
  3.490660E+00  5.000000E+01     1  6.751791E+00 -1.456763E+02 -5.576066E+00 -3.807120E+00
  3.490660E+00  5.000000E+01     2  5.595502E+01  1.761659E+02 -5.582978E+01  3.741626E+00
  3.490660E+00  5.000000E+01     3  1.544091E+01 -1.160797E+02 -6.788146E+00 -1.386877E+01
  3.490660E+00  5.000000E+01     4  4.496143E+02  2.555037E+01  4.056449E+02  1.939206E+02
  3.490660E+00  5.000000E+01     5  5.963523E+02 -9.285052E+01 -2.965682E+01 -5.956144E+02
  3.490660E+00  5.000000E+01     6  8.954255E+02 -1.245132E+02 -5.073452E+02 -7.378264E+02
  3.490660E+00  6.000000E+01     1  3.408612E+01 -3.585798E+01  2.762583E+01 -1.996690E+01
  3.490660E+00  6.000000E+01     2  2.221090E+01 -1.239996E+02 -1.242003E+01 -1.841377E+01
  3.490660E+00  6.000000E+01     3  5.106055E+01 -1.343795E+02 -3.571216E+01 -3.649413E+01
  3.490660E+00  6.000000E+01     4  6.422261E+02  2.148113E+01  5.976159E+02  2.351798E+02
  3.490660E+00  6.000000E+01     5  5.138132E+02 -1.086478E+02 -1.642921E+02 -4.868389E+02
  3.490660E+00  6.000000E+01     6  1.209277E+03 -1.042839E+02 -2.983618E+02 -1.171892E+03
  3.490660E+00  7.000000E+01     1  2.463515E+01 -1.717517E+02 -2.438031E+01 -3.534255E+00
  3.490660E+00  7.000000E+01     2  6.757665E+01  2.619920E+01  6.063414E+01  2.983464E+01
  3.490660E+00  7.000000E+01     3  4.296281E+01 -1.440770E+02 -3.479153E+01 -2.520619E+01
  3.490660E+00  7.000000E+01     4  6.100060E+02  5.397997E+01  3.587250E+02  4.933798E+02
  3.490660E+00  7.000000E+01     5  6.237137E+02  1.622283E+02 -5.939503E+02  1.903731E+02
  3.490660E+00  7.000000E+01     6  1.517681E+03 -2.221274E+01  1.405049E+03 -5.737543E+02
  3.490660E+00  8.000000E+01     1  5.593710E+01  1.685361E+02 -5.482117E+01  1.111748E+01
  3.490660E+00  8.000000E+01     2  1.874711E+02  6.779369E+01  7.085337E+01  1.735662E+02
  3.490660E+00  8.000000E+01     3  2.384297E+01  9.446800E+01 -1.857422E+00  2.377051E+01
  3.490660E+00  8.000000E+01     4  3.155140E+02  4.746605E+01  2.132960E+02  2.324950E+02
  3.490660E+00  8.000000E+01     5  7.258247E+02  1.427909E+02 -5.780710E+02  4.389253E+02
  3.490660E+00  8.000000E+01     6  1.926557E+03 -6.238717E+00  1.915148E+03 -2.093611E+02
  3.490660E+00  9.000000E+01     1  1.955729E-05 -1.303924E+01  1.905302E-05 -4.412484E-06
  3.490660E+00  9.000000E+01     2  2.632442E+02  7.746877E+01  5.711655E+01  2.569732E+02
  3.490660E+00  9.000000E+01     3  5.410505E+01  7.225737E+01  1.648807E+01  5.153154E+01
  3.490660E+00  9.000000E+01     4  2.444542E+02 -1.367093E+01  2.375286E+02 -5.777558E+01
  3.490660E+00  9.000000E+01     5  2.283682E-04 -4.009586E+01  1.746943E-04 -1.470847E-04
  3.490660E+00  9.000000E+01     6  6.293004E-04  1.748397E+02 -6.267498E-04  5.660060E-05
  3.396318E+00  0.000000E+00     1  2.551056E+02  1.004465E+02 -4.625488E+01  2.508772E+02
  3.396318E+00  0.000000E+00     2  0.000000E+00  9.000000E+01  0.000000E+00  0.000000E+00
  3.396318E+00  0.000000E+00     3  4.701270E+01  9.525383E+01 -4.304870E+00  4.681519E+01
  3.396318E+00  0.000000E+00     4  0.000000E+00  9.000000E+01  0.000000E+00  0.000000E+00
  3.396318E+00  0.000000E+00     5  2.798991E+02  1.657766E+02 -2.713188E+02  6.877190E+01
  3.396318E+00  0.000000E+00     6  0.000000E+00  9.000000E+01  0.000000E+00  0.000000E+00
  3.396318E+00  1.000000E+01     1  1.716094E+02  9.269583E+01 -8.071436E+00  1.714195E+02
  3.396318E+00  1.000000E+01     2  5.261839E+01 -1.777166E+02 -5.257661E+01 -2.096448E+00
  3.396318E+00  1.000000E+01     3  2.121133E+01  1.189774E+02 -1.027612E+01  1.855591E+01
  3.396318E+00  1.000000E+01     4  6.138085E+02 -1.657789E+01  5.882942E+02 -1.751310E+02
  3.396318E+00  1.000000E+01     5  3.193967E+02 -1.120379E+02 -1.198440E+02 -2.960602E+02
  3.396318E+00  1.000000E+01     6  1.964814E+03 -1.763758E+02 -1.960884E+03 -1.241998E+02
  3.396318E+00  2.000000E+01     1  4.356368E+01  3.914863E+01  3.378411E+01  2.750324E+01
  3.396318E+00  2.000000E+01     2  2.678862E+01 -1.408327E+02 -2.076936E+01 -1.691933E+01
  3.396318E+00  2.000000E+01     3  4.096254E+01 -1.230162E+02 -2.231951E+01 -3.434776E+01
  3.396318E+00  2.000000E+01     4  5.514454E+02  4.835715E+00  5.494825E+02  4.648629E+01
  3.396318E+00  2.000000E+01     5  6.732074E+02 -9.836298E+01 -9.791386E+01 -6.660488E+02
  3.396318E+00  2.000000E+01     6  1.643982E+03 -1.775443E+02 -1.642472E+03 -7.043990E+01
  3.396318E+00  3.000000E+01     1  2.786600E+01 -9.796892E+01 -3.863224E+00 -2.759690E+01
  3.396318E+00  3.000000E+01     2  4.314045E+01 -3.493871E+01  3.536503E+01 -2.470653E+01
  3.396318E+00  3.000000E+01     3  5.002562E+01 -1.094276E+02 -1.663927E+01 -4.717729E+01
  3.396318E+00  3.000000E+01     4  5.595710E+02  9.258269E+01 -2.521494E+01  5.590026E+02
  3.396318E+00  3.000000E+01     5  5.260106E+02 -1.320930E+02 -3.526034E+02 -3.903305E+02
  3.396318E+00  3.000000E+01     6  7.470057E+02  8.628430E+01  4.841031E+01  7.454354E+02
  3.396318E+00  4.000000E+01     1  4.380644E+01 -1.745717E+02 -4.360999E+01 -4.144064E+00
  3.396318E+00  4.000000E+01     2  6.759765E+00 -5.898682E+01  3.482868E+00 -5.793448E+00
  3.396318E+00  4.000000E+01     3  2.038977E+01 -6.898728E+01  7.311265E+00 -1.903386E+01
  3.396318E+00  4.000000E+01     4  6.407354E+02  1.104520E+02 -2.238876E+02  6.003467E+02
  3.396318E+00  4.000000E+01     5  3.167342E+02 -1.279180E+02 -1.946436E+02 -2.498688E+02
  3.396318E+00  4.000000E+01     6  8.001047E+02  5.803690E+01  4.235538E+02  6.788002E+02
  3.396318E+00  5.000000E+01     1  6.760170E+00 -5.899980E+01  3.481765E+00 -5.794585E+00
  3.396318E+00  5.000000E+01     2  4.380528E+01 -1.745721E+02 -4.360885E+01 -4.143713E+00
  3.396318E+00  5.000000E+01     3  2.038970E+01 -6.898774E+01  7.311089E+00 -1.903386E+01
  3.396318E+00  5.000000E+01     4  3.167256E+02  5.208265E+01  1.946355E+02  2.498642E+02
  3.396318E+00  5.000000E+01     5  6.407445E+02 -6.954908E+01  2.238793E+02 -6.003596E+02
  3.396318E+00  5.000000E+01     6  8.001042E+02 -1.219631E+02 -4.235537E+02 -6.787997E+02
  3.396318E+00  6.000000E+01     1  4.314043E+01 -3.494048E+01  3.536426E+01 -2.470761E+01
  3.396318E+00  6.000000E+01     2  2.786706E+01 -9.796938E+01 -3.863591E+00 -2.759793E+01
  3.396318E+00  6.000000E+01     3  5.002583E+01 -1.094279E+02 -1.663962E+01 -4.717739E+01
  3.396318E+00  6.000000E+01     4  5.260200E+02  4.790760E+01  3.526061E+02  3.903409E+02
  3.396318E+00  6.000000E+01     5  5.595786E+02 -8.741800E+01  2.520856E+01 -5.590105E+02
  3.396318E+00  6.000000E+01     6  7.470071E+02 -9.371567E+01 -4.840991E+01 -7.454369E+02
  3.396318E+00  7.000000E+01     1  2.678903E+01 -1.408319E+02 -2.076944E+01 -1.691988E+01
  3.396318E+00  7.000000E+01     2  4.356256E+01  3.914903E+01  3.378304E+01  2.750277E+01
  3.396318E+00  7.000000E+01     3  4.096263E+01 -1.230167E+02 -2.231983E+01 -3.434767E+01
  3.396318E+00  7.000000E+01     4  6.732147E+02  8.163648E+01  9.792117E+01  6.660552E+02
  3.396318E+00  7.000000E+01     5  5.514469E+02 -1.751639E+02 -5.494838E+02 -4.648986E+01
  3.396318E+00  7.000000E+01     6  1.643985E+03  2.455597E+00  1.642476E+03  7.043678E+01
  3.396318E+00  8.000000E+01     1  5.261824E+01 -1.777164E+02 -5.257645E+01 -2.096604E+00
  3.396318E+00  8.000000E+01     2  1.716089E+02  9.269605E+01 -8.072069E+00  1.714189E+02
  3.396318E+00  8.000000E+01     3  2.121125E+01  1.189778E+02 -1.027623E+01  1.855577E+01
  3.396318E+00  8.000000E+01     4  3.194013E+02  6.796140E+01  1.198493E+02  2.960630E+02
  3.396318E+00  8.000000E+01     5  6.138035E+02  1.634222E+02 -5.882898E+02  1.751282E+02
  3.396318E+00  8.000000E+01     6  1.964814E+03  3.624192E+00  1.960884E+03  1.241996E+02
  3.396318E+00  9.000000E+01     1  1.821359E-05 -1.120828E+00  1.821010E-05 -3.562741E-07
  3.396318E+00  9.000000E+01     2  2.551064E+02  1.004462E+02 -4.625383E+01  2.508782E+02
  3.396318E+00  9.000000E+01     3  4.701241E+01  9.525388E+01 -4.304881E+00  4.681489E+01
  3.396318E+00  9.000000E+01     4  2.798955E+02 -1.422580E+01  2.713124E+02 -6.878263E+01
  3.396318E+00  9.000000E+01     5  1.892395E-04 -1.918652E+01  1.787279E-04 -6.219249E-05
  3.396318E+00  9.000000E+01     6  6.213589E-04 -1.786871E+02 -6.211958E-04 -1.423659E-05
  3.306941E+00  0.000000E+00     1  2.394921E+02  1.237549E+02 -1.330716E+02  1.991191E+02
  3.306941E+00  0.000000E+00     2  0.000000E+00  9.000000E+01  0.000000E+00  0.000000E+00
  3.306941E+00  0.000000E+00     3  3.875011E+01  1.227477E+02 -2.096152E+01  3.259119E+01
  3.306941E+00  0.000000E+00     4  0.000000E+00  9.000000E+01  0.000000E+00  0.000000E+00
  3.306941E+00  0.000000E+00     5  2.798574E+02  1.694872E+02 -2.751598E+02  5.106134E+01
  3.306941E+00  0.000000E+00     6  0.000000E+00  9.000000E+01  0.000000E+00  0.000000E+00
  3.306941E+00  1.000000E+01     1  1.591410E+02  1.181944E+02 -7.518851E+01  1.402588E+02
  3.306941E+00  1.000000E+01     2  4.441401E+01 -1.630598E+02 -4.248685E+01 -1.294106E+01
  3.306941E+00  1.000000E+01     3  1.786238E+01  1.452490E+02 -1.467639E+01  1.018175E+01
  3.306941E+00  1.000000E+01     4  4.890045E+02  7.467403E+00  4.848572E+02  6.355206E+01
  3.306941E+00  1.000000E+01     5  3.192048E+02 -9.356989E+01 -1.987557E+01 -3.185854E+02
  3.306941E+00  1.000000E+01     6  1.734832E+03 -1.650304E+02 -1.675957E+03 -4.481176E+02
  3.306941E+00  2.000000E+01     1  2.595365E+01  5.484813E+01  1.494271E+01  2.122046E+01
  3.306941E+00  2.000000E+01     2  2.825584E+01 -1.188697E+02 -1.364248E+01 -2.474419E+01
  3.306941E+00  2.000000E+01     3  3.813165E+01 -9.960716E+01 -6.363865E+00 -3.759686E+01
  3.306941E+00  2.000000E+01     4  4.676659E+02  2.558783E+01  4.217993E+02  2.019822E+02
  3.306941E+00  2.000000E+01     5  7.314205E+02 -7.539056E+01  1.844854E+02 -7.077719E+02
  3.306941E+00  2.000000E+01     6  1.771766E+03 -1.569824E+02 -1.630706E+03 -6.927856E+02
  3.306941E+00  3.000000E+01     1  3.931713E+01 -6.501688E+01  1.660564E+01 -3.563832E+01
  3.306941E+00  3.000000E+01     2  4.560181E+01 -2.538340E+01  4.119939E+01 -1.954829E+01
  3.306941E+00  3.000000E+01     3  4.895123E+01 -8.471629E+01  4.507796E+00 -4.874323E+01
  3.306941E+00  3.000000E+01     4  5.394982E+02  1.129053E+02 -2.099773E+02  4.969585E+02
  3.306941E+00  3.000000E+01     5  4.236636E+02 -9.208219E+01 -1.539300E+01 -4.233839E+02
  3.306941E+00  3.000000E+01     6  3.492798E+02  1.071468E+02 -1.029747E+02  3.337553E+02
  3.306941E+00  4.000000E+01     1  2.418602E+01 -1.496802E+02 -2.087788E+01 -1.220975E+01
  3.306941E+00  4.000000E+01     2  1.438148E+01 -3.742953E+00  1.435081E+01 -9.388288E-01
  3.306941E+00  4.000000E+01     3  2.557951E+01 -3.195387E+01  2.170356E+01 -1.353760E+01
  3.306941E+00  4.000000E+01     4  6.705356E+02  1.344957E+02 -4.699485E+02  4.782953E+02
  3.306941E+00  4.000000E+01     5  2.271193E+02 -6.637023E+01  9.103512E+01 -2.080764E+02
  3.306941E+00  4.000000E+01     6  7.348674E+02  5.870773E+01  3.816930E+02  6.279653E+02
  3.306941E+00  5.000000E+01     1  1.438141E+01 -3.742251E+00  1.435075E+01 -9.386485E-01
  3.306941E+00  5.000000E+01     2  2.418623E+01 -1.496805E+02 -2.087813E+01 -1.220972E+01
  3.306941E+00  5.000000E+01     3  2.557948E+01 -3.195389E+01  2.170353E+01 -1.353760E+01
  3.306941E+00  5.000000E+01     4  2.271175E+02  1.136299E+02 -9.103468E+01  2.080746E+02
  3.306941E+00  5.000000E+01     5  6.705378E+02 -4.550414E+01  4.699516E+02 -4.782953E+02
  3.306941E+00  5.000000E+01     6  7.348683E+02 -1.212921E+02 -3.816920E+02 -6.279670E+02
  3.306941E+00  6.000000E+01     1  4.560176E+01 -2.538367E+01  4.119925E+01 -1.954846E+01
  3.306941E+00  6.000000E+01     2  3.931692E+01 -6.501700E+01  1.660547E+01 -3.563816E+01
  3.306941E+00  6.000000E+01     3  4.895111E+01 -8.471632E+01  4.507761E+00 -4.874312E+01
  3.306941E+00  6.000000E+01     4  4.236630E+02  8.791764E+01  1.539420E+01  4.233832E+02
  3.306941E+00  6.000000E+01     5  5.394981E+02 -6.709476E+01  2.099771E+02 -4.969586E+02
  3.306941E+00  6.000000E+01     6  3.492796E+02 -7.285345E+01  1.029735E+02 -3.337555E+02
  3.306941E+00  7.000000E+01     1  2.825590E+01 -1.188699E+02 -1.364259E+01 -2.474420E+01
  3.306941E+00  7.000000E+01     2  2.595403E+01  5.484866E+01  1.494273E+01  2.122090E+01
  3.306941E+00  7.000000E+01     3  3.813153E+01 -9.960708E+01 -6.363793E+00 -3.759676E+01
  3.306941E+00  7.000000E+01     4  7.314234E+02  1.046096E+02 -1.844877E+02  7.077743E+02
  3.306941E+00  7.000000E+01     5  4.676661E+02 -1.544124E+02 -4.218002E+02 -2.019805E+02
  3.306941E+00  7.000000E+01     6  1.771767E+03  2.301763E+01  1.630707E+03  6.927861E+02
  3.306941E+00  8.000000E+01     1  4.441402E+01 -1.630599E+02 -4.248690E+01 -1.294099E+01
  3.306941E+00  8.000000E+01     2  1.591410E+02  1.181944E+02 -7.518841E+01  1.402589E+02
  3.306941E+00  8.000000E+01     3  1.786242E+01  1.452492E+02 -1.467647E+01  1.018172E+01
  3.306941E+00  8.000000E+01     4  3.192053E+02  8.643017E+01  1.987530E+01  3.185859E+02
  3.306941E+00  8.000000E+01     5  4.890038E+02 -1.725322E+02 -4.848561E+02 -6.355535E+01
  3.306941E+00  8.000000E+01     6  1.734833E+03  1.496957E+01  1.675958E+03  4.481176E+02
  3.306941E+00  9.000000E+01     1  1.480395E-05  1.190516E+01  1.448552E-05  3.053942E-06
  3.306941E+00  9.000000E+01     2  2.394920E+02  1.237548E+02 -1.330715E+02  1.991191E+02
  3.306941E+00  9.000000E+01     3  3.875006E+01  1.227477E+02 -2.096148E+01  3.259116E+01
  3.306941E+00  9.000000E+01     4  2.798579E+02 -1.051343E+01  2.751597E+02 -5.106457E+01
  3.306941E+00  9.000000E+01     5  1.458997E-04  7.287694E+00  1.447211E-04  1.850760E-05
  3.306941E+00  9.000000E+01     6  5.090202E-04 -1.704471E+02 -5.019616E-04 -8.447583E-05
  3.222148E+00  0.000000E+00     1  2.232221E+02  1.488826E+02 -1.911027E+02  1.153597E+02
  3.222148E+00  0.000000E+00     2  0.000000E+00  9.000000E+01  0.000000E+00  0.000000E+00
  3.222148E+00  0.000000E+00     3  3.344817E+01  1.563648E+02 -3.064242E+01  1.340978E+01
  3.222148E+00  0.000000E+00     4  0.000000E+00  9.000000E+01  0.000000E+00  0.000000E+00
  3.222148E+00  0.000000E+00     5  2.563277E+02  1.781836E+02 -2.561989E+02  8.124675E+00
  3.222148E+00  0.000000E+00     6  0.000000E+00  9.000000E+01  0.000000E+00  0.000000E+00
  3.222148E+00  1.000000E+01     1  1.475671E+02  1.433674E+02 -1.184193E+02  8.805057E+01
  3.222148E+00  1.000000E+01     2  3.200827E+01 -1.440717E+02 -2.591876E+01 -1.878157E+01
  3.222148E+00  1.000000E+01     3  1.426876E+01  1.660169E+02 -1.384593E+01  3.447837E+00
  3.222148E+00  1.000000E+01     4  3.787279E+02  4.121131E+01  2.849113E+02  2.495203E+02
  3.222148E+00  1.000000E+01     5  3.038929E+02 -7.293700E+01  8.916920E+01 -2.905163E+02
  3.222148E+00  1.000000E+01     6  1.343964E+03 -1.470477E+02 -1.127752E+03 -7.310365E+02
  3.222148E+00  2.000000E+01     1  1.648261E+01  6.222475E+01  7.680974E+00  1.458352E+01
  3.222148E+00  2.000000E+01     2  2.806746E+01 -9.793229E+01 -3.873389E+00 -2.779891E+01
  3.222148E+00  2.000000E+01     3  3.345944E+01 -7.206467E+01  1.030361E+01 -3.183347E+01
  3.222148E+00  2.000000E+01     4  3.632940E+02  5.075489E+01  2.298341E+02  2.813518E+02
  3.222148E+00  2.000000E+01     5  7.451807E+02 -5.359499E+01  4.422567E+02 -5.997526E+02
  3.222148E+00  2.000000E+01     6  1.811000E+03 -1.394337E+02 -1.375733E+03 -1.177742E+03
  3.222148E+00  3.000000E+01     1  4.592472E+01 -4.397660E+01  3.304851E+01 -3.188850E+01
  3.222148E+00  3.000000E+01     2  4.992077E+01 -1.180147E+01  4.886555E+01 -1.020985E+01
  3.222148E+00  3.000000E+01     3  4.708430E+01 -6.213237E+01  2.200864E+01 -4.162393E+01
  3.222148E+00  3.000000E+01     4  5.176486E+02  1.381185E+02 -3.854037E+02  3.455779E+02
  3.222148E+00  3.000000E+01     5  3.792530E+02 -5.240833E+01  2.313557E+02 -3.005118E+02
  3.222148E+00  3.000000E+01     6  1.525395E+02  1.729246E+02 -1.513779E+02  1.878916E+01
  3.222148E+00  4.000000E+01     1  1.263976E+01 -1.390629E+02 -9.548446E+00 -8.281959E+00
  3.222148E+00  4.000000E+01     2  2.454952E+01  2.748775E+01  2.177811E+01  1.133105E+01
  3.222148E+00  4.000000E+01     3  3.058507E+01  1.412527E+00  3.057577E+01  7.539446E-01
  3.222148E+00  4.000000E+01     4  6.632050E+02  1.594213E+02 -6.208862E+02  2.331120E+02
  3.222148E+00  4.000000E+01     5  2.351980E+02 -6.207075E+00  2.338192E+02 -2.543011E+01
  3.222148E+00  4.000000E+01     6  6.936794E+02  5.822702E+01  3.652604E+02  5.897254E+02
  3.222148E+00  5.000000E+01     1  2.454955E+01  2.748776E+01  2.177814E+01  1.133107E+01
  3.222148E+00  5.000000E+01     2  1.263986E+01 -1.390624E+02 -9.548445E+00 -8.282107E+00
  3.222148E+00  5.000000E+01     3  3.058503E+01  1.412519E+00  3.057573E+01  7.539397E-01
  3.222148E+00  5.000000E+01     4  2.351978E+02  1.737930E+02 -2.338190E+02  2.542989E+01
  3.222148E+00  5.000000E+01     5  6.632070E+02 -2.057868E+01  6.208880E+02 -2.331128E+02
  3.222148E+00  5.000000E+01     6  6.936801E+02 -1.217731E+02 -3.652614E+02 -5.897255E+02
  3.222148E+00  6.000000E+01     1  4.992070E+01 -1.180135E+01  4.886550E+01 -1.020973E+01
  3.222148E+00  6.000000E+01     2  4.592496E+01 -4.397655E+01  3.304871E+01 -3.188863E+01
  3.222148E+00  6.000000E+01     3  4.708461E+01 -6.213255E+01  2.200866E+01 -4.162427E+01
  3.222148E+00  6.000000E+01     4  3.792523E+02  1.275917E+02 -2.313555E+02  3.005110E+02
  3.222148E+00  6.000000E+01     5  5.176475E+02 -4.188102E+01  3.854055E+02 -3.455742E+02
  3.222148E+00  6.000000E+01     6  1.525396E+02 -7.075185E+00  1.513781E+02 -1.878856E+01
  3.222148E+00  7.000000E+01     1  2.806750E+01 -9.793234E+01 -3.873416E+00 -2.779894E+01
  3.222148E+00  7.000000E+01     2  1.648261E+01  6.222446E+01  7.681041E+00  1.458348E+01
  3.222148E+00  7.000000E+01     3  3.345953E+01 -7.206490E+01  1.030351E+01 -3.183359E+01
  3.222148E+00  7.000000E+01     4  7.451796E+02  1.264051E+02 -4.422566E+02  5.997515E+02
  3.222148E+00  7.000000E+01     5  3.632924E+02 -1.292450E+02 -2.298323E+02 -2.813511E+02
  3.222148E+00  7.000000E+01     6  1.811001E+03  4.056630E+01  1.375734E+03  1.177744E+03
  3.222148E+00  8.000000E+01     1  3.200830E+01 -1.440716E+02 -2.591875E+01 -1.878164E+01
  3.222148E+00  8.000000E+01     2  1.475670E+02  1.433674E+02 -1.184193E+02  8.805060E+01
  3.222148E+00  8.000000E+01     3  1.426868E+01  1.660171E+02 -1.384587E+01  3.447778E+00
  3.222148E+00  8.000000E+01     4  3.038935E+02  1.070628E+02 -8.916827E+01  2.905172E+02
  3.222148E+00  8.000000E+01     5  3.787292E+02 -1.387882E+02 -2.849101E+02 -2.495237E+02
  3.222148E+00  8.000000E+01     6  1.343964E+03  3.295226E+01  1.127752E+03  7.310355E+02
  3.222148E+00  9.000000E+01     1  9.415331E-06  3.085845E+01  8.082469E-06  4.829301E-06
  3.222148E+00  9.000000E+01     2  2.232222E+02  1.488826E+02 -1.911028E+02  1.153597E+02
  3.222148E+00  9.000000E+01     3  3.344826E+01  1.563649E+02 -3.064253E+01  1.340974E+01
  3.222148E+00  9.000000E+01     4  2.563293E+02 -1.816007E+00  2.562005E+02 -8.123073E+00
  3.222148E+00  9.000000E+01     5  1.140847E-04  4.780653E+01  7.662344E-05  8.452324E-05
  3.222148E+00  9.000000E+01     6  3.353983E-04 -1.527178E+02 -2.980886E-04 -1.537374E-04
  3.141594E+00  0.000000E+00     1  2.098253E+02  1.753890E+02 -2.091462E+02  1.686800E+01
  3.141594E+00  0.000000E+00     2  0.000000E+00  9.000000E+01  0.000000E+00  0.000000E+00
  3.141594E+00  0.000000E+00     3  3.442315E+01 -1.659820E+02 -3.339801E+01 -8.338212E+00
  3.141594E+00  0.000000E+00     4  0.000000E+00  9.000000E+01  0.000000E+00  0.000000E+00
  3.141594E+00  0.000000E+00     5  2.261387E+02 -1.669128E+02 -2.202651E+02 -5.120549E+01
  3.141594E+00  0.000000E+00     6  0.000000E+00  9.000000E+01  0.000000E+00  0.000000E+00
  3.141594E+00  1.000000E+01     1  1.363537E+02  1.681103E+02 -1.334284E+02  2.809277E+01
  3.141594E+00  1.000000E+01     2  1.975926E+01 -1.053956E+02 -5.245741E+00 -1.905021E+01
  3.141594E+00  1.000000E+01     3  8.712130E+00 -1.775782E+02 -8.704348E+00 -3.681452E-01
  3.141594E+00  1.000000E+01     4  3.461022E+02  8.388148E+01  3.688943E+01  3.441306E+02
  3.141594E+00  1.000000E+01     5  2.794985E+02 -4.996063E+01  1.798053E+02 -2.139848E+02
  3.141594E+00  1.000000E+01     6  9.990591E+02 -1.173152E+02 -4.584540E+02 -8.876594E+02
  3.141594E+00  2.000000E+01     1  1.410109E+01  5.358019E+01  8.371778E+00  1.134699E+01
  3.141594E+00  2.000000E+01     2  2.357235E+01 -9.282555E+01 -1.162002E+00 -2.354369E+01
  3.141594E+00  2.000000E+01     3  2.981456E+01 -3.780076E+01  2.355789E+01 -1.827387E+01
  3.141594E+00  2.000000E+01     4  2.477553E+02  7.099821E+01  8.066856E+01  2.342547E+02
  3.141594E+00  2.000000E+01     5  7.235117E+02 -3.084042E+01  6.212060E+02 -3.709073E+02
  3.141594E+00  2.000000E+01     6  1.730785E+03 -1.227884E+02 -9.372847E+02 -1.455030E+03
  3.141594E+00  3.000000E+01     1  4.927843E+01 -2.474579E+01  4.475338E+01 -2.062760E+01
  3.141594E+00  3.000000E+01     2  4.821742E+01  3.107186E+00  4.814654E+01  2.613579E+00
  3.141594E+00  3.000000E+01     3  4.200166E+01 -4.501611E+01  2.969131E+01 -2.970800E+01
  3.141594E+00  3.000000E+01     4  4.572488E+02  1.650777E+02 -4.418286E+02  1.177452E+02
  3.141594E+00  3.000000E+01     5  3.613306E+02 -1.442494E+01  3.499396E+02 -9.001163E+01
  3.141594E+00  3.000000E+01     6  2.011946E+02 -1.222886E+02 -1.074750E+02 -1.700835E+02
  3.141594E+00  4.000000E+01     1  7.265272E+00  1.728943E+02 -7.209473E+00  8.987101E-01
  3.141594E+00  4.000000E+01     2  3.444138E+01  4.763842E+01  2.320684E+01  2.544899E+01
  3.141594E+00  4.000000E+01     3  3.493479E+01  3.145793E+01  2.980020E+01  1.823150E+01
  3.141594E+00  4.000000E+01     4  6.373970E+02 -1.752563E+02 -6.352137E+02 -5.271209E+01
  3.141594E+00  4.000000E+01     5  3.028903E+02  4.174326E+01  2.259973E+02  2.016625E+02
  3.141594E+00  4.000000E+01     6  6.693105E+02  5.884239E+01  3.462972E+02  5.727606E+02
  3.141594E+00  5.000000E+01     1  3.444148E+01  4.763855E+01  2.320685E+01  2.544911E+01
  3.141594E+00  5.000000E+01     2  7.265224E+00  1.728947E+02 -7.209430E+00  8.986610E-01
  3.141594E+00  5.000000E+01     3  3.493475E+01  3.145778E+01  2.980021E+01  1.823141E+01
  3.141594E+00  5.000000E+01     4  3.028902E+02 -1.382565E+02 -2.259964E+02 -2.016633E+02
  3.141594E+00  5.000000E+01     5  6.373976E+02  4.743571E+00  6.352144E+02  5.271048E+01
  3.141594E+00  5.000000E+01     6  6.693115E+02 -1.211575E+02 -3.462971E+02 -5.727619E+02
  3.141594E+00  6.000000E+01     1  4.821743E+01  3.107338E+00  4.814654E+01  2.613708E+00
  3.141594E+00  6.000000E+01     2  4.927858E+01 -2.474584E+01  4.475351E+01 -2.062771E+01
  3.141594E+00  6.000000E+01     3  4.200176E+01 -4.501617E+01  2.969135E+01 -2.970811E+01
  3.141594E+00  6.000000E+01     4  3.613348E+02  1.655747E+02 -3.499431E+02  9.001455E+01
  3.141594E+00  6.000000E+01     5  4.572484E+02 -1.492185E+01  4.418290E+02 -1.177420E+02
  3.141594E+00  6.000000E+01     6  2.011964E+02  5.771175E+01  1.074749E+02  1.700857E+02
  3.141594E+00  7.000000E+01     1  2.357243E+01 -9.282537E+01 -1.161933E+00 -2.354378E+01
  3.141594E+00  7.000000E+01     2  1.410081E+01  5.358016E+01  8.371620E+00  1.134676E+01
  3.141594E+00  7.000000E+01     3  2.981455E+01 -3.780059E+01  2.355793E+01 -1.827379E+01
  3.141594E+00  7.000000E+01     4  7.235111E+02  1.491595E+02 -6.212049E+02  3.709080E+02
  3.141594E+00  7.000000E+01     5  2.477541E+02 -1.090016E+02 -8.066737E+01 -2.342539E+02
  3.141594E+00  7.000000E+01     6  1.730784E+03  5.721159E+01  9.372858E+02  1.455029E+03
  3.141594E+00  8.000000E+01     1  1.975950E+01 -1.053961E+02 -5.245948E+00 -1.905041E+01
  3.141594E+00  8.000000E+01     2  1.363539E+02  1.681105E+02 -1.334286E+02  2.809239E+01
  3.141594E+00  8.000000E+01     3  8.712040E+00 -1.775775E+02 -8.704254E+00 -3.682391E-01
  3.141594E+00  8.000000E+01     4  2.794987E+02  1.300396E+02 -1.798060E+02  2.139844E+02
  3.141594E+00  8.000000E+01     5  3.461029E+02 -9.611823E+01 -3.688780E+01 -3.441315E+02
  3.141594E+00  8.000000E+01     6  9.990602E+02  6.268468E+01  4.584558E+02  8.876596E+02
  3.141594E+00  9.000000E+01     1  5.195509E-06  1.003797E+02 -9.360782E-07  5.110486E-06
  3.141594E+00  9.000000E+01     2  2.098253E+02  1.753891E+02 -2.091463E+02  1.686768E+01
  3.141594E+00  9.000000E+01     3  3.442341E+01 -1.659816E+02 -3.339820E+01 -8.338531E+00
  3.141594E+00  9.000000E+01     4  2.261414E+02  1.308738E+01  2.202676E+02  5.120675E+01
  3.141594E+00  9.000000E+01     5  1.272748E-04  9.675636E+01 -1.497357E-05  1.263909E-04
  3.141594E+00  9.000000E+01     6  2.032647E-04 -1.081718E+02 -6.339156E-05 -1.931270E-04
  3.064970E+00  0.000000E+00     1  1.997870E+02 -1.554517E+02 -1.817284E+02 -8.300365E+01
  3.064970E+00  0.000000E+00     2  0.000000E+00  9.000000E+01  0.000000E+00  0.000000E+00
  3.064970E+00  0.000000E+00     3  3.881984E+01 -1.406496E+02 -3.001873E+01 -2.461415E+01
  3.064970E+00  0.000000E+00     4  0.000000E+00  9.000000E+01  0.000000E+00  0.000000E+00
  3.064970E+00  0.000000E+00     5  1.724902E+02 -1.500639E+02 -1.494769E+02 -8.607845E+01
  3.064970E+00  0.000000E+00     6  0.000000E+00  9.000000E+01  0.000000E+00  0.000000E+00
  3.064970E+00  1.000000E+01     1  1.236540E+02 -1.651226E+02 -1.195088E+02 -3.174841E+01
  3.064970E+00  1.000000E+01     2  2.326379E+01 -4.374207E+01  1.680715E+01 -1.608489E+01
  3.064970E+00  1.000000E+01     3  2.444965E+00 -9.969077E+01 -4.115626E-01 -2.410077E+00
  3.064970E+00  1.000000E+01     4  4.125849E+02  1.212092E+02 -2.137866E+02  3.528761E+02
  3.064970E+00  1.000000E+01     5  2.563966E+02 -2.029591E+01  2.404779E+02 -8.893594E+01
  3.064970E+00  1.000000E+01     6  8.467761E+02 -7.709420E+01  1.891263E+02 -8.253853E+02
  3.064970E+00  2.000000E+01     1  1.419575E+01  4.590578E+01  9.877973E+00  1.019533E+01
  3.064970E+00  2.000000E+01     2  1.148059E+01 -1.071598E+02 -3.387208E+00 -1.096953E+01
  3.064970E+00  2.000000E+01     3  3.013986E+01  1.125363E-01  3.013981E+01  5.919853E-02
  3.064970E+00  2.000000E+01     4  8.533247E+01  1.021301E+02 -1.793114E+01  8.342725E+01
  3.064970E+00  2.000000E+01     5  6.738801E+02 -6.872663E+00  6.690380E+02 -8.063862E+01
  3.064970E+00  2.000000E+01     6  1.556750E+03 -1.066769E+02 -4.467485E+02 -1.491270E+03
  3.064970E+00  3.000000E+01     1  4.787273E+01 -7.017982E+00  4.751406E+01 -5.849130E+00
  3.064970E+00  3.000000E+01     2  4.072013E+01  2.010592E+01  3.823859E+01  1.399782E+01
  3.064970E+00  3.000000E+01     3  2.600704E+01 -2.108338E+01  2.426608E+01 -9.355412E+00
  3.064970E+00  3.000000E+01     4  3.738890E+02 -1.632417E+02 -3.580097E+02 -1.078053E+02
  3.064970E+00  3.000000E+01     5  3.340007E+02  2.176774E+01  3.101847E+02  1.238625E+02
  3.064970E+00  3.000000E+01     6  2.483530E+02 -9.382067E+01 -1.654872E+01 -2.478010E+02
  3.064970E+00  4.000000E+01     1  1.632693E+01  1.397200E+02 -1.245571E+01  1.055576E+01
  3.064970E+00  4.000000E+01     2  3.583097E+01  6.338895E+01  1.604982E+01  3.203532E+01
  3.064970E+00  4.000000E+01     3  3.708269E+01  5.619580E+01  2.063120E+01  3.081363E+01
  3.064970E+00  4.000000E+01     4  5.693435E+02 -1.506705E+02 -4.963632E+02 -2.788828E+02
  3.064970E+00  4.000000E+01     5  3.930032E+02  7.803437E+01  8.147935E+01  3.844641E+02
  3.064970E+00  4.000000E+01     6  6.564922E+02  6.195230E+01  3.086870E+02  5.793914E+02
  3.064970E+00  5.000000E+01     1  3.583114E+01  6.338892E+01  1.604991E+01  3.203546E+01
  3.064970E+00  5.000000E+01     2  1.632700E+01  1.397197E+02 -1.245572E+01  1.055585E+01
  3.064970E+00  5.000000E+01     3  3.708252E+01  5.619574E+01  2.063113E+01  3.081347E+01
  3.064970E+00  5.000000E+01     4  3.930044E+02 -1.019654E+02 -8.147826E+01 -3.844655E+02
  3.064970E+00  5.000000E+01     5  5.693382E+02  2.932964E+01  4.963582E+02  2.788809E+02
  3.064970E+00  5.000000E+01     6  6.564951E+02 -1.180479E+02 -3.086904E+02 -5.793928E+02
  3.064970E+00  6.000000E+01     1  4.072020E+01  2.010609E+01  3.823861E+01  1.399796E+01
  3.064970E+00  6.000000E+01     2  4.787320E+01 -7.017913E+00  4.751454E+01 -5.849131E+00
  3.064970E+00  6.000000E+01     3  2.600702E+01 -2.108366E+01  2.426601E+01 -9.355521E+00
  3.064970E+00  6.000000E+01     4  3.340010E+02 -1.582325E+02 -3.101855E+02 -1.238615E+02
  3.064970E+00  6.000000E+01     5  3.738879E+02  1.675879E+01  3.580078E+02  1.078080E+02
  3.064970E+00  6.000000E+01     6  2.483536E+02  8.617858E+01  1.655202E+01  2.478014E+02
  3.064970E+00  7.000000E+01     1  1.148048E+01 -1.071599E+02 -3.387203E+00 -1.096942E+01
  3.064970E+00  7.000000E+01     2  1.419607E+01  4.590644E+01  9.878078E+00  1.019568E+01
  3.064970E+00  7.000000E+01     3  3.014003E+01  1.127534E-01  3.013997E+01  5.931309E-02
  3.064970E+00  7.000000E+01     4  6.738806E+02  1.731274E+02 -6.690386E+02  8.063750E+01
  3.064970E+00  7.000000E+01     5  8.533222E+01 -7.787043E+01  1.793028E+01 -8.342717E+01
  3.064970E+00  7.000000E+01     6  1.556752E+03  7.332293E+01  4.467524E+02  1.491271E+03
  3.064970E+00  8.000000E+01     1  2.326384E+01 -4.374204E+01  1.680719E+01 -1.608491E+01
  3.064970E+00  8.000000E+01     2  1.236541E+02 -1.651228E+02 -1.195090E+02 -3.174800E+01
  3.064970E+00  8.000000E+01     3  2.444963E+00 -9.969131E+01 -4.115845E-01 -2.410071E+00
  3.064970E+00  8.000000E+01     4  2.563957E+02  1.597038E+02 -2.404767E+02  8.893671E+01
  3.064970E+00  8.000000E+01     5  4.125807E+02 -5.879023E+01  2.137881E+02 -3.528703E+02
  3.064970E+00  8.000000E+01     6  8.467767E+02  1.029057E+02 -1.891254E+02  8.253862E+02
  3.064970E+00  9.000000E+01     1  1.213818E-05  1.542265E+02 -1.093067E-05  5.277866E-06
  3.064970E+00  9.000000E+01     2  1.997871E+02 -1.554518E+02 -1.817287E+02 -8.300323E+01
  3.064970E+00  9.000000E+01     3  3.881997E+01 -1.406497E+02 -3.001884E+01 -2.461421E+01
  3.064970E+00  9.000000E+01     4  1.724926E+02  2.993624E+01  1.494788E+02  8.608001E+01
  3.064970E+00  9.000000E+01     5  1.825354E-04  1.267669E+02 -1.092586E-04  1.462249E-04
  3.064970E+00  9.000000E+01     6  2.305047E-04 -4.669393E+01  1.581021E-04 -1.677383E-04
  2.991994E+00  0.000000E+00     1  1.912065E+02 -1.285561E+02 -1.191753E+02 -1.495231E+02
  2.991994E+00  0.000000E+00     2  0.000000E+00  9.000000E+01  0.000000E+00  0.000000E+00
  2.991994E+00  0.000000E+00     3  3.982252E+01 -1.196937E+02 -1.972660E+01 -3.459327E+01
  2.991994E+00  0.000000E+00     4  0.000000E+00  9.000000E+01  0.000000E+00  0.000000E+00
  2.991994E+00  0.000000E+00     5  1.047131E+02 -1.280444E+02 -6.453179E+01 -8.246498E+01
  2.991994E+00  0.000000E+00     6  0.000000E+00  9.000000E+01  0.000000E+00  0.000000E+00
  2.991994E+00  1.000000E+01     1  1.087593E+02 -1.408402E+02 -8.433066E+01 -6.867993E+01
  2.991994E+00  1.000000E+01     2  3.374742E+01 -2.169171E+01  3.135763E+01 -1.247346E+01
  2.991994E+00  1.000000E+01     3  6.048971E+00 -6.124065E+00  6.014451E+00 -6.453145E-01
  2.991994E+00  1.000000E+01     4  4.620215E+02  1.428556E+02 -3.682847E+02  2.789807E+02
  2.991994E+00  1.000000E+01     5  2.353468E+02  9.448429E+00  2.321540E+02  3.863448E+01
  2.991994E+00  1.000000E+01     6  9.367850E+02 -3.435688E+01  7.733521E+02 -5.286708E+02
  2.991994E+00  2.000000E+01     1  1.537022E+01  5.385470E+01  9.065894E+00  1.241182E+01
  2.991994E+00  2.000000E+01     2  8.287606E+00  1.350576E+02 -5.866114E+00  5.854326E+00
  2.991994E+00  2.000000E+01     3  3.159781E+01  3.124707E+01  2.701418E+01  1.639072E+01
  2.991994E+00  2.000000E+01     4  1.308939E+02 -1.277667E+02 -8.016566E+01 -1.034730E+02
  2.991994E+00  2.000000E+01     5  5.940664E+02  1.604809E+01  5.709156E+02  1.642262E+02
  2.991994E+00  2.000000E+01     6  1.327621E+03 -8.697005E+01  7.017533E+01 -1.325765E+03
  2.991994E+00  3.000000E+01     1  4.563017E+01  5.701950E+00  4.540440E+01  4.533522E+00
  2.991994E+00  3.000000E+01     2  2.716645E+01  4.875156E+01  1.791153E+01  2.042531E+01
  2.991994E+00  3.000000E+01     3  1.312595E+01  1.758575E+01  1.251252E+01  3.965780E+00
  2.991994E+00  3.000000E+01     4  2.931862E+02 -1.146446E+02 -1.222552E+02 -2.664804E+02
  2.991994E+00  3.000000E+01     5  3.112097E+02  5.250018E+01  1.894517E+02  2.468999E+02
  2.991994E+00  3.000000E+01     6  2.737643E+02 -6.911037E+01  9.761584E+01 -2.557695E+02
  2.991994E+00  4.000000E+01     1  2.749904E+01  1.420885E+02 -2.169567E+01  1.689661E+01
  2.991994E+00  4.000000E+01     2  3.095998E+01  1.061863E+02 -8.630464E+00  2.973273E+01
  2.991994E+00  4.000000E+01     3  3.457955E+01  8.451387E+01  3.305968E+00  3.442115E+01
  2.991994E+00  4.000000E+01     4  4.199014E+02 -1.093182E+02 -1.389093E+02 -3.962593E+02
  2.991994E+00  4.000000E+01     5  4.693607E+02  1.076499E+02 -1.423099E+02  4.472666E+02
  2.991994E+00  4.000000E+01     6  6.579213E+02  7.167971E+01  2.068035E+02  6.245740E+02
  2.991994E+00  5.000000E+01     1  3.096061E+01  1.061858E+02 -8.630373E+00  2.973342E+01
  2.991994E+00  5.000000E+01     2  2.749788E+01  1.420914E+02 -2.169560E+01  1.689479E+01
  2.991994E+00  5.000000E+01     3  3.457926E+01  8.451401E+01  3.305861E+00  3.442088E+01
  2.991994E+00  5.000000E+01     4  4.693430E+02 -7.234908E+01  1.423128E+02 -4.472471E+02
  2.991994E+00  5.000000E+01     5  4.199094E+02  7.068172E+01  1.389125E+02  3.962665E+02
  2.991994E+00  5.000000E+01     6  6.579178E+02 -1.083202E+02 -2.068017E+02 -6.245709E+02
  2.991994E+00  6.000000E+01     1  2.716452E+01  4.874954E+01  1.791098E+01  2.042322E+01
  2.991994E+00  6.000000E+01     2  4.563022E+01  5.700653E+00  4.540456E+01  4.532500E+00
  2.991994E+00  6.000000E+01     3  1.312590E+01  1.758587E+01  1.251246E+01  3.965791E+00
  2.991994E+00  6.000000E+01     4  3.112031E+02 -1.275012E+02 -1.894538E+02 -2.468900E+02
  2.991994E+00  6.000000E+01     5  2.931670E+02  6.535546E+01  1.222470E+02  2.664631E+02
  2.991994E+00  6.000000E+01     6  2.737652E+02  1.108893E+02 -9.761453E+01  2.557709E+02
  2.991994E+00  7.000000E+01     1  8.287444E+00  1.350646E+02 -5.866714E+00  5.853495E+00
  2.991994E+00  7.000000E+01     2  1.537070E+01  5.385396E+01  9.066338E+00  1.241209E+01
  2.991994E+00  7.000000E+01     3  3.159774E+01  3.124732E+01  2.701405E+01  1.639080E+01
  2.991994E+00  7.000000E+01     4  5.940698E+02 -1.639517E+02 -5.709183E+02 -1.642293E+02
  2.991994E+00  7.000000E+01     5  1.308824E+02  5.223434E+01  8.015678E+01  1.034655E+02
  2.991994E+00  7.000000E+01     6  1.327622E+03  9.302992E+01 -7.017481E+01  1.325766E+03
  2.991994E+00  8.000000E+01     1  3.374794E+01 -2.169094E+01  3.135828E+01 -1.247323E+01
  2.991994E+00  8.000000E+01     2  1.087589E+02 -1.408400E+02 -8.433010E+01 -6.868000E+01
  2.991994E+00  8.000000E+01     3  6.049005E+00 -6.124427E+00  6.014480E+00 -6.453561E-01
  2.991994E+00  8.000000E+01     4  2.353515E+02 -1.705517E+02 -2.321587E+02 -3.863468E+01
  2.991994E+00  8.000000E+01     5  4.620231E+02 -3.714336E+01  3.682912E+02 -2.789749E+02
  2.991994E+00  8.000000E+01     6  9.367841E+02  1.456430E+02 -7.733505E+02  5.286714E+02
  2.991994E+00  9.000000E+01     1  1.818883E-05  1.607573E+02 -1.717264E-05  5.994502E-06
  2.991994E+00  9.000000E+01     2  1.912072E+02 -1.285559E+02 -1.191752E+02 -1.495242E+02
  2.991994E+00  9.000000E+01     3  3.982248E+01 -1.196937E+02 -1.972658E+01 -3.459323E+01
  2.991994E+00  9.000000E+01     4  1.047235E+02  5.195817E+01  6.453447E+01  8.247616E+01
  2.991994E+00  9.000000E+01     5  2.106207E-04  1.394194E+02 -1.599647E-04  1.370123E-04
  2.991994E+00  9.000000E+01     6  3.608974E-04 -1.109673E+01  3.541499E-04 -6.946045E-05
  2.922413E+00  0.000000E+00     1  1.833091E+02 -1.003928E+02 -3.306817E+01 -1.803017E+02
  2.922413E+00  0.000000E+00     2  0.000000E+00  9.000000E+01  0.000000E+00  0.000000E+00
  2.922413E+00  0.000000E+00     3  3.712077E+01 -9.908697E+01 -5.862611E+00 -3.665490E+01
  2.922413E+00  0.000000E+00     4  0.000000E+00  9.000000E+01  0.000000E+00  0.000000E+00
  2.922413E+00  0.000000E+00     5  4.269588E+01 -2.927838E+01  3.724165E+01 -2.088056E+01
  2.922413E+00  0.000000E+00     6  0.000000E+00  9.000000E+01  0.000000E+00  0.000000E+00
  2.922413E+00  1.000000E+01     1  9.202769E+01 -1.124841E+02 -3.519385E+01 -8.503228E+01
  2.922413E+00  1.000000E+01     2  3.595269E+01 -1.156776E+01  3.522243E+01 -7.209477E+00
  2.922413E+00  1.000000E+01     3  9.892659E+00  2.024080E+01  9.281757E+00  3.422527E+00
  2.922413E+00  1.000000E+01     4  4.582259E+02  1.581080E+02 -4.251826E+02  1.708531E+02
  2.922413E+00  1.000000E+01     5  2.212180E+02  4.192375E+01  1.645939E+02  1.478048E+02
  2.922413E+00  1.000000E+01     6  1.116900E+03 -1.938496E+00  1.116261E+03 -3.778102E+01
  2.922413E+00  2.000000E+01     1  2.026926E+01  1.145031E+02 -8.406525E+00  1.844378E+01
  2.922413E+00  2.000000E+01     2  1.673546E+01  1.260461E+02 -9.847751E+00  1.353135E+01
  2.922413E+00  2.000000E+01     3  3.124286E+01  6.114614E+01  1.507709E+01  2.736416E+01
  2.922413E+00  2.000000E+01     4  2.449026E+02 -1.088244E+02 -7.902252E+01 -2.318032E+02
  2.922413E+00  2.000000E+01     5  4.162626E+02  5.068687E+01  2.637266E+02  3.220603E+02
  2.922413E+00  2.000000E+01     6  1.017005E+03 -7.096202E+01  3.317419E+02 -9.613777E+02
  2.922413E+00  3.000000E+01     1  2.337293E+01  4.751422E+01  1.578624E+01  1.723625E+01
  2.922413E+00  3.000000E+01     2  2.215050E+01  8.334469E+01  2.567156E+00  2.200124E+01
  2.922413E+00  3.000000E+01     3  8.796542E+00  1.014640E+02 -1.748338E+00  8.621048E+00
  2.922413E+00  3.000000E+01     4  3.372709E+02 -6.889841E+01  1.214252E+02 -3.146548E+02
  2.922413E+00  3.000000E+01     5  3.724283E+02  1.214816E+02 -1.944914E+02  3.176097E+02
  2.922413E+00  3.000000E+01     6  3.075843E+02 -5.647581E+01  1.698754E+02 -2.564185E+02
  2.922413E+00  4.000000E+01     1  2.858354E+01  1.532634E+02 -2.552752E+01  1.285943E+01
  2.922413E+00  4.000000E+01     2  2.504887E+01  1.342402E+02 -1.747578E+01  1.794556E+01
  2.922413E+00  4.000000E+01     3  3.044829E+01  1.168804E+02 -1.376657E+01  2.715842E+01
  2.922413E+00  4.000000E+01     4  3.189529E+02 -7.908263E+01  6.040752E+01 -3.131803E+02
  2.922413E+00  4.000000E+01     5  4.862737E+02  1.344776E+02 -3.406979E+02  3.469684E+02
  2.922413E+00  4.000000E+01     6  6.850438E+02  8.233878E+01  9.132687E+01  6.789289E+02
  2.922413E+00  5.000000E+01     1  2.504892E+01  1.342410E+02 -1.747607E+01  1.794534E+01
  2.922413E+00  5.000000E+01     2  2.858390E+01  1.532630E+02 -2.552773E+01  1.285978E+01
  2.922413E+00  5.000000E+01     3  3.044819E+01  1.168806E+02 -1.376664E+01  2.715827E+01
  2.922413E+00  5.000000E+01     4  4.862793E+02 -4.552235E+01  3.407024E+02 -3.469719E+02
  2.922413E+00  5.000000E+01     5  3.189476E+02  1.009180E+02 -6.040991E+01  3.131744E+02
  2.922413E+00  5.000000E+01     6  6.850469E+02 -9.766119E+01 -9.132690E+01 -6.789319E+02
  2.922413E+00  6.000000E+01     1  2.215180E+01  8.334698E+01  2.566428E+00  2.200263E+01
  2.922413E+00  6.000000E+01     2  2.337243E+01  4.751062E+01  1.578699E+01  1.723489E+01
  2.922413E+00  6.000000E+01     3  8.796501E+00  1.014644E+02 -1.748387E+00  8.620996E+00
  2.922413E+00  6.000000E+01     4  3.724094E+02 -5.851884E+01  1.944790E+02 -3.175952E+02
  2.922413E+00  6.000000E+01     5  3.372890E+02  1.111022E+02 -1.214350E+02  3.146703E+02
  2.922413E+00  6.000000E+01     6  3.075841E+02  1.235245E+02 -1.698766E+02  2.564175E+02
  2.922413E+00  7.000000E+01     1  1.673480E+01  1.260430E+02 -9.846631E+00  1.353135E+01
  2.922413E+00  7.000000E+01     2  2.026927E+01  1.145007E+02 -8.405766E+00  1.844415E+01
  2.922413E+00  7.000000E+01     3  3.124280E+01  6.114656E+01  1.507686E+01  2.736423E+01
  2.922413E+00  7.000000E+01     4  4.162712E+02 -1.293126E+02 -2.637292E+02 -3.220693E+02
  2.922413E+00  7.000000E+01     5  2.449103E+02  7.117297E+01  7.903558E+01  2.318069E+02
  2.922413E+00  7.000000E+01     6  1.017004E+03  1.090379E+02 -3.317406E+02  9.613772E+02
  2.922413E+00  8.000000E+01     1  3.595292E+01 -1.156914E+01  3.522248E+01 -7.210367E+00
  2.922413E+00  8.000000E+01     2  9.202797E+01 -1.124840E+02 -3.519388E+01 -8.503257E+01
  2.922413E+00  8.000000E+01     3  9.892661E+00  2.024058E+01  9.281772E+00  3.422492E+00
  2.922413E+00  8.000000E+01     4  2.212185E+02 -1.380764E+02 -1.645947E+02 -1.478046E+02
  2.922413E+00  8.000000E+01     5  4.582309E+02 -2.189316E+01  4.251836E+02 -1.708638E+02
  2.922413E+00  8.000000E+01     6  1.116899E+03  1.780615E+02 -1.116260E+03  3.778088E+01
  2.922413E+00  9.000000E+01     1  1.925565E-05  1.665602E+02 -1.872833E-05  4.475465E-06
  2.922413E+00  9.000000E+01     2  1.833097E+02 -1.003927E+02 -3.306787E+01 -1.803024E+02
  2.922413E+00  9.000000E+01     3  3.712093E+01 -9.908673E+01 -5.862484E+00 -3.665508E+01
  2.922413E+00  9.000000E+01     4  4.270956E+01  1.507180E+02 -3.725227E+01  2.088959E+01
  2.922413E+00  9.000000E+01     5  2.014689E-04  1.486373E+02 -1.720323E-04  1.048551E-04
  2.922413E+00  9.000000E+01     6  4.919793E-04  8.889372E+00  4.860699E-04  7.602415E-05
  2.855994E+00  0.000000E+00     1  1.775072E+02 -7.386175E+01  4.933920E+01 -1.705123E+02
  2.855994E+00  0.000000E+00     2  0.000000E+00  9.000000E+01  0.000000E+00  0.000000E+00
  2.855994E+00  0.000000E+00     3  3.442141E+01 -7.743197E+01  7.490055E+00 -3.359661E+01
  2.855994E+00  0.000000E+00     4  0.000000E+00  9.000000E+01  0.000000E+00  0.000000E+00
  2.855994E+00  0.000000E+00     5  1.121113E+02  9.509078E+00  1.105708E+02  1.852122E+01
  2.855994E+00  0.000000E+00     6  0.000000E+00  9.000000E+01  0.000000E+00  0.000000E+00
  2.855994E+00  1.000000E+01     1  8.163578E+01 -8.190211E+01  1.149962E+01 -8.082178E+01
  2.855994E+00  1.000000E+01     2  3.750749E+01  1.210989E+01  3.667284E+01  7.868597E+00
  2.855994E+00  1.000000E+01     3  1.161105E+01  4.296584E+01  8.496505E+00  7.913653E+00
  2.855994E+00  1.000000E+01     4  4.250543E+02 -1.707755E+02 -4.195574E+02 -6.813774E+01
  2.855994E+00  1.000000E+01     5  1.855572E+02  8.594569E+01  1.311927E+01  1.850929E+02
  2.855994E+00  1.000000E+01     6  1.337897E+03  2.179927E+01  1.242225E+03  4.968360E+02
  2.855994E+00  2.000000E+01     1  2.473626E+01  1.159031E+02 -1.080603E+01  2.225111E+01
  2.855994E+00  2.000000E+01     2  2.938120E+01  1.469216E+02 -2.461922E+01  1.603586E+01
  2.855994E+00  2.000000E+01     3  3.018290E+01  9.539708E+01 -2.838933E+00  3.004909E+01
  2.855994E+00  2.000000E+01     4  2.736817E+02 -7.328259E+01  7.872501E+01 -2.621145E+02
  2.855994E+00  2.000000E+01     5  4.119001E+02  7.494350E+01  1.069999E+02  3.977596E+02
  2.855994E+00  2.000000E+01     6  5.785202E+02 -5.176434E+01  3.580446E+02 -4.544113E+02
  2.855994E+00  3.000000E+01     1  1.637066E+01  5.131979E+01  1.023122E+01  1.277969E+01
  2.855994E+00  3.000000E+01     2  1.090149E+01  1.360388E+02 -7.847010E+00  7.567493E+00
  2.855994E+00  3.000000E+01     3  1.279792E+01  1.734346E+02 -1.271400E+01  1.463273E+00
  2.855994E+00  3.000000E+01     4  3.529793E+02 -2.838904E+01  3.105298E+02 -1.678261E+02
  2.855994E+00  3.000000E+01     5  3.219787E+02  1.394323E+02 -2.445871E+02  2.093978E+02
  2.855994E+00  3.000000E+01     6  4.029674E+02 -6.006583E+01  2.010827E+02 -3.492113E+02
  2.855994E+00  4.000000E+01     1  2.825984E+01 -1.718614E+02 -2.797522E+01 -4.000701E+00
  2.855994E+00  4.000000E+01     2  2.301122E+01  1.680707E+02 -2.251425E+01  4.756509E+00
  2.855994E+00  4.000000E+01     3  2.700361E+01  1.467450E+02 -2.258145E+01  1.480787E+01
  2.855994E+00  4.000000E+01     4  2.602712E+02 -4.278690E+01  1.910092E+02 -1.767954E+02
  2.855994E+00  4.000000E+01     5  4.850446E+02  1.730865E+02 -4.815178E+02  5.838551E+01
  2.855994E+00  4.000000E+01     6  7.549486E+02  9.151826E+01 -2.000270E+01  7.546836E+02
  2.855994E+00  5.000000E+01     1  2.301138E+01  1.680709E+02 -2.251443E+01  4.756497E+00
  2.855994E+00  5.000000E+01     2  2.825981E+01 -1.718613E+02 -2.797519E+01 -4.000717E+00
  2.855994E+00  5.000000E+01     3  2.700360E+01  1.467448E+02 -2.258140E+01  1.480793E+01
  2.855994E+00  5.000000E+01     4  4.850430E+02 -6.913145E+00  4.815166E+02 -5.838200E+01
  2.855994E+00  5.000000E+01     5  2.602715E+02  1.372130E+02 -1.910090E+02  1.767959E+02
  2.855994E+00  5.000000E+01     6  7.549464E+02 -8.848157E+01  2.000495E+01 -7.546813E+02
  2.855994E+00  6.000000E+01     1  1.090147E+01  1.360400E+02 -7.847148E+00  7.567326E+00
  2.855994E+00  6.000000E+01     2  1.637060E+01  5.131945E+01  1.023126E+01  1.277959E+01
  2.855994E+00  6.000000E+01     3  1.279769E+01  1.734355E+02 -1.271379E+01  1.463046E+00
  2.855994E+00  6.000000E+01     4  3.219764E+02 -4.056732E+01  2.445869E+02 -2.093944E+02
  2.855994E+00  6.000000E+01     5  3.529791E+02  1.516112E+02 -3.105304E+02  1.678247E+02
  2.855994E+00  6.000000E+01     6  4.029651E+02  1.199348E+02 -2.010855E+02  3.492069E+02
  2.855994E+00  7.000000E+01     1  2.938121E+01  1.469214E+02 -2.461919E+01  1.603592E+01
  2.855994E+00  7.000000E+01     2  2.473630E+01  1.159033E+02 -1.080613E+01  2.225112E+01
  2.855994E+00  7.000000E+01     3  3.018306E+01  9.539729E+01 -2.839056E+00  3.004924E+01
  2.855994E+00  7.000000E+01     4  4.119017E+02 -1.050558E+02 -1.069955E+02 -3.977625E+02
  2.855994E+00  7.000000E+01     5  2.736825E+02  1.067175E+02 -7.872546E+01  2.621152E+02
  2.855994E+00  7.000000E+01     6  5.785205E+02  1.282361E+02 -3.580485E+02  4.544087E+02
  2.855994E+00  8.000000E+01     1  3.750749E+01  1.210981E+01  3.667285E+01  7.868543E+00
  2.855994E+00  8.000000E+01     2  8.163567E+01 -8.190209E+01  1.149962E+01 -8.082166E+01
  2.855994E+00  8.000000E+01     3  1.161142E+01  4.296716E+01  8.496593E+00  7.914100E+00
  2.855994E+00  8.000000E+01     4  1.855598E+02 -9.405437E+01 -1.311965E+01 -1.850954E+02
  2.855994E+00  8.000000E+01     5  4.250525E+02  9.224678E+00  4.195555E+02  6.813861E+01
  2.855994E+00  8.000000E+01     6  1.337893E+03 -1.582007E+02 -1.242221E+03 -4.968352E+02
  2.855994E+00  9.000000E+01     1  2.107327E-05 -1.773375E+02 -2.105052E-05 -9.789170E-07
  2.855994E+00  9.000000E+01     2  1.775074E+02 -7.386176E+01  4.933926E+01 -1.705126E+02
  2.855994E+00  9.000000E+01     3  3.442109E+01 -7.743156E+01  7.490229E+00 -3.359624E+01
  2.855994E+00  9.000000E+01     4  1.121110E+02 -1.704911E+02 -1.105706E+02 -1.852077E+01
  2.855994E+00  9.000000E+01     5  1.844235E-04  1.761914E+02 -1.840162E-04  1.225015E-05
  2.855994E+00  9.000000E+01     6  5.875467E-04  1.899565E+01  5.555508E-04  1.912443E-04
  2.792528E+00  0.000000E+00     1  1.650340E+02 -4.610312E+01  1.144284E+02 -1.189216E+02
  2.792528E+00  0.000000E+00     2  0.000000E+00  9.000000E+01  0.000000E+00  0.000000E+00
  2.792528E+00  0.000000E+00     3  2.416841E+01 -5.260467E+01  1.467774E+01 -1.920093E+01
  2.792528E+00  0.000000E+00     4  0.000000E+00  9.000000E+01  0.000000E+00  0.000000E+00
  2.792528E+00  0.000000E+00     5  1.920933E+02  2.041791E+01  1.800246E+02  6.701464E+01
  2.792528E+00  0.000000E+00     6  0.000000E+00  9.000000E+01  0.000000E+00  0.000000E+00
  2.792528E+00  1.000000E+01     1  7.458600E+01 -5.022116E+01  4.772206E+01 -5.732082E+01
  2.792528E+00  1.000000E+01     2  3.105931E+01  3.064631E+01  2.672127E+01  1.583208E+01
  2.792528E+00  1.000000E+01     3  1.203422E+01  6.045872E+01  5.933476E+00  1.046978E+01
  2.792528E+00  1.000000E+01     4  3.568554E+02 -1.438748E+02 -2.882430E+02 -2.103847E+02
  2.792528E+00  1.000000E+01     5  2.543703E+02  1.278195E+02 -1.559736E+02  2.009389E+02
  2.792528E+00  1.000000E+01     6  1.402166E+03  3.742213E+01  1.113572E+03  8.520723E+02
  2.792528E+00  2.000000E+01     1  2.832916E+01  1.420289E+02 -2.233248E+01  1.742990E+01
  2.792528E+00  2.000000E+01     2  3.610250E+01  1.629161E+02 -3.450950E+01  1.060589E+01
  2.792528E+00  2.000000E+01     3  2.912496E+01  1.236013E+02 -1.611807E+01  2.425842E+01
  2.792528E+00  2.000000E+01     4  2.950805E+02 -4.455253E+01  2.102766E+02 -2.070175E+02
  2.792528E+00  2.000000E+01     5  2.947488E+02  1.112910E+02 -1.070248E+02  2.746316E+02
  2.792528E+00  2.000000E+01     6  3.095576E+02  3.185376E+01  2.629376E+02  1.633699E+02
  2.792528E+00  3.000000E+01     1  6.394099E+00  8.092529E+01  1.008492E+00  6.314067E+00
  2.792528E+00  3.000000E+01     2  1.325054E+01 -1.383895E+02 -9.907125E+00 -8.799191E+00
  2.792528E+00  3.000000E+01     3  1.749528E+01 -1.555169E+02 -1.592217E+01 -7.250469E+00
  2.792528E+00  3.000000E+01     4  3.901082E+02  4.100627E+00  3.891095E+02  2.789600E+01
  2.792528E+00  3.000000E+01     5  2.692195E+02  1.729010E+02 -2.671557E+02  3.327144E+01
  2.792528E+00  3.000000E+01     6  5.063075E+02 -8.348053E+01  5.748654E+01 -5.030334E+02
  2.792528E+00  4.000000E+01     1  2.750650E+01 -1.364467E+02 -1.993490E+01 -1.895277E+01
  2.792528E+00  4.000000E+01     2  2.133365E+01 -1.534463E+02 -1.908328E+01 -9.536926E+00
  2.792528E+00  4.000000E+01     3  2.337374E+01 -1.613673E+02 -2.214863E+01 -7.467923E+00
  2.792528E+00  4.000000E+01     4  1.913261E+02  1.123954E+01  1.876566E+02  3.729162E+01
  2.792528E+00  4.000000E+01     5  4.963864E+02 -1.568178E+02 -4.563069E+02 -1.954060E+02
  2.792528E+00  4.000000E+01     6  8.719960E+02  9.372459E+01 -5.664542E+01  8.701542E+02
  2.792528E+00  5.000000E+01     1  2.133384E+01 -1.534462E+02 -1.908344E+01 -9.537033E+00
  2.792528E+00  5.000000E+01     2  2.750649E+01 -1.364468E+02 -1.993492E+01 -1.895272E+01
  2.792528E+00  5.000000E+01     3  2.337392E+01 -1.613673E+02 -2.214881E+01 -7.467966E+00
  2.792528E+00  5.000000E+01     4  4.963849E+02  2.318200E+01  4.563064E+02  1.954034E+02
  2.792528E+00  5.000000E+01     5  1.913263E+02 -1.687604E+02 -1.876568E+02 -3.729194E+01
  2.792528E+00  5.000000E+01     6  8.719959E+02 -8.627552E+01  5.664372E+01 -8.701542E+02
  2.792528E+00  6.000000E+01     1  1.325066E+01 -1.383898E+02 -9.907252E+00 -8.799217E+00
  2.792528E+00  6.000000E+01     2  6.394073E+00  8.092373E+01  1.008660E+00  6.314015E+00
  2.792528E+00  6.000000E+01     3  1.749515E+01 -1.555167E+02 -1.592202E+01 -7.250484E+00
  2.792528E+00  6.000000E+01     4  2.692179E+02 -7.098445E+00  2.671544E+02 -3.326847E+01
  2.792528E+00  6.000000E+01     5  3.901100E+02 -1.758991E+02 -3.891111E+02 -2.789813E+01
  2.792528E+00  6.000000E+01     6  5.063094E+02  9.651958E+01 -5.748769E+01  5.030352E+02
  2.792528E+00  7.000000E+01     1  3.610245E+01  1.629159E+02 -3.450941E+01  1.060599E+01
  2.792528E+00  7.000000E+01     2  2.832924E+01  1.420294E+02 -2.233268E+01  1.742978E+01
  2.792528E+00  7.000000E+01     3  2.912495E+01  1.236010E+02 -1.611794E+01  2.425851E+01
  2.792528E+00  7.000000E+01     4  2.947502E+02 -6.870802E+01  1.070299E+02 -2.746312E+02
  2.792528E+00  7.000000E+01     5  2.950789E+02  1.354474E+02 -2.102754E+02  2.070166E+02
  2.792528E+00  7.000000E+01     6  3.095545E+02 -1.481463E+02 -2.629352E+02 -1.633680E+02
  2.792528E+00  8.000000E+01     1  3.105940E+01  3.064631E+01  2.672134E+01  1.583212E+01
  2.792528E+00  8.000000E+01     2  7.458575E+01 -5.022107E+01  4.772199E+01 -5.732055E+01
  2.792528E+00  8.000000E+01     3  1.203438E+01  6.045941E+01  5.933432E+00  1.046999E+01
  2.792528E+00  8.000000E+01     4  2.543704E+02 -5.218079E+01  1.559728E+02 -2.009398E+02
  2.792528E+00  8.000000E+01     5  3.568541E+02  3.612541E+01  2.882413E+02  2.103850E+02
  2.792528E+00  8.000000E+01     6  1.402167E+03 -1.425778E+02 -1.113571E+03 -8.520749E+02
  2.792528E+00  9.000000E+01     1  1.802070E-05 -1.658321E+02 -1.747256E-05 -4.410815E-06
  2.792528E+00  9.000000E+01     2  1.650339E+02 -4.610304E+01  1.144285E+02 -1.189215E+02
  2.792528E+00  9.000000E+01     3  2.416835E+01 -5.260465E+01  1.467772E+01 -1.920088E+01
  2.792528E+00  9.000000E+01     4  1.920954E+02 -1.595812E+02 -1.800255E+02 -6.701827E+01
  2.792528E+00  9.000000E+01     5  1.471835E-04 -1.605847E+02 -1.388138E-04 -4.892570E-05
  2.792528E+00  9.000000E+01     6  5.174983E-04  2.077422E+01  4.838533E-04  1.835495E-04
  2.731821E+00  0.000000E+00     1  1.510083E+02 -1.601834E+01  1.451452E+02 -4.166998E+01
  2.731821E+00  0.000000E+00     2  0.000000E+00  9.000000E+01  0.000000E+00  0.000000E+00
  2.731821E+00  0.000000E+00     3  1.463448E+01 -1.616274E+01  1.405605E+01 -4.073750E+00
  2.731821E+00  0.000000E+00     4  0.000000E+00  9.000000E+01  0.000000E+00  0.000000E+00
  2.731821E+00  0.000000E+00     5  2.073527E+02  2.750820E+01  1.839104E+02  9.577115E+01
  2.731821E+00  0.000000E+00     6  0.000000E+00  9.000000E+01  0.000000E+00  0.000000E+00
  2.731821E+00  1.000000E+01     1  6.951647E+01 -2.144796E+01  6.470246E+01 -2.541911E+01
  2.731821E+00  1.000000E+01     2  2.512922E+01  5.192900E+01  1.549562E+01  1.978290E+01
  2.731821E+00  1.000000E+01     3  8.351977E+00  7.757651E+01  1.796809E+00  8.156408E+00
  2.731821E+00  1.000000E+01     4  3.020527E+02 -1.176684E+02 -1.402594E+02 -2.675129E+02
  2.731821E+00  1.000000E+01     5  3.247166E+02  1.496178E+02 -2.801236E+02  1.642304E+02
  2.731821E+00  1.000000E+01     6  1.156572E+03  5.653308E+01  6.377981E+02  9.648176E+02
  2.731821E+00  2.000000E+01     1  3.002264E+01  1.688019E+02 -2.945106E+01  5.830436E+00
  2.731821E+00  2.000000E+01     2  3.582925E+01  1.794806E+02 -3.582778E+01  3.247841E-01
  2.731821E+00  2.000000E+01     3  2.357925E+01  1.597113E+02 -2.211633E+01  8.176142E+00
  2.731821E+00  2.000000E+01     4  2.806425E+02 -1.730899E+01  2.679333E+02 -8.349804E+01
  2.731821E+00  2.000000E+01     5  2.371083E+02  1.664248E+02 -2.304841E+02  5.565452E+01
  2.731821E+00  2.000000E+01     6  6.460018E+02  7.002388E+01  2.206926E+02  6.071352E+02
  2.731821E+00  3.000000E+01     1  7.401910E-01 -1.268693E+02 -4.441080E-01 -5.921578E-01
  2.731821E+00  3.000000E+01     2  2.455653E+01 -9.514949E+01 -2.204062E+00 -2.445742E+01
  2.731821E+00  3.000000E+01     3  2.512694E+01 -1.221990E+02 -1.338918E+01 -2.126248E+01
  2.731821E+00  3.000000E+01     4  3.937862E+02  3.919600E+01  3.051799E+02  2.488631E+02
  2.731821E+00  3.000000E+01     5  2.074124E+02 -1.399805E+02 -1.588418E+02 -1.333760E+02
  2.731821E+00  3.000000E+01     6  5.911697E+02 -1.048112E+02 -1.511236E+02 -5.715271E+02
  2.731821E+00  4.000000E+01     1  2.980157E+01 -1.009914E+02 -5.682024E+00 -2.925488E+01
  2.731821E+00  4.000000E+01     2  1.655904E+01 -1.111672E+02 -5.979311E+00 -1.544182E+01
  2.731821E+00  4.000000E+01     3  2.261083E+01 -1.200361E+02 -1.131776E+01 -1.957442E+01
  2.731821E+00  4.000000E+01     4  1.838305E+02  7.483298E+01  4.809627E+01  1.774272E+02
  2.731821E+00  4.000000E+01     5  4.684936E+02 -1.281698E+02 -2.895260E+02 -3.683218E+02
  2.731821E+00  4.000000E+01     6  7.871840E+02  9.026886E+01 -3.693876E+00  7.871754E+02
  2.731821E+00  5.000000E+01     1  1.655890E+01 -1.111684E+02 -5.979590E+00 -1.544156E+01
  2.731821E+00  5.000000E+01     2  2.980137E+01 -1.009916E+02 -5.682061E+00 -2.925467E+01
  2.731821E+00  5.000000E+01     3  2.261119E+01 -1.200363E+02 -1.131800E+01 -1.957470E+01
  2.731821E+00  5.000000E+01     4  4.684937E+02  5.183015E+01  2.895267E+02  3.683214E+02
  2.731821E+00  5.000000E+01     5  1.838263E+02 -1.051658E+02 -4.809141E+01 -1.774241E+02
  2.731821E+00  5.000000E+01     6  7.871841E+02 -8.973124E+01  3.692441E+00 -7.871754E+02
  2.731821E+00  6.000000E+01     1  2.455663E+01 -9.514983E+01 -2.204211E+00 -2.445750E+01
  2.731821E+00  6.000000E+01     2  7.403786E-01 -1.268709E+02 -4.442373E-01 -5.922953E-01
  2.731821E+00  6.000000E+01     3  2.512669E+01 -1.221999E+02 -1.338937E+01 -2.126206E+01
  2.731821E+00  6.000000E+01     4  2.074160E+02  4.001912E+01  1.588454E+02  1.333775E+02
  2.731821E+00  6.000000E+01     5  3.937888E+02 -1.408041E+02 -3.051821E+02 -2.488644E+02
  2.731821E+00  6.000000E+01     6  5.911706E+02  7.518894E+01  1.511223E+02  5.715284E+02
  2.731821E+00  7.000000E+01     1  3.582908E+01  1.794805E+02 -3.582761E+01  3.248277E-01
  2.731821E+00  7.000000E+01     2  3.002259E+01  1.688025E+02 -2.945107E+01  5.830117E+00
  2.731821E+00  7.000000E+01     3  2.357888E+01  1.597105E+02 -2.211586E+01  8.176310E+00
  2.731821E+00  7.000000E+01     4  2.371076E+02 -1.357459E+01  2.304840E+02 -5.565176E+01
  2.731821E+00  7.000000E+01     5  2.806407E+02  1.626913E+02 -2.679320E+02  8.349622E+01
  2.731821E+00  7.000000E+01     6  6.459999E+02 -1.099762E+02 -2.206922E+02 -6.071332E+02
  2.731821E+00  8.000000E+01     1  2.512926E+01  5.192891E+01  1.549567E+01  1.978292E+01
  2.731821E+00  8.000000E+01     2  6.951640E+01 -2.144798E+01  6.470238E+01 -2.541912E+01
  2.731821E+00  8.000000E+01     3  8.351778E+00  7.757397E+01  1.797129E+00  8.156135E+00
  2.731821E+00  8.000000E+01     4  3.247148E+02 -3.038243E+01  2.801214E+02 -1.642308E+02
  2.731821E+00  8.000000E+01     5  3.020522E+02  6.233189E+01  1.402577E+02  2.675132E+02
  2.731821E+00  8.000000E+01     6  1.156574E+03 -1.234670E+02 -6.378000E+02 -9.648187E+02
  2.731821E+00  9.000000E+01     1  1.334966E-05 -1.517064E+02 -1.175478E-05 -6.327597E-06
  2.731821E+00  9.000000E+01     2  1.510081E+02 -1.601843E+01  1.451449E+02 -4.167017E+01
  2.731821E+00  9.000000E+01     3  1.463459E+01 -1.616269E+01  1.405616E+01 -4.073768E+00
  2.731821E+00  9.000000E+01     4  2.073476E+02 -1.524926E+02 -1.839071E+02 -9.576633E+01
  2.731821E+00  9.000000E+01     5  1.065435E-04 -1.356615E+02 -7.620236E-05 -7.446284E-05
  2.731821E+00  9.000000E+01     6  2.551070E-04  3.506969E+01  2.087933E-04  1.465775E-04
  2.673697E+00  0.000000E+00     1  1.469233E+02  1.890474E+01  1.389981E+02  4.760252E+01
  2.673697E+00  0.000000E+00     2  0.000000E+00  9.000000E+01  0.000000E+00  0.000000E+00
  2.673697E+00  0.000000E+00     3  1.288303E+01  3.942078E+01  9.952182E+00  8.180861E+00
  2.673697E+00  0.000000E+00     4  0.000000E+00  9.000000E+01  0.000000E+00  0.000000E+00
  2.673697E+00  0.000000E+00     5  2.046204E+02  3.457072E+01  1.684898E+02  1.161063E+02
  2.673697E+00  0.000000E+00     6  0.000000E+00  9.000000E+01  0.000000E+00  0.000000E+00
  2.673697E+00  1.000000E+01     1  6.219004E+01  1.083180E+01  6.108201E+01  1.168716E+01
  2.673697E+00  1.000000E+01     2  2.011169E+01  7.659177E+01  4.663652E+00  1.956349E+01
  2.673697E+00  1.000000E+01     3  3.599492E+00  1.047440E+02 -9.160750E-01  3.480969E+00
  2.673697E+00  1.000000E+01     4  2.428602E+02 -8.622725E+01  1.598006E+01 -2.423339E+02
  2.673697E+00  1.000000E+01     5  3.279952E+02  1.734381E+02 -3.258465E+02  3.748217E+01
  2.673697E+00  1.000000E+01     6  9.061177E+02  8.519823E+01  7.584978E+01  9.029375E+02
  2.673697E+00  2.000000E+01     1  3.011536E+01 -1.509131E+02 -2.631731E+01 -1.464016E+01
  2.673697E+00  2.000000E+01     2  3.215437E+01 -1.618422E+02 -3.055314E+01 -1.002044E+01
  2.673697E+00  2.000000E+01     3  2.480390E+01 -1.760632E+02 -2.474537E+01 -1.702928E+00
  2.673697E+00  2.000000E+01     4  2.446961E+02  8.300752E+00  2.421326E+02  3.532657E+01
  2.673697E+00  2.000000E+01     5  2.829571E+02 -1.321871E+02 -1.900207E+02 -2.096588E+02
  2.673697E+00  2.000000E+01     6  7.335753E+02  8.047031E+01  1.214497E+02  7.234519E+02
  2.673697E+00  3.000000E+01     1  5.750916E+00 -8.300398E+00  5.690674E+00 -8.302199E-01
  2.673697E+00  3.000000E+01     2  2.745811E+01 -9.139182E+01 -6.669422E-01 -2.745001E+01
  2.673697E+00  3.000000E+01     3  2.520121E+01 -8.535694E+01  2.039986E+00 -2.511851E+01
  2.673697E+00  3.000000E+01     4  4.538532E+02  5.493987E+01  2.607095E+02  3.715014E+02
  2.673697E+00  3.000000E+01     5  1.798600E+02 -7.739664E+01  3.924554E+01 -1.755261E+02
  2.673697E+00  3.000000E+01     6  5.992567E+02 -1.124741E+02 -2.290750E+02 -5.537447E+02
  2.673697E+00  4.000000E+01     1  3.207377E+01 -6.620943E+01  1.293839E+01 -2.934834E+01
  2.673697E+00  4.000000E+01     2  1.275794E+01 -3.531374E+01  1.041046E+01 -7.374769E+00
  2.673697E+00  4.000000E+01     3  2.130821E+01 -7.542946E+01  5.360543E+00 -2.062291E+01
  2.673697E+00  4.000000E+01     4  2.064692E+02  1.390906E+02 -1.560383E+02  1.352094E+02
  2.673697E+00  4.000000E+01     5  4.332782E+02 -9.063472E+01 -4.799700E+00 -4.332516E+02
  2.673697E+00  4.000000E+01     6  6.154302E+02  9.112933E+01 -1.212964E+01  6.153107E+02
  2.673697E+00  5.000000E+01     1  1.275757E+01 -3.531491E+01  1.041001E+01 -7.374766E+00
  2.673697E+00  5.000000E+01     2  3.207316E+01 -6.621102E+01  1.293733E+01 -2.934814E+01
  2.673697E+00  5.000000E+01     3  2.130840E+01 -7.542945E+01  5.360597E+00 -2.062309E+01
  2.673697E+00  5.000000E+01     4  4.332785E+02  8.936414E+01  4.808388E+00  4.332518E+02
  2.673697E+00  5.000000E+01     5  2.064683E+02 -4.090945E+01  1.560374E+02 -1.352090E+02
  2.673697E+00  5.000000E+01     6  6.154380E+02 -8.887086E+01  1.212786E+01 -6.153185E+02
  2.673697E+00  6.000000E+01     1  2.745869E+01 -9.139114E+01 -6.666304E-01 -2.745060E+01
  2.673697E+00  6.000000E+01     2  5.751260E+00 -8.287899E+00  5.691195E+00 -8.290281E-01
  2.673697E+00  6.000000E+01     3  2.520089E+01 -8.535692E+01  2.039972E+00 -2.511818E+01
  2.673697E+00  6.000000E+01     4  1.798476E+02  1.026062E+02 -3.925164E+01  1.755120E+02
  2.673697E+00  6.000000E+01     5  4.538601E+02 -1.250589E+02 -2.607053E+02 -3.715128E+02
  2.673697E+00  6.000000E+01     6  5.992554E+02  6.752655E+01  2.290686E+02  5.537460E+02
  2.673697E+00  7.000000E+01     1  3.215446E+01 -1.618415E+02 -3.055310E+01 -1.002086E+01
  2.673697E+00  7.000000E+01     2  3.011482E+01 -1.509109E+02 -2.631628E+01 -1.464090E+01
  2.673697E+00  7.000000E+01     3  2.480394E+01 -1.760633E+02 -2.474541E+01 -1.702889E+00
  2.673697E+00  7.000000E+01     4  2.829564E+02  4.781598E+01  1.900092E+02  2.096684E+02
  2.673697E+00  7.000000E+01     5  2.447005E+02 -1.716980E+02 -2.421362E+02 -3.533272E+01
  2.673697E+00  7.000000E+01     6  7.335726E+02 -9.952974E+01 -1.214500E+02 -7.234491E+02
  2.673697E+00  8.000000E+01     1  2.011077E+01  7.659109E+01  4.663672E+00  1.956255E+01
  2.673697E+00  8.000000E+01     2  6.218975E+01  1.083194E+01  6.108170E+01  1.168725E+01
  2.673697E+00  8.000000E+01     3  3.599555E+00  1.047458E+02 -9.161969E-01  3.481003E+00
  2.673697E+00  8.000000E+01     4  3.280039E+02 -6.562246E+00  3.258549E+02 -3.748513E+01
  2.673697E+00  8.000000E+01     5  2.428512E+02  9.377383E+01 -1.598400E+01  2.423246E+02
  2.673697E+00  8.000000E+01     6  9.061143E+02 -9.480183E+01 -7.585058E+01 -9.029340E+02
  2.673697E+00  9.000000E+01     1  6.586132E-06 -1.205742E+02 -3.350057E-06 -5.670473E-06
  2.673697E+00  9.000000E+01     2  1.469241E+02  1.890467E+01  1.389989E+02  4.760262E+01
  2.673697E+00  9.000000E+01     3  1.288298E+01  3.942183E+01  9.951997E+00  8.181014E+00
  2.673697E+00  9.000000E+01     4  2.046318E+02 -1.454296E+02 -1.684998E+02 -1.161120E+02
  2.673697E+00  9.000000E+01     5  5.915129E-05 -6.836358E+01  2.181000E-05 -5.498363E-05
  2.673697E+00  9.000000E+01     6  1.400451E-04  1.190687E+02 -6.804212E-05  1.224047E-04
  2.617995E+00  0.000000E+00     1  1.346998E+02  5.081015E+01  8.511573E+01  1.044000E+02
  2.617995E+00  0.000000E+00     2  0.000000E+00  9.000000E+01  0.000000E+00  0.000000E+00
  2.617995E+00  0.000000E+00     3  1.859603E+01  8.886189E+01  3.693606E-01  1.859236E+01
  2.617995E+00  0.000000E+00     4  0.000000E+00  9.000000E+01  0.000000E+00  0.000000E+00
  2.617995E+00  0.000000E+00     5  9.396198E+01  7.655546E+01  2.184655E+01  9.138699E+01
  2.617995E+00  0.000000E+00     6  0.000000E+00  9.000000E+01  0.000000E+00  0.000000E+00
  2.617995E+00  1.000000E+01     1  5.688829E+01  3.663761E+01  4.564864E+01  3.394819E+01
  2.617995E+00  1.000000E+01     2  8.978039E+00  1.188086E+02 -4.326378E+00  7.866870E+00
  2.617995E+00  1.000000E+01     3  5.222149E+00 -1.021012E+02 -1.094764E+00 -5.106108E+00
  2.617995E+00  1.000000E+01     4  1.474232E+02 -3.253722E+01  1.242840E+02 -7.929117E+01
  2.617995E+00  1.000000E+01     5  2.663173E+02 -1.666974E+02 -2.591716E+02 -6.127801E+01
  2.617995E+00  1.000000E+01     6  8.154446E+02  1.269630E+02 -4.903257E+02  6.515601E+02
  2.617995E+00  2.000000E+01     1  3.354617E+01 -1.430315E+02 -2.680227E+01 -2.017384E+01
  2.617995E+00  2.000000E+01     2  2.053219E+01 -1.412456E+02 -1.601175E+01 -1.285281E+01
  2.617995E+00  2.000000E+01     3  1.958776E+01 -1.522626E+02 -1.733694E+01 -9.116522E+00
  2.617995E+00  2.000000E+01     4  1.286980E+02  3.956570E+01  9.921258E+01  8.197579E+01
  2.617995E+00  2.000000E+01     5  3.370153E+02 -1.235470E+02 -1.862419E+02 -2.808795E+02
  2.617995E+00  2.000000E+01     6  7.044556E+02  1.022904E+02 -1.499557E+02  6.883102E+02
  2.617995E+00  3.000000E+01     1  1.272108E+01  1.338105E-01  1.272104E+01  2.970920E-02
  2.617995E+00  3.000000E+01     2  3.439346E+01 -4.906832E+01  2.253317E+01 -2.598396E+01
  2.617995E+00  3.000000E+01     3  2.684558E+01 -5.566854E+01  1.514036E+01 -2.216878E+01
  2.617995E+00  3.000000E+01     4  3.795900E+02  1.006420E+02 -7.009988E+01  3.730611E+02
  2.617995E+00  3.000000E+01     5  2.598313E+02 -3.031537E+01  2.243020E+02 -1.311523E+02
  2.617995E+00  3.000000E+01     6  5.869639E+02 -1.001683E+02 -1.036231E+02 -5.777446E+02
  2.617995E+00  4.000000E+01     1  2.980350E+01 -3.212357E+01  2.524068E+01 -1.584792E+01
  2.617995E+00  4.000000E+01     2  2.064739E+01  1.054479E+01  2.029870E+01  3.778556E+00
  2.617995E+00  4.000000E+01     3  2.086210E+01 -3.298714E+01  1.749898E+01 -1.135839E+01
  2.617995E+00  4.000000E+01     4  3.031359E+02  1.748206E+02 -3.018982E+02  2.736523E+01
  2.617995E+00  4.000000E+01     5  3.525377E+02 -5.393490E+01  2.075404E+02 -2.849734E+02
  2.617995E+00  4.000000E+01     6  5.028818E+02  1.043475E+02 -1.246154E+02  4.871972E+02
  2.617995E+00  5.000000E+01     1  2.064716E+01  1.054464E+01  2.029848E+01  3.778460E+00
  2.617995E+00  5.000000E+01     2  2.980373E+01 -3.212317E+01  2.524098E+01 -1.584786E+01
  2.617995E+00  5.000000E+01     3  2.086207E+01 -3.298693E+01  1.749900E+01 -1.135831E+01
  2.617995E+00  5.000000E+01     4  3.525383E+02  1.260653E+02 -2.075419E+02  2.849730E+02
  2.617995E+00  5.000000E+01     5  3.031349E+02 -5.179848E+00  3.018970E+02 -2.736772E+01
  2.617995E+00  5.000000E+01     6  5.028849E+02 -7.565244E+01  1.246166E+02 -4.872001E+02
  2.617995E+00  6.000000E+01     1  3.439322E+01 -4.906837E+01  2.253299E+01 -2.598380E+01
  2.617995E+00  6.000000E+01     2  1.272091E+01  1.339171E-01  1.272087E+01  2.973248E-02
  2.617995E+00  6.000000E+01     3  2.684554E+01 -5.566837E+01  1.514041E+01 -2.216870E+01
  2.617995E+00  6.000000E+01     4  2.598280E+02  1.496840E+02 -2.242977E+02  1.311530E+02
  2.617995E+00  6.000000E+01     5  3.795878E+02 -7.935809E+01  7.009859E+01 -3.730591E+02
  2.617995E+00  6.000000E+01     6  5.869623E+02  7.983181E+01  1.036213E+02  5.777433E+02
  2.617995E+00  7.000000E+01     1  2.053192E+01 -1.412453E+02 -1.601148E+01 -1.285271E+01
  2.617995E+00  7.000000E+01     2  3.354623E+01 -1.430319E+02 -2.680243E+01 -2.017373E+01
  2.617995E+00  7.000000E+01     3  1.958766E+01 -1.522630E+02 -1.733690E+01 -9.116376E+00
  2.617995E+00  7.000000E+01     4  3.370167E+02  5.645234E+01  1.862457E+02  2.808786E+02
  2.617995E+00  7.000000E+01     5  1.286948E+02 -1.404334E+02 -9.920895E+01 -8.197527E+01
  2.617995E+00  7.000000E+01     6  7.044546E+02 -7.770963E+01  1.499545E+02 -6.883094E+02
  2.617995E+00  8.000000E+01     1  8.978121E+00  1.188085E+02 -4.326408E+00  7.866946E+00
  2.617995E+00  8.000000E+01     2  5.688799E+01  3.663776E+01  4.564830E+01  3.394812E+01
  2.617995E+00  8.000000E+01     3  5.222132E+00 -1.021013E+02 -1.094776E+00 -5.106087E+00
  2.617995E+00  8.000000E+01     4  2.663202E+02  1.330239E+01  2.591746E+02  6.127767E+01
  2.617995E+00  8.000000E+01     5  1.474240E+02  1.474630E+02 -1.242849E+02  7.929122E+01
  2.617995E+00  8.000000E+01     6  8.154437E+02 -5.303699E+01  4.903257E+02 -6.515590E+02
  2.617995E+00  9.000000E+01     1  5.998230E-06 -1.303475E+01  5.843677E-06 -1.352852E-06
  2.617995E+00  9.000000E+01     2  1.346994E+02  5.081013E+01  8.511553E+01  1.043996E+02
  2.617995E+00  9.000000E+01     3  1.859600E+01  8.886229E+01  3.692331E-01  1.859233E+01
  2.617995E+00  9.000000E+01     4  9.395567E+01 -1.034424E+02 -2.184172E+01 -9.138165E+01
  2.617995E+00  9.000000E+01     5  1.104950E-04 -2.103472E+00  1.104206E-04 -4.055638E-06
  2.617995E+00  9.000000E+01     6  2.836416E-04  1.740365E+02 -2.821066E-04  2.946876E-05
  2.564567E+00  0.000000E+00     1  1.318293E+02  8.300938E+01  1.604453E+01  1.308493E+02
  2.564567E+00  0.000000E+00     2  0.000000E+00  9.000000E+01  0.000000E+00  0.000000E+00
  2.564567E+00  0.000000E+00     3  2.142890E+01  8.088049E+01  3.396361E+00  2.115803E+01
  2.564567E+00  0.000000E+00     4  0.000000E+00  9.000000E+01  0.000000E+00  0.000000E+00
  2.564567E+00  0.000000E+00     5  3.926492E+01  1.288598E+02 -2.463549E+01  3.057494E+01
  2.564567E+00  0.000000E+00     6  0.000000E+00  9.000000E+01  0.000000E+00  0.000000E+00
  2.564567E+00  1.000000E+01     1  4.754612E+01  6.576377E+01  1.951766E+01  4.335544E+01
  2.564567E+00  1.000000E+01     2  9.944895E+00 -1.766555E+02 -9.927957E+00 -5.801797E-01
  2.564567E+00  1.000000E+01     3  9.813376E+00 -1.316015E+02 -6.515548E+00 -7.338255E+00
  2.564567E+00  1.000000E+01     4  1.794671E+02  1.371318E+01  1.743514E+02  4.254478E+01
  2.564567E+00  1.000000E+01     5  2.117010E+02 -1.394634E+02 -1.608909E+02 -1.375916E+02
  2.564567E+00  1.000000E+01     6  7.495925E+02  1.641568E+02 -7.211173E+02  2.046428E+02
  2.564567E+00  2.000000E+01     1  2.836648E+01 -1.059081E+02 -7.775095E+00 -2.728012E+01
  2.564567E+00  2.000000E+01     2  1.134653E+01 -8.437876E+01  1.111415E+00 -1.129197E+01
  2.564567E+00  2.000000E+01     3  1.252537E+01 -1.000005E+02 -2.175119E+00 -1.233506E+01
  2.564567E+00  2.000000E+01     4  1.102403E+02  1.330668E+02 -7.527759E+01  8.053699E+01
  2.564567E+00  2.000000E+01     5  3.093508E+02 -8.180936E+01  4.407238E+01 -3.061953E+02
  2.564567E+00  2.000000E+01     6  6.429991E+02  1.197619E+02 -3.191832E+02  5.581845E+02
  2.564567E+00  3.000000E+01     1  1.641701E+01  2.607805E+01  1.474569E+01  7.216836E+00
  2.564567E+00  3.000000E+01     2  2.642283E+01 -2.610470E+01  2.372747E+01 -1.162638E+01
  2.564567E+00  3.000000E+01     3  1.562753E+01 -1.556664E+01  1.505430E+01 -4.193789E+00
  2.564567E+00  3.000000E+01     4  2.661275E+02  1.261257E+02 -1.568979E+02  2.149579E+02
  2.564567E+00  3.000000E+01     5  3.231380E+02  5.939077E+00  3.214035E+02  3.343539E+01
  2.564567E+00  3.000000E+01     6  5.264955E+02 -8.742978E+01  2.361000E+01 -5.259658E+02
  2.564567E+00  4.000000E+01     1  2.359555E+01  8.591546E-01  2.359290E+01  3.538039E-01
  2.564567E+00  4.000000E+01     2  2.615563E+01  4.267345E+01  1.923037E+01  1.772878E+01
  2.564567E+00  4.000000E+01     3  2.105640E+01  2.005939E+01  1.977906E+01  7.222219E+00
  2.564567E+00  4.000000E+01     4  3.645624E+02 -1.554412E+02 -3.315823E+02 -1.515220E+02
  2.564567E+00  4.000000E+01     5  2.521439E+02 -1.666949E+01  2.415477E+02 -7.232759E+01
  2.564567E+00  4.000000E+01     6  4.108556E+02  1.181050E+02 -1.935492E+02  3.624101E+02
  2.564567E+00  5.000000E+01     1  2.615564E+01  4.267358E+01  1.923034E+01  1.772883E+01
  2.564567E+00  5.000000E+01     2  2.359576E+01  8.598219E-01  2.359310E+01  3.540817E-01
  2.564567E+00  5.000000E+01     3  2.105598E+01  2.005562E+01  1.977915E+01  7.220775E+00
  2.564567E+00  5.000000E+01     4  2.521437E+02  1.633312E+02 -2.415483E+02  7.232463E+01
  2.564567E+00  5.000000E+01     5  3.645637E+02  2.455884E+01  3.315834E+02  1.515227E+02
  2.564567E+00  5.000000E+01     6  4.108541E+02 -6.189494E+01  1.935492E+02 -3.624084E+02
  2.564567E+00  6.000000E+01     1  2.642277E+01 -2.610479E+01  2.372741E+01 -1.162639E+01
  2.564567E+00  6.000000E+01     2  1.641699E+01  2.607821E+01  1.474566E+01  7.216872E+00
  2.564567E+00  6.000000E+01     3  1.562775E+01 -1.556101E+01  1.505492E+01 -4.192367E+00
  2.564567E+00  6.000000E+01     4  3.231351E+02 -1.740605E+02 -3.214004E+02 -3.343742E+01
  2.564567E+00  6.000000E+01     5  2.661267E+02 -5.387404E+01  1.568983E+02 -2.149566E+02
  2.564567E+00  6.000000E+01     6  5.264952E+02  9.257053E+01 -2.361290E+01  5.259655E+02
  2.564567E+00  7.000000E+01     1  1.134684E+01 -8.437899E+01  1.111399E+00 -1.129228E+01
  2.564567E+00  7.000000E+01     2  2.836626E+01 -1.059081E+02 -7.775049E+00 -2.727991E+01
  2.564567E+00  7.000000E+01     3  1.252706E+01 -9.999569E+01 -2.174374E+00 -1.233691E+01
  2.564567E+00  7.000000E+01     4  3.093481E+02  9.819013E+01 -4.406924E+01  3.061930E+02
  2.564567E+00  7.000000E+01     5  1.102442E+02 -4.693481E+01  7.527808E+01 -8.054193E+01
  2.564567E+00  7.000000E+01     6  6.429990E+02 -6.023783E+01  3.191852E+02 -5.581832E+02
  2.564567E+00  8.000000E+01     1  9.944839E+00 -1.766564E+02 -9.927911E+00 -5.800215E-01
  2.564567E+00  8.000000E+01     2  4.754607E+01  6.576378E+01  1.951764E+01  4.335540E+01
  2.564567E+00  8.000000E+01     3  9.813923E+00 -1.316074E+02 -6.516671E+00 -7.337989E+00
  2.564567E+00  8.000000E+01     4  2.116991E+02  4.053653E+01  1.608895E+02  1.375901E+02
  2.564567E+00  8.000000E+01     5  1.794662E+02 -1.662873E+02 -1.743508E+02 -4.254307E+01
  2.564567E+00  8.000000E+01     6  7.495897E+02 -1.584318E+01  7.211146E+02 -2.046420E+02
  2.564567E+00  9.000000E+01     1  1.476742E-05 -9.972085E-01  1.476518E-05 -2.570076E-07
  2.564567E+00  9.000000E+01     2  1.318291E+02  8.300935E+01  1.604459E+01  1.308490E+02
  2.564567E+00  9.000000E+01     3  2.142813E+01  8.087923E+01  3.396704E+00  2.115720E+01
  2.564567E+00  9.000000E+01     4  3.926387E+01 -5.113811E+01  2.463593E+01 -3.057323E+01
  2.564567E+00  9.000000E+01     5  1.721444E-04  9.311717E-01  1.721217E-04  2.797570E-06
  2.564567E+00  9.000000E+01     6  4.142232E-04 -1.628031E+02 -3.957050E-04 -1.224680E-04
  2.513275E+00  0.000000E+00     1  1.272427E+02  1.142471E+02 -5.225503E+01  1.160178E+02
  2.513275E+00  0.000000E+00     2  0.000000E+00  9.000000E+01  0.000000E+00  0.000000E+00
  2.513275E+00  0.000000E+00     3  2.042893E+01  1.155328E+02 -8.805437E+00  1.843382E+01
  2.513275E+00  0.000000E+00     4  0.000000E+00  9.000000E+01  0.000000E+00  0.000000E+00
  2.513275E+00  0.000000E+00     5  7.075663E+01 -1.262862E+02 -4.187514E+01 -5.703484E+01
  2.513275E+00  0.000000E+00     6  0.000000E+00  9.000000E+01  0.000000E+00  0.000000E+00
  2.513275E+00  1.000000E+01     1  3.990123E+01  9.886115E+01 -6.146399E+00  3.942500E+01
  2.513275E+00  1.000000E+01     2  9.928682E+00 -1.547404E+02 -8.979337E+00 -4.236773E+00
  2.513275E+00  1.000000E+01     3  1.662044E+01 -9.238176E+01 -6.907038E-01 -1.660608E+01
  2.513275E+00  1.000000E+01     4  1.689419E+02  4.020130E+01  1.290347E+02  1.090478E+02
  2.513275E+00  1.000000E+01     5  1.317683E+02 -1.026366E+02 -2.882645E+01 -1.285765E+02
  2.513275E+00  1.000000E+01     6  7.390284E+02 -1.556582E+02 -6.733310E+02 -3.046119E+02
  2.513275E+00  2.000000E+01     1  2.526774E+01 -7.540801E+01  6.365804E+00 -2.445272E+01
  2.513275E+00  2.000000E+01     2  1.418916E+01 -7.838776E+00  1.405657E+01 -1.935203E+00
  2.513275E+00  2.000000E+01     3  9.184891E+00 -2.940645E+01  8.001495E+00 -4.509799E+00
  2.513275E+00  2.000000E+01     4  1.851259E+02 -1.741699E+02 -1.841683E+02 -1.880502E+01
  2.513275E+00  2.000000E+01     5  2.922910E+02 -5.715950E+01  1.585101E+02 -2.455780E+02
  2.513275E+00  2.000000E+01     6  5.933953E+02  1.351849E+02 -4.209455E+02  4.182379E+02
  2.513275E+00  3.000000E+01     1  1.940152E+01  6.705371E+01  7.564036E+00  1.786629E+01
  2.513275E+00  3.000000E+01     2  1.659941E+01  1.112732E+01  1.628735E+01  3.203518E+00
  2.513275E+00  3.000000E+01     3  1.488053E+01  1.343878E+01  1.447308E+01  3.458328E+00
  2.513275E+00  3.000000E+01     4  1.565317E+02  1.697588E+02 -1.540378E+02  2.783012E+01
  2.513275E+00  3.000000E+01     5  3.724685E+02  4.596940E+01  2.588814E+02  2.677932E+02
  2.513275E+00  3.000000E+01     6  6.077933E+02 -6.382052E+01  2.681490E+02 -5.454437E+02
  2.513275E+00  4.000000E+01     1  1.574623E+01  4.311879E+01  1.149378E+01  1.076276E+01
  2.513275E+00  4.000000E+01     2  3.163590E+01  7.354506E+01  8.961225E+00  3.034018E+01
  2.513275E+00  4.000000E+01     3  1.910927E+01  5.322691E+01  1.143972E+01  1.530677E+01
  2.513275E+00  4.000000E+01     4  4.038459E+02 -1.227261E+02 -2.183286E+02 -3.397413E+02
  2.513275E+00  4.000000E+01     5  1.573673E+02  3.441758E+01  1.298186E+02  8.894719E+01
  2.513275E+00  4.000000E+01     6  4.733600E+02  1.348866E+02 -3.340531E+02  3.353778E+02
  2.513275E+00  5.000000E+01     1  3.163585E+01  7.354474E+01  8.961379E+00  3.034009E+01
  2.513275E+00  5.000000E+01     2  1.574614E+01  4.311761E+01  1.149393E+01  1.076246E+01
  2.513275E+00  5.000000E+01     3  1.910924E+01  5.322688E+01  1.143970E+01  1.530673E+01
  2.513275E+00  5.000000E+01     4  1.573677E+02 -1.455834E+02 -1.298205E+02 -8.894514E+01
  2.513275E+00  5.000000E+01     5  4.038480E+02  5.727353E+01  2.183319E+02  3.397416E+02
  2.513275E+00  5.000000E+01     6  4.733612E+02 -4.511333E+01  3.340542E+02 -3.353783E+02
  2.513275E+00  6.000000E+01     1  1.659931E+01  1.112756E+01  1.628724E+01  3.203566E+00
  2.513275E+00  6.000000E+01     2  1.940127E+01  6.705376E+01  7.563919E+00  1.786607E+01
  2.513275E+00  6.000000E+01     3  1.488070E+01  1.344020E+01  1.447316E+01  3.458726E+00
  2.513275E+00  6.000000E+01     4  3.724654E+02 -1.340298E+02 -2.588755E+02 -2.677947E+02
  2.513275E+00  6.000000E+01     5  1.565288E+02 -1.024128E+01  1.540349E+02 -2.782985E+01
  2.513275E+00  6.000000E+01     6  6.077936E+02  1.161795E+02 -2.681494E+02  5.454438E+02
  2.513275E+00  7.000000E+01     1  1.418910E+01 -7.838105E+00  1.405654E+01 -1.935031E+00
  2.513275E+00  7.000000E+01     2  2.526752E+01 -7.540810E+01  6.365708E+00 -2.445251E+01
  2.513275E+00  7.000000E+01     3  9.185246E+00 -2.940852E+01  8.001642E+00 -4.510261E+00
  2.513275E+00  7.000000E+01     4  2.922871E+02  1.228410E+02 -1.585102E+02  2.455733E+02
  2.513275E+00  7.000000E+01     5  1.851249E+02  5.830160E+00  1.841673E+02  1.880499E+01
  2.513275E+00  7.000000E+01     6  5.933937E+02 -4.481507E+01  4.209449E+02 -4.182362E+02
  2.513275E+00  8.000000E+01     1  9.928566E+00 -1.547401E+02 -8.979207E+00 -4.236776E+00
  2.513275E+00  8.000000E+01     2  3.990120E+01  9.886116E+01 -6.146408E+00  3.942496E+01
  2.513275E+00  8.000000E+01     3  1.662037E+01 -9.238230E+01 -6.908578E-01 -1.660601E+01
  2.513275E+00  8.000000E+01     4  1.317686E+02  7.736356E+01  2.882621E+01  1.285769E+02
  2.513275E+00  8.000000E+01     5  1.689401E+02 -1.397982E+02 -1.290324E+02 -1.090477E+02
  2.513275E+00  8.000000E+01     6  7.390281E+02  2.434171E+01  6.733311E+02  3.046108E+02
  2.513275E+00  9.000000E+01     1  1.846149E-05 -4.989225E-01  1.846079E-05 -1.607576E-07
  2.513275E+00  9.000000E+01     2  1.272428E+02  1.142471E+02 -5.225515E+01  1.160178E+02
  2.513275E+00  9.000000E+01     3  2.042867E+01  1.155327E+02 -8.805303E+00  1.843359E+01
  2.513275E+00  9.000000E+01     4  7.075651E+01  5.371101E+01  4.187783E+01  5.703272E+01
  2.513275E+00  9.000000E+01     5  1.629148E-04  5.478408E+00  1.621707E-04  1.555358E-05
  2.513275E+00  9.000000E+01     6  5.018153E-04 -1.461672E+02 -4.168409E-04 -2.793962E-04
  2.463995E+00  0.000000E+00     1  1.213259E+02  1.417453E+02 -9.527314E+01  7.511995E+01
  2.463995E+00  0.000000E+00     2  0.000000E+00  9.000000E+01  0.000000E+00  0.000000E+00
  2.463995E+00  0.000000E+00     3  9.957685E+00  1.270538E+02 -6.000146E+00  7.946933E+00
  2.463995E+00  0.000000E+00     4  0.000000E+00  9.000000E+01  0.000000E+00  0.000000E+00
  2.463995E+00  0.000000E+00     5  4.734024E+01 -4.931444E+01  3.086145E+01 -3.589804E+01
  2.463995E+00  0.000000E+00     6  0.000000E+00  9.000000E+01  0.000000E+00  0.000000E+00
  2.463995E+00  1.000000E+01     1  3.225610E+01  1.443055E+02 -2.619646E+01  1.882024E+01
  2.463995E+00  1.000000E+01     2  1.094452E+01 -1.355406E+02 -7.811617E+00 -7.665585E+00
  2.463995E+00  1.000000E+01     3  1.084086E+01 -9.051641E+01 -9.770788E-02 -1.084042E+01
  2.463995E+00  1.000000E+01     4  1.345138E+02  6.208202E+01  6.298032E+01  1.188589E+02
  2.463995E+00  1.000000E+01     5  1.408333E+02 -6.300806E+01  6.391934E+01 -1.254924E+02
  2.463995E+00  1.000000E+01     6  8.226899E+02 -1.168904E+02 -3.720902E+02 -7.337354E+02
  2.463995E+00  2.000000E+01     1  1.620211E+01 -2.455029E+01  1.473739E+01 -6.731843E+00
  2.463995E+00  2.000000E+01     2  2.653985E+01  9.868792E-01  2.653591E+01  4.571075E-01
  2.463995E+00  2.000000E+01     3  1.644943E+01  3.667648E+01  1.319279E+01  9.825181E+00
  2.463995E+00  2.000000E+01     4  3.419930E+02 -1.788533E+02 -3.419245E+02 -6.843788E+00
  2.463995E+00  2.000000E+01     5  1.490599E+02 -8.463368E+00  1.474366E+02 -2.193819E+01
  2.463995E+00  2.000000E+01     6  5.712277E+02  1.391834E+02 -4.323084E+02  3.733773E+02
  2.463995E+00  3.000000E+01     1  1.668791E+01  1.495137E+02 -1.438082E+01  8.466317E+00
  2.463995E+00  3.000000E+01     2  1.563105E+01  5.840775E+01  8.188649E+00  1.331449E+01
  2.463995E+00  3.000000E+01     3  1.245575E+01  7.385289E+01  3.464000E+00  1.196438E+01
  2.463995E+00  3.000000E+01     4  1.970479E+02 -1.391906E+02 -1.491431E+02 -1.287796E+02
  2.463995E+00  3.000000E+01     5  2.094904E+02  1.103163E+02 -7.273571E+01  1.964580E+02
  2.463995E+00  3.000000E+01     6  6.577120E+02 -5.152946E+01  4.091706E+02 -5.149412E+02
  2.463995E+00  4.000000E+01     1  1.701452E+01  1.215798E+02 -8.910245E+00  1.449487E+01
  2.463995E+00  4.000000E+01     2  2.600587E+01  1.231269E+02 -1.421207E+01  2.177893E+01
  2.463995E+00  4.000000E+01     3  1.999366E+01  9.383343E+01 -1.336697E+00  1.994893E+01
  2.463995E+00  4.000000E+01     4  3.003683E+02 -7.319221E+01  8.685510E+01 -2.875366E+02
  2.463995E+00  4.000000E+01     5  2.465618E+02  1.266322E+02 -1.471174E+02  1.978615E+02
  2.463995E+00  4.000000E+01     6  5.846176E+02  1.398796E+02 -4.470524E+02  3.767251E+02
  2.463995E+00  5.000000E+01     1  2.600600E+01  1.231271E+02 -1.421222E+01  2.177900E+01
  2.463995E+00  5.000000E+01     2  1.701403E+01  1.215802E+02 -8.910101E+00  1.449439E+01
  2.463995E+00  5.000000E+01     3  1.999311E+01  9.383378E+01 -1.336780E+00  1.994837E+01
  2.463995E+00  5.000000E+01     4  2.465548E+02 -5.336666E+01  1.471172E+02 -1.978529E+02
  2.463995E+00  5.000000E+01     5  3.003662E+02  1.068082E+02 -8.685658E+01  2.875340E+02
  2.463995E+00  5.000000E+01     6  5.846169E+02 -4.012026E+01  4.470528E+02 -3.767237E+02
  2.463995E+00  6.000000E+01     1  1.563147E+01  5.840594E+01  8.189292E+00  1.331459E+01
  2.463995E+00  6.000000E+01     2  1.668739E+01  1.495165E+02 -1.438077E+01  8.465356E+00
  2.463995E+00  6.000000E+01     3  1.245659E+01  7.385284E+01  3.464246E+00  1.196518E+01
  2.463995E+00  6.000000E+01     4  2.094734E+02 -6.968301E+01  7.273204E+01 -1.964412E+02
  2.463995E+00  6.000000E+01     5  1.970569E+02  4.080756E+01  1.491541E+02  1.287807E+02
  2.463995E+00  6.000000E+01     6  6.577124E+02  1.284705E+02 -4.091706E+02  5.149418E+02
  2.463995E+00  7.000000E+01     1  2.654058E+01  9.867795E-01  2.653664E+01  4.570739E-01
  2.463995E+00  7.000000E+01     2  1.620231E+01 -2.455256E+01  1.473731E+01 -6.732512E+00
  2.463995E+00  7.000000E+01     3  1.644908E+01  3.667301E+01  1.319310E+01  9.824169E+00
  2.463995E+00  7.000000E+01     4  1.490597E+02  1.715312E+02 -1.474344E+02  2.195202E+01
  2.463995E+00  7.000000E+01     5  3.420039E+02  1.146850E+00  3.419354E+02  6.845201E+00
  2.463995E+00  7.000000E+01     6  5.712290E+02 -4.081632E+01  4.323112E+02 -3.733759E+02
  2.463995E+00  8.000000E+01     1  1.094495E+01 -1.355407E+02 -7.811937E+00 -7.665864E+00
  2.463995E+00  8.000000E+01     2  3.225622E+01  1.443050E+02 -2.619637E+01  1.882057E+01
  2.463995E+00  8.000000E+01     3  1.084035E+01 -9.051753E+01 -9.791540E-02 -1.083991E+01
  2.463995E+00  8.000000E+01     4  1.408268E+02  1.169931E+02 -6.391901E+01  1.254852E+02
  2.463995E+00  8.000000E+01     5  1.345195E+02 -1.179188E+02 -6.298481E+01 -1.188630E+02
  2.463995E+00  8.000000E+01     6  8.226869E+02  6.310968E+01  3.720882E+02  7.337330E+02
  2.463995E+00  9.000000E+01     1  1.349287E-05 -1.161538E+01  1.321655E-05 -2.716666E-06
  2.463995E+00  9.000000E+01     2  1.213273E+02  1.417455E+02 -9.527451E+01  7.512041E+01
  2.463995E+00  9.000000E+01     3  9.957440E+00  1.270506E+02 -5.999555E+00  7.947073E+00
  2.463995E+00  9.000000E+01     4  4.731825E+01  1.306743E+02 -3.084005E+01  3.588744E+01
  2.463995E+00  9.000000E+01     5  4.956535E-05 -4.837136E+01  3.292625E-05 -3.704842E-05
  2.463995E+00  9.000000E+01     6  4.752811E-04 -1.401429E+02 -3.648472E-04 -3.045959E-04
  2.416611E+00  0.000000E+00     1  1.178453E+02  1.710866E+02 -1.164221E+02  1.825909E+01
  2.416611E+00  0.000000E+00     2  0.000000E+00  9.000000E+01  0.000000E+00  0.000000E+00
  2.416611E+00  0.000000E+00     3  8.096551E+00  1.588555E+02 -7.551438E+00  2.920604E+00
  2.416611E+00  0.000000E+00     4  0.000000E+00  9.000000E+01  0.000000E+00  0.000000E+00
  2.416611E+00  0.000000E+00     5  1.527164E+02 -1.560048E+02 -1.395185E+02 -6.210368E+01
  2.416611E+00  0.000000E+00     6  0.000000E+00  9.000000E+01  0.000000E+00  0.000000E+00
  2.416611E+00  1.000000E+01     1  3.208407E+01  1.797594E+02 -3.208379E+01  1.347313E-01
  2.416611E+00  1.000000E+01     2  9.390073E+00 -1.152028E+02 -3.998518E+00 -8.496195E+00
  2.416611E+00  1.000000E+01     3  1.048883E+01 -6.365949E+01  4.653946E+00 -9.399805E+00
  2.416611E+00  1.000000E+01     4  1.299616E+02  1.105801E+02 -4.568369E+01  1.216677E+02
  2.416611E+00  1.000000E+01     5  1.789652E+02 -8.278558E+00  1.771003E+02 -2.576846E+01
  2.416611E+00  1.000000E+01     6  9.391562E+02 -9.094550E+01 -1.549743E+01 -9.390283E+02
  2.416611E+00  2.000000E+01     1  2.008978E+01  1.465063E+01  1.943658E+01  5.081193E+00
  2.416611E+00  2.000000E+01     2  1.578464E+01  3.765310E+01  1.249708E+01  9.642509E+00
  2.416611E+00  2.000000E+01     3  1.769827E+01  5.064501E+01  1.122288E+01  1.368487E+01
  2.416611E+00  2.000000E+01     4  1.744647E+02 -1.083847E+02 -5.502537E+01 -1.655601E+02
  2.416611E+00  2.000000E+01     5  8.219392E+01  3.622829E+01  6.630325E+01  4.857693E+01
  2.416611E+00  2.000000E+01     6  4.722999E+02  1.271897E+02 -2.854844E+02  3.762524E+02
  2.416611E+00  3.000000E+01     1  1.746353E+01  1.572970E+02 -1.611041E+01  6.740135E+00
  2.416611E+00  3.000000E+01     2  2.026592E+01  1.626767E+02 -1.934665E+01  6.034430E+00
  2.416611E+00  3.000000E+01     3  1.662343E+01  1.631898E+02 -1.591307E+01  4.807531E+00
  2.416611E+00  3.000000E+01     4  2.034063E+02 -3.397829E+01  1.686745E+02 -1.136795E+02
  2.416611E+00  3.000000E+01     5  2.595114E+02  1.024465E+02 -5.593203E+01  2.534122E+02
  2.416611E+00  3.000000E+01     6  6.121028E+02 -5.292552E+01  3.690078E+02 -4.883677E+02
  2.416611E+00  4.000000E+01     1  1.733661E+01  1.767510E+02 -1.730874E+01  9.825620E-01
  2.416611E+00  4.000000E+01     2  2.311297E+01  1.458385E+02 -1.912501E+01  1.297858E+01
  2.416611E+00  4.000000E+01     3  1.945428E+01  1.209119E+02 -9.994039E+00  1.669096E+01
  2.416611E+00  4.000000E+01     4  2.958228E+02 -5.228964E+01  1.809459E+02 -2.340292E+02
  2.416611E+00  4.000000E+01     5  2.405732E+02  1.622770E+02 -2.291555E+02  7.323400E+01
  2.416611E+00  4.000000E+01     6  5.659271E+02  1.349530E+02 -3.998426E+02  4.004989E+02
  2.416611E+00  5.000000E+01     1  2.311340E+01  1.458383E+02 -1.912531E+01  1.297889E+01
  2.416611E+00  5.000000E+01     2  1.733682E+01  1.767542E+02 -1.730901E+01  9.816155E-01
  2.416611E+00  5.000000E+01     3  1.945459E+01  1.209132E+02 -9.994592E+00  1.669100E+01
  2.416611E+00  5.000000E+01     4  2.405759E+02 -1.772046E+01  2.291612E+02 -7.322487E+01
  2.416611E+00  5.000000E+01     5  2.958230E+02  1.277102E+02 -1.809456E+02  2.340298E+02
  2.416611E+00  5.000000E+01     6  5.659275E+02 -4.504631E+01  3.998476E+02 -4.004945E+02
  2.416611E+00  6.000000E+01     1  2.026501E+01  1.626749E+02 -1.934560E+01  6.034792E+00
  2.416611E+00  6.000000E+01     2  1.746294E+01  1.572952E+02 -1.610966E+01  6.740406E+00
  2.416611E+00  6.000000E+01     3  1.662390E+01  1.631923E+02 -1.591374E+01  4.806972E+00
  2.416611E+00  6.000000E+01     4  2.595129E+02 -7.755436E+01  5.592848E+01 -2.534146E+02
  2.416611E+00  6.000000E+01     5  2.034037E+02  1.460182E+02 -1.686655E+02  1.136882E+02
  2.416611E+00  6.000000E+01     6  6.121042E+02  1.270744E+02 -3.690080E+02  4.883694E+02
  2.416611E+00  7.000000E+01     1  1.578465E+01  3.765272E+01  1.249715E+01  9.642428E+00
  2.416611E+00  7.000000E+01     2  2.009042E+01  1.465219E+01  1.943707E+01  5.081887E+00
  2.416611E+00  7.000000E+01     3  1.769853E+01  5.063978E+01  1.122430E+01  1.368404E+01
  2.416611E+00  7.000000E+01     4  8.220219E+01 -1.437700E+02 -6.630843E+01 -4.858387E+01
  2.416611E+00  7.000000E+01     5  1.744638E+02  7.161601E+01  5.502308E+01  1.655599E+02
  2.416611E+00  7.000000E+01     6  4.723000E+02 -5.281048E+01  2.854833E+02 -3.762534E+02
  2.416611E+00  8.000000E+01     1  9.390459E+00 -1.151992E+02 -3.998145E+00 -8.496797E+00
  2.416611E+00  8.000000E+01     2  3.208363E+01  1.797601E+02 -3.208335E+01  1.343215E-01
  2.416611E+00  8.000000E+01     3  1.048881E+01 -6.366025E+01  4.653811E+00 -9.399847E+00
  2.416611E+00  8.000000E+01     4  1.789671E+02  1.717196E+02 -1.771014E+02  2.577448E+01
  2.416611E+00  8.000000E+01     5  1.299699E+02 -6.942070E+01  4.568489E+01 -1.216761E+02
  2.416611E+00  8.000000E+01     6  9.391538E+02  8.905429E+01  1.550075E+01  9.390259E+02
  2.416611E+00  9.000000E+01     1  1.594179E-05  7.623238E+00  1.580089E-05  2.114812E-06
  2.416611E+00  9.000000E+01     2  1.178458E+02  1.710867E+02 -1.164227E+02  1.825909E+01
  2.416611E+00  9.000000E+01     3  8.096369E+00  1.588510E+02 -7.551038E+00  2.921132E+00
  2.416611E+00  9.000000E+01     4  1.527191E+02  2.399476E+01  1.395215E+02  6.210371E+01
  2.416611E+00  9.000000E+01     5  7.290371E-05  1.494225E+01  7.043856E-05  1.879788E-05
  2.416611E+00  9.000000E+01     6  2.363416E-04 -1.364975E+02 -1.714291E-04 -1.626942E-04
  2.371015E+00  0.000000E+00     1  9.637747E+01 -1.458293E+02 -7.973965E+01 -5.413137E+01
  2.371015E+00  0.000000E+00     2  0.000000E+00  9.000000E+01  0.000000E+00  0.000000E+00
  2.371015E+00  0.000000E+00     3  3.203577E+00 -8.847173E+01  8.544004E-02 -3.202437E+00
  2.371015E+00  0.000000E+00     4  0.000000E+00  9.000000E+01  0.000000E+00  0.000000E+00
  2.371015E+00  0.000000E+00     5  5.102272E+01 -1.079279E+02 -1.570581E+01 -4.854530E+01
  2.371015E+00  0.000000E+00     6  0.000000E+00  9.000000E+01  0.000000E+00  0.000000E+00
  2.371015E+00  1.000000E+01     1  3.541433E+01 -1.470750E+02 -2.972616E+01 -1.924916E+01
  2.371015E+00  1.000000E+01     2  6.855295E+00 -7.767500E+01  1.463308E+00 -6.697298E+00
  2.371015E+00  1.000000E+01     3  3.027408E+00 -4.047958E+01  2.302759E+00 -1.965324E+00
  2.371015E+00  1.000000E+01     4  1.353972E+02  1.336586E+02 -9.347285E+01  9.795525E+01
  2.371015E+00  1.000000E+01     5  2.408659E+02  1.938293E+01  2.272140E+02  7.993858E+01
  2.371015E+00  1.000000E+01     6  9.252063E+02 -6.219615E+01  4.315589E+02 -8.183909E+02
  2.371015E+00  2.000000E+01     1  2.439647E+01  3.078792E+01  2.095822E+01  1.248762E+01
  2.371015E+00  2.000000E+01     2  1.894100E+01  7.712830E+01  4.219459E+00  1.846504E+01
  2.371015E+00  2.000000E+01     3  1.515891E+01  7.619446E+01  3.617331E+00  1.472099E+01
  2.371015E+00  2.000000E+01     4  2.590136E+02 -9.029316E+01 -1.325273E+00 -2.590103E+02
  2.371015E+00  2.000000E+01     5  9.247778E+01  1.077671E+02 -2.821947E+01  8.806703E+01
  2.371015E+00  2.000000E+01     6  3.419678E+02  1.160521E+02 -1.501885E+02  3.072220E+02
  2.371015E+00  3.000000E+01     1  2.715497E+01 -1.691785E+02 -2.667206E+01 -5.098372E+00
  2.371015E+00  3.000000E+01     2  2.128718E+01 -1.646559E+02 -2.052838E+01 -5.632910E+00
  2.371015E+00  3.000000E+01     3  1.839417E+01  1.688988E+02 -1.804999E+01  3.541647E+00
  2.371015E+00  3.000000E+01     4  1.898642E+02  1.369195E+01  1.844687E+02  4.494116E+01
  2.371015E+00  3.000000E+01     5  2.275987E+02  1.476723E+02 -1.923216E+02  1.217109E+02
  2.371015E+00  3.000000E+01     6  4.489060E+02 -4.850121E+01  2.974471E+02 -3.362170E+02
  2.371015E+00  4.000000E+01     1  1.702467E+01 -1.209810E+02 -8.763508E+00 -1.459590E+01
  2.371015E+00  4.000000E+01     2  2.135028E+01 -1.629506E+02 -2.041199E+01 -6.259804E+00
  2.371015E+00  4.000000E+01     3  1.388325E+01 -1.576009E+02 -1.283579E+01 -5.290288E+00
  2.371015E+00  4.000000E+01     4  2.614633E+02 -1.207442E+01  2.556788E+02 -5.469340E+01
  2.371015E+00  4.000000E+01     5  2.444380E+02 -1.400827E+02 -1.874771E+02 -1.568512E+02
  2.371015E+00  4.000000E+01     6  5.645444E+02  1.305268E+02 -3.668428E+02  4.291115E+02
  2.371015E+00  5.000000E+01     1  2.134975E+01 -1.629504E+02 -2.041146E+01 -6.259733E+00
  2.371015E+00  5.000000E+01     2  1.702467E+01 -1.209812E+02 -8.763555E+00 -1.459587E+01
  2.371015E+00  5.000000E+01     3  1.388353E+01 -1.576013E+02 -1.283608E+01 -5.290303E+00
  2.371015E+00  5.000000E+01     4  2.444410E+02  3.991726E+01  1.874794E+02  1.568531E+02
  2.371015E+00  5.000000E+01     5  2.614612E+02  1.679248E+02 -2.556761E+02  5.469642E+01
  2.371015E+00  5.000000E+01     6  5.645459E+02 -4.947341E+01  3.668425E+02 -4.291139E+02
  2.371015E+00  6.000000E+01     1  2.128717E+01 -1.646555E+02 -2.052833E+01 -5.633059E+00
  2.371015E+00  6.000000E+01     2  2.715498E+01 -1.691784E+02 -2.667207E+01 -5.098395E+00
  2.371015E+00  6.000000E+01     3  1.839425E+01  1.688984E+02 -1.805005E+01  3.541810E+00
  2.371015E+00  6.000000E+01     4  2.275998E+02 -3.232726E+01  1.923236E+02 -1.217100E+02
  2.371015E+00  6.000000E+01     5  1.898617E+02 -1.663071E+02 -1.844655E+02 -4.494373E+01
  2.371015E+00  6.000000E+01     6  4.489030E+02  1.314989E+02 -2.974455E+02  3.362143E+02
  2.371015E+00  7.000000E+01     1  1.894107E+01  7.712817E+01  4.219518E+00  1.846510E+01
  2.371015E+00  7.000000E+01     2  2.439659E+01  3.078772E+01  2.095837E+01  1.248761E+01
  2.371015E+00  7.000000E+01     3  1.515867E+01  7.619348E+01  3.617524E+00  1.472069E+01
  2.371015E+00  7.000000E+01     4  9.247652E+01 -7.223473E+01  2.821626E+01 -8.806674E+01
  2.371015E+00  7.000000E+01     5  2.590161E+02  8.970740E+01  1.322745E+00  2.590127E+02
  2.371015E+00  7.000000E+01     6  3.419648E+02 -6.394763E+01  1.501884E+02 -3.072188E+02
  2.371015E+00  8.000000E+01     1  6.855311E+00 -7.767515E+01  1.463295E+00 -6.697317E+00
  2.371015E+00  8.000000E+01     2  3.541441E+01 -1.470745E+02 -2.972607E+01 -1.924944E+01
  2.371015E+00  8.000000E+01     3  3.027812E+00 -4.047099E+01  2.303362E+00 -1.965240E+00
  2.371015E+00  8.000000E+01     4  2.408680E+02 -1.606179E+02 -2.272171E+02 -7.993590E+01
  2.371015E+00  8.000000E+01     5  1.353959E+02 -4.634109E+01  9.347244E+01 -9.795387E+01
  2.371015E+00  8.000000E+01     6  9.252095E+02  1.178038E+02 -4.315592E+02  8.183944E+02
  2.371015E+00  9.000000E+01     1  9.373153E-06  1.348998E+01  9.114555E-06  2.186525E-06
  2.371015E+00  9.000000E+01     2  9.637766E+01 -1.458295E+02 -7.973999E+01 -5.413121E+01
  2.371015E+00  9.000000E+01     3  3.203274E+00 -8.847147E+01  8.544660E-02 -3.202134E+00
  2.371015E+00  9.000000E+01     4  5.102212E+01  7.206542E+01  1.571129E+01  4.854289E+01
  2.371015E+00  9.000000E+01     5  6.337118E-06 -1.086098E+02 -2.022311E-06 -6.005774E-06
  2.371015E+00  9.000000E+01     6  1.191308E-04 -1.039886E+00  1.191112E-04 -2.162039E-06
  2.327107E+00  0.000000E+00     1  9.159865E+01 -1.067646E+02 -2.642069E+01 -8.770553E+01
  2.327107E+00  0.000000E+00     2  0.000000E+00  9.000000E+01  0.000000E+00  0.000000E+00
  2.327107E+00  0.000000E+00     3  8.146398E+00 -4.202121E+01  6.051935E+00 -5.453244E+00
  2.327107E+00  0.000000E+00     4  0.000000E+00  9.000000E+01  0.000000E+00  0.000000E+00
  2.327107E+00  0.000000E+00     5  3.486597E+01  7.552180E+01  8.716896E+00  3.375873E+01
  2.327107E+00  0.000000E+00     6  0.000000E+00  9.000000E+01  0.000000E+00  0.000000E+00
  2.327107E+00  1.000000E+01     1  3.245151E+01 -1.263946E+02 -1.925488E+01 -2.612184E+01
  2.327107E+00  1.000000E+01     2  3.753406E+00 -5.080216E+01  2.372153E+00 -2.908771E+00
  2.327107E+00  1.000000E+01     3  3.386822E+00  1.278924E+02 -2.080122E+00  2.672762E+00
  2.327107E+00  1.000000E+01     4  7.618170E+01  1.675789E+02 -7.439851E+01  1.638635E+01
  2.327107E+00  1.000000E+01     5  1.757471E+02  4.194294E+01  1.307226E+02  1.174676E+02
  2.327107E+00  1.000000E+01     6  7.279823E+02 -2.915559E+01  6.357469E+02 -3.546606E+02
  2.327107E+00  2.000000E+01     1  2.003312E+01  6.409607E+01  8.751740E+00  1.802035E+01
  2.327107E+00  2.000000E+01     2  1.605932E+01  1.026796E+02 -3.525000E+00  1.566768E+01
  2.327107E+00  2.000000E+01     3  9.984774E+00  9.802258E+01 -1.393507E+00  9.887054E+00
  2.327107E+00  2.000000E+01     4  1.923622E+02 -7.146074E+01  6.116240E+01 -1.823798E+02
  2.327107E+00  2.000000E+01     5  2.046875E+02  1.652345E+02 -1.979281E+02  5.216747E+01
  2.327107E+00  2.000000E+01     6  3.316831E+02  1.765865E+02 -3.310947E+02  1.974890E+01
  2.327107E+00  3.000000E+01     1  2.908515E+01 -1.370476E+02 -2.128799E+01 -1.981836E+01
  2.327107E+00  3.000000E+01     2  2.684164E+01 -1.364491E+02 -1.945380E+01 -1.849387E+01
  2.327107E+00  3.000000E+01     3  1.960450E+01 -1.420939E+02 -1.546833E+01 -1.204439E+01
  2.327107E+00  3.000000E+01     4  2.827426E+02  3.361172E+01  2.354703E+02  1.565155E+02
  2.327107E+00  3.000000E+01     5  1.883760E+02 -1.591645E+02 -1.760572E+02 -6.700286E+01
  2.327107E+00  3.000000E+01     6  2.375990E+02 -1.534360E+01  2.291301E+02 -6.287037E+01
  2.327107E+00  4.000000E+01     1  2.159456E+01 -6.646797E+01  8.621881E+00 -1.979870E+01
  2.327107E+00  4.000000E+01     2  1.864649E+01 -1.230384E+02 -1.016607E+01 -1.563146E+01
  2.327107E+00  4.000000E+01     3  1.504505E+01 -1.141890E+02 -6.164680E+00 -1.372408E+01
  2.327107E+00  4.000000E+01     4  2.029921E+02  2.488104E+01  1.841510E+02  8.540598E+01
  2.327107E+00  4.000000E+01     5  2.721910E+02 -8.959270E+01  1.934881E+00 -2.721841E+02
  2.327107E+00  4.000000E+01     6  4.569392E+02  1.627722E+02 -4.364384E+02  1.353326E+02
  2.327107E+00  5.000000E+01     1  1.864648E+01 -1.230385E+02 -1.016611E+01 -1.563143E+01
  2.327107E+00  5.000000E+01     2  2.159457E+01 -6.646816E+01  8.621819E+00 -1.979873E+01
  2.327107E+00  5.000000E+01     3  1.504535E+01 -1.141881E+02 -6.164592E+00 -1.372444E+01
  2.327107E+00  5.000000E+01     4  2.721911E+02  9.040629E+01 -1.930100E+00  2.721843E+02
  2.327107E+00  5.000000E+01     5  2.029909E+02 -1.551192E+02 -1.841504E+02 -8.540462E+01
  2.327107E+00  5.000000E+01     6  4.569402E+02 -1.722854E+01  4.364377E+02 -1.353383E+02
  2.327107E+00  6.000000E+01     1  2.684202E+01 -1.364483E+02 -1.945383E+01 -1.849439E+01
  2.327107E+00  6.000000E+01     2  2.908484E+01 -1.370478E+02 -2.128783E+01 -1.981808E+01
  2.327107E+00  6.000000E+01     3  1.960431E+01 -1.420956E+02 -1.546852E+01 -1.204384E+01
  2.327107E+00  6.000000E+01     4  1.883711E+02  2.083434E+01  1.760540E+02  6.699742E+01
  2.327107E+00  6.000000E+01     5  2.827499E+02 -1.463871E+02 -2.354730E+02 -1.565246E+02
  2.327107E+00  6.000000E+01     6  2.375999E+02  1.646559E+02 -2.291304E+02  6.287239E+01
  2.327107E+00  7.000000E+01     1  1.605934E+01  1.026802E+02 -3.525170E+00  1.566766E+01
  2.327107E+00  7.000000E+01     2  2.003343E+01  6.409571E+01  8.751987E+00  1.802057E+01
  2.327107E+00  7.000000E+01     3  9.984529E+00  9.802297E+01 -1.393541E+00  9.886802E+00
  2.327107E+00  7.000000E+01     4  2.046829E+02 -1.476689E+01  1.979224E+02 -5.217103E+01
  2.327107E+00  7.000000E+01     5  1.923604E+02  1.085408E+02 -6.116666E+01  1.823764E+02
  2.327107E+00  7.000000E+01     6  3.316938E+02 -3.414493E+00  3.311049E+02 -1.975531E+01
  2.327107E+00  8.000000E+01     1  3.753338E+00 -5.080115E+01  2.372162E+00 -2.908676E+00
  2.327107E+00  8.000000E+01     2  3.245169E+01 -1.263945E+02 -1.925493E+01 -2.612203E+01
  2.327107E+00  8.000000E+01     3  3.387162E+00  1.278902E+02 -2.080227E+00  2.673111E+00
  2.327107E+00  8.000000E+01     4  1.757436E+02 -1.380584E+02 -1.307227E+02 -1.174623E+02
  2.327107E+00  8.000000E+01     5  7.618162E+01 -1.241924E+01  7.439898E+01 -1.638387E+01
  2.327107E+00  8.000000E+01     6  7.279772E+02  1.508450E+02 -6.357460E+02  3.546516E+02
  2.327107E+00  9.000000E+01     1  1.312118E-06 -2.867695E+01  1.151172E-06 -6.296466E-07
  2.327107E+00  9.000000E+01     2  9.159826E+01 -1.067644E+02 -2.642033E+01 -8.770523E+01
  2.327107E+00  9.000000E+01     3  8.146545E+00 -4.202007E+01  6.052153E+00 -5.453224E+00
  2.327107E+00  9.000000E+01     4  3.487338E+01 -1.044802E+02 -8.719915E+00 -3.376560E+01
  2.327107E+00  9.000000E+01     5  1.092939E-04 -1.424635E+02 -8.666627E-05 -6.658908E-05
  2.327107E+00  9.000000E+01     6  2.146091E-04  3.023562E+01  1.854141E-04  1.080680E-04
  2.284796E+00  0.000000E+00     1  8.943259E+01 -6.867406E+01  3.252423E+01 -8.330885E+01
  2.284796E+00  0.000000E+00     2  0.000000E+00  9.000000E+01  0.000000E+00  0.000000E+00
  2.284796E+00  0.000000E+00     3  1.259563E+01 -2.056961E+01  1.179261E+01 -4.425413E+00
  2.284796E+00  0.000000E+00     4  0.000000E+00  9.000000E+01  0.000000E+00  0.000000E+00
  2.284796E+00  0.000000E+00     5  1.027281E+02  6.645600E+01  4.103509E+01  9.417640E+01
  2.284796E+00  0.000000E+00     6  0.000000E+00  9.000000E+01  0.000000E+00  0.000000E+00
  2.284796E+00  1.000000E+01     1  2.873219E+01 -9.959769E+01 -4.790491E+00 -2.833002E+01
  2.284796E+00  1.000000E+01     2  7.414360E+00 -6.417649E+01  3.229699E+00 -6.673963E+00
  2.284796E+00  1.000000E+01     3  1.075022E+01  1.383838E+02 -8.036980E+00  7.139618E+00
  2.284796E+00  1.000000E+01     4  5.752818E+01 -1.555442E+02 -5.236680E+01 -2.381616E+01
  2.284796E+00  1.000000E+01     5  1.011449E+02  9.128862E+01 -2.274630E+00  1.011194E+02
  2.284796E+00  1.000000E+01     6  5.666261E+02 -3.482252E+00  5.655799E+02 -3.441650E+01
  2.284796E+00  2.000000E+01     1  1.773131E+01  8.812383E+01  5.805128E-01  1.772180E+01
  2.284796E+00  2.000000E+01     2  1.152633E+01  1.154740E+02 -4.957498E+00  1.040574E+01
  2.284796E+00  2.000000E+01     3  4.402420E+00  1.238435E+02 -2.451825E+00  3.656481E+00
  2.284796E+00  2.000000E+01     4  8.276683E+01 -5.421795E+01  4.839407E+01 -6.714434E+01
  2.284796E+00  2.000000E+01     5  1.913602E+02 -1.704797E+02 -1.887246E+02 -3.165037E+01
  2.284796E+00  2.000000E+01     6  1.690938E+02  7.383514E+01  4.707608E+01  1.624086E+02
  2.284796E+00  3.000000E+01     1  3.076537E+01 -1.139464E+02 -1.248712E+01 -2.811725E+01
  2.284796E+00  3.000000E+01     2  2.894711E+01 -9.642717E+01 -3.240344E+00 -2.876517E+01
  2.284796E+00  3.000000E+01     3  2.161438E+01 -1.121115E+02 -8.135856E+00 -2.002472E+01
  2.284796E+00  3.000000E+01     4  2.578936E+02  7.430678E+01  6.975677E+01  2.482803E+02
  2.284796E+00  3.000000E+01     5  2.048658E+02 -1.346361E+02 -1.439390E+02 -1.457791E+02
  2.284796E+00  3.000000E+01     6  1.068340E+02 -4.337378E+01  7.765645E+01 -7.336875E+01
  2.284796E+00  4.000000E+01     1  2.862100E+01 -2.893342E+01  2.504860E+01 -1.384663E+01
  2.284796E+00  4.000000E+01     2  1.097477E+01 -4.994168E+01  7.062998E+00 -8.399975E+00
  2.284796E+00  4.000000E+01     3  1.407000E+01 -6.080107E+01  6.863957E+00 -1.228215E+01
  2.284796E+00  4.000000E+01     4  7.962096E+01  9.493376E+01 -6.847725E+00  7.932594E+01
  2.284796E+00  4.000000E+01     5  3.402986E+02 -5.229201E+01  2.081394E+02 -2.692233E+02
  2.284796E+00  4.000000E+01     6  3.726595E+02  1.522435E+02 -3.297795E+02  1.735529E+02
  2.284796E+00  5.000000E+01     1  1.097454E+01 -4.994077E+01  7.062987E+00 -8.399690E+00
  2.284796E+00  5.000000E+01     2  2.862140E+01 -2.893401E+01  2.504881E+01 -1.384709E+01
  2.284796E+00  5.000000E+01     3  1.407028E+01 -6.079970E+01  6.864389E+00 -1.228223E+01
  2.284796E+00  5.000000E+01     4  3.403016E+02  1.277084E+02 -2.081430E+02  2.692242E+02
  2.284796E+00  5.000000E+01     5  7.961618E+01 -8.506625E+01  6.847296E+00 -7.932119E+01
  2.284796E+00  5.000000E+01     6  3.726585E+02 -2.775633E+01  3.297790E+02 -1.735517E+02
  2.284796E+00  6.000000E+01     1  2.894720E+01 -9.642753E+01 -3.240534E+00 -2.876524E+01
  2.284796E+00  6.000000E+01     2  3.076578E+01 -1.139467E+02 -1.248742E+01 -2.811756E+01
  2.284796E+00  6.000000E+01     3  2.161440E+01 -1.121124E+02 -8.136204E+00 -2.002459E+01
  2.284796E+00  6.000000E+01     4  2.048747E+02  4.536449E+01  1.439438E+02  1.457869E+02
  2.284796E+00  6.000000E+01     5  2.578949E+02 -1.056939E+02 -6.976004E+01 -2.482807E+02
  2.284796E+00  6.000000E+01     6  1.068336E+02  1.366262E+02 -7.765617E+01  7.336858E+01
  2.284796E+00  7.000000E+01     1  1.152641E+01  1.154734E+02 -4.957424E+00  1.040587E+01
  2.284796E+00  7.000000E+01     2  1.773154E+01  8.812424E+01  5.803972E-01  1.772203E+01
  2.284796E+00  7.000000E+01     3  4.402459E+00  1.238440E+02 -2.451880E+00  3.656492E+00
  2.284796E+00  7.000000E+01     4  1.913557E+02  9.519817E+00  1.887205E+02  3.164808E+01
  2.284796E+00  7.000000E+01     5  8.276528E+01  1.257814E+02 -4.839239E+01  6.714364E+01
  2.284796E+00  7.000000E+01     6  1.690919E+02 -1.061647E+02 -4.707502E+01 -1.624069E+02
  2.284796E+00  8.000000E+01     1  7.414278E+00 -6.417704E+01  3.229599E+00 -6.673920E+00
  2.284796E+00  8.000000E+01     2  2.873201E+01 -9.959753E+01 -4.790378E+00 -2.832986E+01
  2.284796E+00  8.000000E+01     3  1.075028E+01  1.383838E+02 -8.037024E+00  7.139667E+00
  2.284796E+00  8.000000E+01     4  1.011438E+02 -8.871219E+01  2.273163E+00 -1.011182E+02
  2.284796E+00  8.000000E+01     5  5.752613E+01  2.445458E+01  5.236545E+01  2.381419E+01
  2.284796E+00  8.000000E+01     6  5.666255E+02  1.765177E+02 -5.655793E+02  3.441674E+01
  2.284796E+00  9.000000E+01     1  6.804866E-06 -1.722174E+02 -6.742187E-06 -9.214736E-07
  2.284796E+00  9.000000E+01     2  8.943253E+01 -6.867410E+01  3.252415E+01 -8.330880E+01
  2.284796E+00  9.000000E+01     3  1.259550E+01 -2.056952E+01  1.179249E+01 -4.425350E+00
  2.284796E+00  9.000000E+01     4  1.027293E+02 -1.135435E+02 -4.103479E+01 -9.417782E+01
  2.284796E+00  9.000000E+01     5  1.574470E-04 -1.450456E+02 -1.290448E-04 -9.020531E-05
  2.284796E+00  9.000000E+01     6  4.621569E-04  4.179201E+01  3.445699E-04  3.079945E-04
  2.243996E+00  0.000000E+00     1  9.081927E+01 -3.532815E+01  7.409523E+01 -5.251702E+01
  2.243996E+00  0.000000E+00     2  0.000000E+00  9.000000E+01  0.000000E+00  0.000000E+00
  2.243996E+00  0.000000E+00     3  1.364141E+01 -2.656180E+01  1.220160E+01 -6.099934E+00
  2.243996E+00  0.000000E+00     4  0.000000E+00  9.000000E+01  0.000000E+00  0.000000E+00
  2.243996E+00  0.000000E+00     5  1.186854E+02  1.060680E+02 -3.284944E+01  1.140488E+02
  2.243996E+00  0.000000E+00     6  0.000000E+00  9.000000E+01  0.000000E+00  0.000000E+00
  2.243996E+00  1.000000E+01     1  2.046349E+01 -6.698922E+01  7.999267E+00 -1.883524E+01
  2.243996E+00  1.000000E+01     2  7.905563E+00  1.483445E+02 -6.729365E+00  4.148924E+00
  2.243996E+00  1.000000E+01     3  1.411025E+01  1.433801E+02 -1.132503E+01  8.416822E+00
  2.243996E+00  1.000000E+01     4  1.129987E+02 -4.381693E+01  8.153490E+01 -7.823540E+01
  2.243996E+00  1.000000E+01     5  5.883736E+01  1.355394E+02 -4.199416E+01  4.121075E+01
  2.243996E+00  1.000000E+01     6  4.316424E+02  5.052893E+01  2.743901E+02  3.332045E+02
  2.243996E+00  2.000000E+01     1  1.368883E+01  1.003071E+02 -2.449272E+00  1.346793E+01
  2.243996E+00  2.000000E+01     2  5.123854E+00 -1.372637E+02 -3.763389E+00 -3.477180E+00
  2.243996E+00  2.000000E+01     3  4.182278E+00 -4.547100E+01  2.932907E+00 -2.981528E+00
  2.243996E+00  2.000000E+01     4  1.133307E+02  5.659749E+01  6.239048E+01  9.461111E+01
  2.243996E+00  2.000000E+01     5  1.598576E+02 -1.366310E+02 -1.162079E+02 -1.097734E+02
  2.243996E+00  2.000000E+01     6  1.953226E+02  1.382143E+01  1.896670E+02  4.666193E+01
  2.243996E+00  3.000000E+01     1  2.287077E+01 -7.510741E+01  5.877966E+00 -2.210252E+01
  2.243996E+00  3.000000E+01     2  2.001618E+01 -6.866473E+01  7.282382E+00 -1.864442E+01
  2.243996E+00  3.000000E+01     3  1.876487E+01 -8.880754E+01  3.905120E-01 -1.876080E+01
  2.243996E+00  3.000000E+01     4  1.349853E+02  1.180867E+02 -6.355194E+01  1.190889E+02
  2.243996E+00  3.000000E+01     5  1.554651E+02 -4.014553E+01  1.188390E+02 -1.002332E+02
  2.243996E+00  3.000000E+01     6  5.294150E+01  1.144122E+02 -2.188067E+01  4.820829E+01
  2.243996E+00  4.000000E+01     1  2.818941E+01  1.279861E+00  2.818237E+01  6.296364E-01
  2.243996E+00  4.000000E+01     2  1.511440E+01  1.919630E+01  1.427400E+01  4.969699E+00
  2.243996E+00  4.000000E+01     3  1.669418E+01 -1.231454E+01  1.631007E+01 -3.560506E+00
  2.243996E+00  4.000000E+01     4  1.282518E+02  1.795854E+02 -1.282485E+02  9.279538E-01
  2.243996E+00  4.000000E+01     5  2.906156E+02 -2.843670E+01  2.555510E+02 -1.383875E+02
  2.243996E+00  4.000000E+01     6  3.503970E+02  1.690931E+02 -3.440674E+02  6.630003E+01
  2.243996E+00  5.000000E+01     1  1.511434E+01  1.919602E+01  1.427397E+01  4.969612E+00
  2.243996E+00  5.000000E+01     2  2.818904E+01  1.279599E+00  2.818201E+01  6.294997E-01
  2.243996E+00  5.000000E+01     3  1.669378E+01 -1.231300E+01  1.630977E+01 -3.559983E+00
  2.243996E+00  5.000000E+01     4  2.906128E+02  1.515624E+02 -2.555464E+02  1.383901E+02
  2.243996E+00  5.000000E+01     5  1.282515E+02 -4.151971E-01  1.282481E+02 -9.293734E-01
  2.243996E+00  5.000000E+01     6  3.503964E+02 -1.090701E+01  3.440667E+02 -6.630045E+01
  2.243996E+00  6.000000E+01     1  2.001637E+01 -6.866495E+01  7.282382E+00 -1.864463E+01
  2.243996E+00  6.000000E+01     2  2.287069E+01 -7.510739E+01  5.877954E+00 -2.210245E+01
  2.243996E+00  6.000000E+01     3  1.876518E+01 -8.880759E+01  3.905024E-01 -1.876111E+01
  2.243996E+00  6.000000E+01     4  1.554651E+02  1.398532E+02 -1.188367E+02  1.002359E+02
  2.243996E+00  6.000000E+01     5  1.349874E+02 -6.191450E+01  6.355054E+01 -1.190921E+02
  2.243996E+00  6.000000E+01     6  5.294224E+01 -6.558807E+01  2.188071E+01 -4.820908E+01
  2.243996E+00  7.000000E+01     1  5.124015E+00 -1.372666E+02 -3.763689E+00 -3.477093E+00
  2.243996E+00  7.000000E+01     2  1.368896E+01  1.003072E+02 -2.449318E+00  1.346805E+01
  2.243996E+00  7.000000E+01     3  4.182129E+00 -4.546639E+01  2.933043E+00 -2.981185E+00
  2.243996E+00  7.000000E+01     4  1.598540E+02  4.336863E+01  1.162060E+02  1.097701E+02
  2.243996E+00  7.000000E+01     5  1.133327E+02 -1.234054E+02 -6.239637E+01 -9.460967E+01
  2.243996E+00  7.000000E+01     6  1.953233E+02 -1.661789E+02 -1.896679E+02 -4.666105E+01
  2.243996E+00  8.000000E+01     1  7.905467E+00  1.483415E+02 -6.729065E+00  4.149228E+00
  2.243996E+00  8.000000E+01     2  2.046352E+01 -6.698964E+01  7.999139E+00 -1.883532E+01
  2.243996E+00  8.000000E+01     3  1.411064E+01  1.433797E+02 -1.132528E+01  8.417131E+00
  2.243996E+00  8.000000E+01     4  5.883728E+01 -4.445809E+01  4.199587E+01 -4.120889E+01
  2.243996E+00  8.000000E+01     5  1.129991E+02  1.361793E+02 -8.152996E+01  7.824098E+01
  2.243996E+00  8.000000E+01     6  4.316411E+02 -1.294709E+02 -2.743884E+02 -3.332043E+02
  2.243996E+00  9.000000E+01     1  9.026895E-06 -1.751828E+02 -8.995010E-06 -7.580474E-07
  2.243996E+00  9.000000E+01     2  9.081947E+01 -3.532806E+01  7.409547E+01 -5.251702E+01
  2.243996E+00  9.000000E+01     3  1.364176E+01 -2.656445E+01  1.220162E+01 -6.100652E+00
  2.243996E+00  9.000000E+01     4  1.186856E+02 -7.393287E+01  3.284784E+01 -1.140495E+02
  2.243996E+00  9.000000E+01     5  8.811510E-05 -1.573289E+02 -8.130669E-05 -3.396311E-05
  2.243996E+00  9.000000E+01     6  4.705697E-04  4.887331E+01  3.095060E-04  3.544600E-04
  2.204628E+00  0.000000E+00     1  8.722073E+01 -1.425482E+01  8.453522E+01 -2.147678E+01
  2.204628E+00  0.000000E+00     2  0.000000E+00  9.000000E+01  0.000000E+00  0.000000E+00
  2.204628E+00  0.000000E+00     3  4.414213E+00 -1.939916E+01  4.163607E+00 -1.466169E+00
  2.204628E+00  0.000000E+00     4  0.000000E+00  9.000000E+01  0.000000E+00  0.000000E+00
  2.204628E+00  0.000000E+00     5  1.411787E+02  8.341686E+01  1.618541E+01  1.402478E+02
  2.204628E+00  0.000000E+00     6  0.000000E+00  9.000000E+01  0.000000E+00  0.000000E+00
  2.204628E+00  1.000000E+01     1  1.511688E+01 -4.315806E+01  1.102731E+01 -1.034015E+01
  2.204628E+00  1.000000E+01     2  1.090756E+01  1.467231E+02 -9.119040E+00  5.984818E+00
  2.204628E+00  1.000000E+01     3  6.956865E+00  1.550401E+02 -6.307116E+00  2.935688E+00
  2.204628E+00  1.000000E+01     4  1.454303E+02 -1.690557E+01  1.391456E+02 -4.229043E+01
  2.204628E+00  1.000000E+01     5  1.035417E+02 -1.418322E+02 -8.140495E+01 -6.398532E+01
  2.204628E+00  1.000000E+01     6  5.346635E+02  1.033372E+02 -1.233371E+02  5.202432E+02
  2.204628E+00  2.000000E+01     1  1.182119E+01  8.854089E+01  3.010108E-01  1.181735E+01
  2.204628E+00  2.000000E+01     2  1.419643E+01 -4.719234E+01  9.647034E+00 -1.041505E+01
  2.204628E+00  2.000000E+01     3  9.602150E+00 -5.793958E+01  5.096950E+00 -8.137713E+00
  2.204628E+00  2.000000E+01     4  2.109853E+02  1.386266E+02 -1.583272E+02  1.394536E+02
  2.204628E+00  2.000000E+01     5  9.214870E+01 -1.031052E+02 -2.089373E+01 -8.974873E+01
  2.204628E+00  2.000000E+01     6  3.433396E+02 -8.721234E+00  3.393698E+02 -5.205960E+01
  2.204628E+00  3.000000E+01     1  1.371515E+01 -5.020225E+01  8.778788E+00 -1.053747E+01
  2.204628E+00  3.000000E+01     2  1.098065E+01 -3.789106E+01  8.665712E+00 -6.743902E+00
  2.204628E+00  3.000000E+01     3  9.283376E+00 -7.007039E+01  3.164383E+00 -8.727413E+00
  2.204628E+00  3.000000E+01     4  8.916273E+01 -1.769122E+02 -8.903328E+01 -4.802802E+00
  2.204628E+00  3.000000E+01     5  1.852250E+02 -6.075874E-01  1.852146E+02 -1.964163E+00
  2.204628E+00  3.000000E+01     6  9.822334E+01  1.411554E+02 -7.650124E+01  6.160669E+01
  2.204628E+00  4.000000E+01     1  2.188459E+01  4.023008E+01  1.670794E+01  1.413435E+01
  2.204628E+00  4.000000E+01     2  3.064734E+01  5.950300E+01  1.555331E+01  2.640745E+01
  2.204628E+00  4.000000E+01     3  1.671490E+01  4.133981E+01  1.254964E+01  1.104058E+01
  2.204628E+00  4.000000E+01     4  2.072747E+02 -1.382468E+02 -1.546312E+02 -1.380291E+02
  2.204628E+00  4.000000E+01     5  2.286177E+02  1.286055E+01  2.228828E+02  5.088548E+01
  2.204628E+00  4.000000E+01     6  4.004377E+02  1.753546E+02 -3.991223E+02  3.243084E+01
  2.204628E+00  5.000000E+01     1  3.064689E+01  5.950170E+01  1.555369E+01  2.640672E+01
  2.204628E+00  5.000000E+01     2  2.188412E+01  4.023243E+01  1.670701E+01  1.413473E+01
  2.204628E+00  5.000000E+01     3  1.671515E+01  4.133958E+01  1.254987E+01  1.104070E+01
  2.204628E+00  5.000000E+01     4  2.286212E+02 -1.671399E+02 -2.228865E+02 -5.088454E+01
  2.204628E+00  5.000000E+01     5  2.072743E+02  4.175321E+01  1.546308E+02  1.380288E+02
  2.204628E+00  5.000000E+01     6  4.004372E+02 -4.645247E+00  3.991219E+02 -3.242984E+01
  2.204628E+00  6.000000E+01     1  1.098051E+01 -3.788963E+01  8.665768E+00 -6.743597E+00
  2.204628E+00  6.000000E+01     2  1.371478E+01 -5.020356E+01  8.778311E+00 -1.053739E+01
  2.204628E+00  6.000000E+01     3  9.283702E+00 -7.007146E+01  3.164330E+00 -8.727779E+00
  2.204628E+00  6.000000E+01     4  1.852230E+02  1.793918E+02 -1.852126E+02  1.966222E+00
  2.204628E+00  6.000000E+01     5  8.915853E+01  3.089500E+00  8.902895E+01  4.805273E+00
  2.204628E+00  6.000000E+01     6  9.822332E+01 -3.884373E+01  7.650217E+01 -6.160551E+01
  2.204628E+00  7.000000E+01     1  1.419711E+01 -4.719498E+01  9.647017E+00 -1.041600E+01
  2.204628E+00  7.000000E+01     2  1.182119E+01  8.853897E+01  3.014056E-01  1.181734E+01
  2.204628E+00  7.000000E+01     3  9.601790E+00 -5.793723E+01  5.097092E+00 -8.137200E+00
  2.204628E+00  7.000000E+01     4  9.214871E+01  7.689565E+01  2.089245E+01  8.974905E+01
  2.204628E+00  7.000000E+01     5  2.109819E+02 -4.137399E+01  1.583232E+02 -1.394530E+02
  2.204628E+00  7.000000E+01     6  3.433411E+02  1.712785E+02 -3.393711E+02  5.206150E+01
  2.204628E+00  8.000000E+01     1  1.090777E+01  1.467223E+02 -9.119124E+00  5.985073E+00
  2.204628E+00  8.000000E+01     2  1.511699E+01 -4.315763E+01  1.102746E+01 -1.034014E+01
  2.204628E+00  8.000000E+01     3  6.957047E+00  1.550385E+02 -6.307197E+00  2.935943E+00
  2.204628E+00  8.000000E+01     4  1.035452E+02  3.816838E+01  8.140704E+01  6.398832E+01
  2.204628E+00  8.000000E+01     5  1.454311E+02  1.630924E+02 -1.391448E+02  4.229564E+01
  2.204628E+00  8.000000E+01     6  5.346656E+02 -7.666270E+01  1.233384E+02 -5.202451E+02
  2.204628E+00  9.000000E+01     1  1.278289E-05  1.669549E+02 -1.245300E-05  2.885333E-06
  2.204628E+00  9.000000E+01     2  8.722100E+01 -1.425487E+01  8.453546E+01 -2.147692E+01
  2.204628E+00  9.000000E+01     3  4.414022E+00 -1.940589E+01  4.163255E+00 -1.466595E+00
  2.204628E+00  9.000000E+01     4  1.411823E+02 -9.658331E+01 -1.618624E+01 -1.402514E+02
  2.204628E+00  9.000000E+01     5  7.033612E-05  1.793979E+02 -7.033224E-05  7.391760E-07
  2.204628E+00  9.000000E+01     6  3.609181E-04  5.409669E+01  2.116492E-04  2.923464E-04
  2.166617E+00  0.000000E+00     1  6.795046E+01  3.592346E+01  5.502638E+01  3.986681E+01
  2.166617E+00  0.000000E+00     2  0.000000E+00  9.000000E+01  0.000000E+00  0.000000E+00
  2.166617E+00  0.000000E+00     3  2.934636E+00 -1.688673E+02 -2.879414E+00 -5.666267E-01
  2.166617E+00  0.000000E+00     4  0.000000E+00  9.000000E+01  0.000000E+00  0.000000E+00
  2.166617E+00  0.000000E+00     5  8.973106E+01 -1.393721E+02 -6.810178E+01 -5.842783E+01
  2.166617E+00  0.000000E+00     6  0.000000E+00  9.000000E+01  0.000000E+00  0.000000E+00
  2.166617E+00  1.000000E+01     1  2.636523E+01  3.258006E+01  2.221640E+01  1.419709E+01
  2.166617E+00  1.000000E+01     2  6.638621E+00  1.219039E+02 -3.508486E+00  5.635762E+00
  2.166617E+00  1.000000E+01     3  5.484689E-01  1.550997E+02 -4.974842E-01  2.309277E-01
  2.166617E+00  1.000000E+01     4  8.742793E+01 -5.955250E+01  4.430398E+01 -7.537109E+01
  2.166617E+00  1.000000E+01     5  6.334514E+01  5.543738E+01  3.593612E+01  5.216515E+01
  2.166617E+00  1.000000E+01     6  7.598235E+02  1.388284E+02 -5.719505E+02  5.002044E+02
  2.166617E+00  2.000000E+01     1  3.889343E-01  3.110988E+01  3.329970E-01  2.009549E-01
  2.166617E+00  2.000000E+01     2  1.154201E+01 -6.672662E+01  4.560465E+00 -1.060284E+01
  2.166617E+00  2.000000E+01     3  6.833063E+00 -2.601844E+01  6.140552E+00 -2.997394E+00
  2.166617E+00  2.000000E+01     4  2.165957E+02  1.169327E+02 -9.810581E+01  1.931035E+02
  2.166617E+00  2.000000E+01     5  1.900396E+02 -5.922293E+01  9.724306E+01 -1.632753E+02
  2.166617E+00  2.000000E+01     6  5.008559E+02 -1.687196E+01  4.792970E+02 -1.453653E+02
  2.166617E+00  3.000000E+01     1  5.411400E+00  3.888717E+01  4.212146E+00  3.397216E+00
  2.166617E+00  3.000000E+01     2  2.603736E+01  1.868632E+01  2.466485E+01  8.342027E+00
  2.166617E+00  3.000000E+01     3  8.295663E+00  6.328476E+01  3.729370E+00  7.410116E+00
  2.166617E+00  3.000000E+01     4  4.136461E+02 -1.451598E+02 -3.394996E+02 -2.363115E+02
  2.166617E+00  3.000000E+01     5  2.759830E+02  6.951283E+01  9.659344E+01  2.585273E+02
  2.166617E+00  3.000000E+01     6  1.705417E+02  1.477653E+02 -1.442561E+02  9.096507E+01
  2.166617E+00  4.000000E+01     1  2.045153E+01  1.040650E+02 -4.970174E+00  1.983841E+01
  2.166617E+00  4.000000E+01     2  2.240616E+01  1.148828E+02 -9.427703E+00  2.032620E+01
  2.166617E+00  4.000000E+01     3  1.524152E+01  7.838554E+01  3.068501E+00  1.492945E+01
  2.166617E+00  4.000000E+01     4  1.324868E+02 -4.789925E+01  8.882396E+01 -9.830082E+01
  2.166617E+00  4.000000E+01     5  8.779431E+01  8.441377E+01  8.546216E+00  8.737737E+01
  2.166617E+00  4.000000E+01     6  4.042658E+02 -1.778497E+02 -4.039811E+02 -1.516807E+01
  2.166617E+00  5.000000E+01     1  2.240556E+01  1.148835E+02 -9.427704E+00  2.032554E+01
  2.166617E+00  5.000000E+01     2  2.045164E+01  1.040636E+02 -4.969738E+00  1.983863E+01
  2.166617E+00  5.000000E+01     3  1.524130E+01  7.838374E+01  3.068926E+00  1.492913E+01
  2.166617E+00  5.000000E+01     4  8.780334E+01 -9.558950E+01 -8.552098E+00 -8.738586E+01
  2.166617E+00  5.000000E+01     5  1.324777E+02  1.321036E+02 -8.882272E+01  9.828970E+01
  2.166617E+00  5.000000E+01     6  4.042663E+02  2.150012E+00  4.039817E+02  1.516644E+01
  2.166617E+00  6.000000E+01     1  2.603778E+01  1.868726E+01  2.466511E+01  8.342566E+00
  2.166617E+00  6.000000E+01     2  5.411130E+00  3.887812E+01  4.212472E+00  3.396381E+00
  2.166617E+00  6.000000E+01     3  8.295437E+00  6.328344E+01  3.729439E+00  7.409829E+00
  2.166617E+00  6.000000E+01     4  2.759744E+02 -1.104901E+02 -9.660350E+01 -2.585143E+02
  2.166617E+00  6.000000E+01     5  4.136508E+02  3.484150E+01  3.394979E+02  2.363220E+02
  2.166617E+00  6.000000E+01     6  1.705405E+02 -3.223449E+01  1.442555E+02 -9.096384E+01
  2.166617E+00  7.000000E+01     1  1.154242E+01 -6.672739E+01  4.560481E+00 -1.060327E+01
  2.166617E+00  7.000000E+01     2  3.890518E-01  3.104450E+01  3.333267E-01  2.006355E-01
  2.166617E+00  7.000000E+01     3  6.832582E+00 -2.601735E+01  6.140177E+00 -2.997066E+00
  2.166617E+00  7.000000E+01     4  1.900465E+02  1.207777E+02 -9.724829E+01  1.632802E+02
  2.166617E+00  7.000000E+01     5  2.166055E+02 -6.306752E+01  9.810934E+01 -1.931127E+02
  2.166617E+00  7.000000E+01     6  5.008563E+02  1.631281E+02 -4.792973E+02  1.453654E+02
  2.166617E+00  8.000000E+01     1  6.639011E+00  1.219044E+02 -3.508745E+00  5.636060E+00
  2.166617E+00  8.000000E+01     2  2.636536E+01  3.257924E+01  2.221671E+01  1.419684E+01
  2.166617E+00  8.000000E+01     3  5.481158E-01  1.551227E+02 -4.972567E-01  2.305790E-01
  2.166617E+00  8.000000E+01     4  6.334885E+01 -1.245717E+02 -3.594651E+01 -5.216249E+01
  2.166617E+00  8.000000E+01     5  8.743641E+01  1.204499E+02 -4.431145E+01  7.537653E+01
  2.166617E+00  8.000000E+01     6  7.598239E+02 -4.117156E+01  5.719512E+02 -5.002041E+02
  2.166617E+00  9.000000E+01     1  5.786388E-06  1.160853E+02 -2.544322E-06  5.196990E-06
  2.166617E+00  9.000000E+01     2  6.795103E+01  3.592334E+01  5.502693E+01  3.986702E+01
  2.166617E+00  9.000000E+01     3  2.934584E+00 -1.688780E+02 -2.879469E+00 -5.660762E-01
  2.166617E+00  9.000000E+01     4  8.972484E+01  4.062740E+01  6.809757E+01  5.842318E+01
  2.166617E+00  9.000000E+01     5  1.919565E-04  6.879180E+01  6.944180E-05  1.789557E-04
  2.166617E+00  9.000000E+01     6  8.748598E-05  3.981947E+01  6.719500E-05  5.602346E-05
  2.129894E+00  0.000000E+00     1  6.640988E+01  8.328256E+01  7.768166E+00  6.595399E+01
  2.129894E+00  0.000000E+00     2  0.000000E+00  9.000000E+01  0.000000E+00  0.000000E+00
  2.129894E+00  0.000000E+00     3  3.933422E+00  1.589202E+02 -3.670200E+00  1.414723E+00
  2.129894E+00  0.000000E+00     4  0.000000E+00  9.000000E+01  0.000000E+00  0.000000E+00
  2.129894E+00  0.000000E+00     5  6.786892E+01 -1.279904E+02 -4.177530E+01 -5.348846E+01
  2.129894E+00  0.000000E+00     6  0.000000E+00  9.000000E+01  0.000000E+00  0.000000E+00
  2.129894E+00  1.000000E+01     1  2.063368E+01  5.274221E+01  1.249168E+01  1.642275E+01
  2.129894E+00  1.000000E+01     2  9.114911E+00  1.566013E+02 -8.365335E+00  3.619777E+00
  2.129894E+00  1.000000E+01     3  1.534587E+00 -5.918235E+01  7.861802E-01 -1.317906E+00
  2.129894E+00  1.000000E+01     4  1.035674E+02 -8.434729E+00  1.024472E+02 -1.519154E+01
  2.129894E+00  1.000000E+01     5  8.099958E+01 -7.975494E+01  1.440649E+01 -7.970812E+01
  2.129894E+00  1.000000E+01     6  7.745032E+02  1.554433E+02 -7.044497E+02  3.218785E+02
  2.129894E+00  2.000000E+01     1  4.630097E+00  4.664958E+01  3.178370E+00  3.366863E+00
  2.129894E+00  2.000000E+01     2  1.298600E+01 -9.876665E+00  1.279354E+01 -2.227462E+00
  2.129894E+00  2.000000E+01     3  7.147348E+00  1.699493E+01  6.835228E+00  2.089077E+00
  2.129894E+00  2.000000E+01     4  2.142456E+02  1.683693E+02 -2.098465E+02  4.319252E+01
  2.129894E+00  2.000000E+01     5  1.435369E+02  2.879570E+01  1.257876E+02  6.914001E+01
  2.129894E+00  2.000000E+01     6  5.875461E+02 -1.816477E+01  5.582651E+02 -1.831679E+02
  2.129894E+00  3.000000E+01     1  7.502022E+00 -1.479646E+02 -6.359616E+00 -3.979399E+00
  2.129894E+00  3.000000E+01     2  6.144677E+00  1.370014E+02 -4.494038E+00  4.190546E+00
  2.129894E+00  3.000000E+01     3  9.998712E+00  1.127441E+02 -3.865665E+00  9.221218E+00
  2.129894E+00  3.000000E+01     4  1.532722E+02 -5.017629E+01  9.815974E+01 -1.177159E+02
  2.129894E+00  3.000000E+01     5  6.641927E+01  8.402060E+01  6.918953E+00  6.605791E+01
  2.129894E+00  3.000000E+01     6  2.164633E+02  1.609536E+02 -2.046129E+02  7.063934E+01
  2.129894E+00  4.000000E+01     1  2.096350E+01  1.421223E+02 -1.654699E+01  1.287112E+01
  2.129894E+00  4.000000E+01     2  2.584443E+01  1.386792E+02 -1.940980E+01  1.706441E+01
  2.129894E+00  4.000000E+01     3  8.688979E+00  1.255440E+02 -5.051145E+00  7.069957E+00
  2.129894E+00  4.000000E+01     4  2.471924E+02 -4.085516E+01  1.869678E+02 -1.617007E+02
  2.129894E+00  4.000000E+01     5  9.647359E+01  1.293307E+02 -6.114450E+01  7.462241E+01
  2.129894E+00  4.000000E+01     6  3.898298E+02 -1.736829E+02 -3.874628E+02 -4.289342E+01
  2.129894E+00  5.000000E+01     1  2.584423E+01  1.386787E+02 -1.940950E+01  1.706446E+01
  2.129894E+00  5.000000E+01     2  2.096358E+01  1.421222E+02 -1.654702E+01  1.287121E+01
  2.129894E+00  5.000000E+01     3  8.688986E+00  1.255438E+02 -5.051125E+00  7.069980E+00
  2.129894E+00  5.000000E+01     4  9.647427E+01 -5.066991E+01  6.114416E+01 -7.462357E+01
  2.129894E+00  5.000000E+01     5  2.471910E+02  1.391436E+02 -1.869631E+02  1.617040E+02
  2.129894E+00  5.000000E+01     6  3.898310E+02  6.317273E+00  3.874638E+02  4.289464E+01
  2.129894E+00  6.000000E+01     1  6.144904E+00  1.370021E+02 -4.494251E+00  4.190651E+00
  2.129894E+00  6.000000E+01     2  7.502151E+00 -1.479637E+02 -6.359667E+00 -3.979561E+00
  2.129894E+00  6.000000E+01     3  9.998286E+00  1.127432E+02 -3.865349E+00  9.220890E+00
  2.129894E+00  6.000000E+01     4  6.641717E+01 -9.597910E+01 -6.918393E+00 -6.605585E+01
  2.129894E+00  6.000000E+01     5  1.532767E+02  1.298241E+02 -9.816339E+01  1.177187E+02
  2.129894E+00  6.000000E+01     6  2.164640E+02 -1.904658E+01  2.046134E+02 -7.064014E+01
  2.129894E+00  7.000000E+01     1  1.298608E+01 -9.876839E+00  1.279361E+01 -2.227514E+00
  2.129894E+00  7.000000E+01     2  4.630004E+00  4.664973E+01  3.178297E+00  3.366804E+00
  2.129894E+00  7.000000E+01     3  7.147663E+00  1.699265E+01  6.835612E+00  2.088897E+00
  2.129894E+00  7.000000E+01     4  1.435365E+02 -1.512041E+02 -1.257870E+02 -6.914016E+01
  2.129894E+00  7.000000E+01     5  2.142475E+02 -1.163148E+01  2.098478E+02 -4.319572E+01
  2.129894E+00  7.000000E+01     6  5.875448E+02  1.618353E+02 -5.582640E+02  1.831673E+02
  2.129894E+00  8.000000E+01     1  9.114932E+00  1.566016E+02 -8.365372E+00  3.619744E+00
  2.129894E+00  8.000000E+01     2  2.063322E+01  5.274222E+01  1.249139E+01  1.642239E+01
  2.129894E+00  8.000000E+01     3  1.534425E+00 -5.919802E+01  7.857370E-01 -1.317982E+00
  2.129894E+00  8.000000E+01     4  8.100550E+01  1.002401E+02 -1.440060E+01  7.971520E+01
  2.129894E+00  8.000000E+01     5  1.035663E+02  1.715659E+02 -1.024462E+02  1.519030E+01
  2.129894E+00  8.000000E+01     6  7.745041E+02 -2.455679E+01  7.044500E+02 -3.218800E+02
  2.129894E+00  9.000000E+01     1  1.033611E-05 -1.679657E+02 -1.010895E-05 -2.155058E-06
  2.129894E+00  9.000000E+01     2  6.641012E+01  8.328262E+01  7.768130E+00  6.595422E+01
  2.129894E+00  9.000000E+01     3  3.933816E+00  1.589137E+02 -3.670405E+00  1.415285E+00
  2.129894E+00  9.000000E+01     4  6.786536E+01  5.200824E+01  4.177439E+01  5.348464E+01
  2.129894E+00  9.000000E+01     5  5.351343E-05  1.383374E+02 -3.997837E-05  3.557270E-05
  2.129894E+00  9.000000E+01     6  2.378528E-04 -9.997279E+01 -4.119148E-05 -2.342589E-04
  2.094396E+00  0.000000E+00     1  6.552734E+01  1.232105E+02 -3.589042E+01  5.482435E+01
  2.094396E+00  0.000000E+00     2  0.000000E+00  9.000000E+01  0.000000E+00  0.000000E+00
  2.094396E+00  0.000000E+00     3  8.344854E+00 -1.591832E+02 -7.800115E+00 -2.965603E+00
  2.094396E+00  0.000000E+00     4  0.000000E+00  9.000000E+01  0.000000E+00  0.000000E+00
  2.094396E+00  0.000000E+00     5  1.549957E+02 -6.790326E+01  5.830496E+01 -1.436113E+02
  2.094396E+00  0.000000E+00     6  0.000000E+00  9.000000E+01  0.000000E+00  0.000000E+00
  2.094396E+00  1.000000E+01     1  2.087956E+01  8.224552E+01  2.817248E+00  2.068862E+01
  2.094396E+00  1.000000E+01     2  4.710377E+00  8.530379E+01  3.856504E-01  4.694563E+00
  2.094396E+00  1.000000E+01     3  8.412006E+00 -5.096258E+01  5.298116E+00 -6.533897E+00
  2.094396E+00  1.000000E+01     4  6.842751E+01 -1.662014E+02 -6.645271E+01 -1.632061E+01
  2.094396E+00  1.000000E+01     5  2.906380E+01 -6.021792E-01  2.906220E+01 -3.054552E-01
  2.094396E+00  1.000000E+01     6  5.383463E+02  1.752182E+02 -5.364725E+02  4.487759E+01
  2.094396E+00  2.000000E+01     1  7.040360E+00 -1.554681E+02 -6.404829E+00 -2.923156E+00
  2.094396E+00  2.000000E+01     2  7.268946E+00  1.444254E+01  7.039235E+00  1.812940E+00
  2.094396E+00  2.000000E+01     3  6.694968E+00  5.012433E+01  4.292303E+00  5.137969E+00
  2.094396E+00  2.000000E+01     4  8.555235E+01 -1.620758E+02 -8.140002E+01 -2.632945E+01
  2.094396E+00  2.000000E+01     5  1.237389E+02  1.206741E+02 -6.312589E+01  1.064257E+02
  2.094396E+00  2.000000E+01     6  5.035181E+02 -1.813860E+01  4.784964E+02 -1.567536E+02
  2.094396E+00  3.000000E+01     1  1.064141E+01 -1.498202E+02 -9.198996E+00 -5.349595E+00
  2.094396E+00  3.000000E+01     2  1.288997E+01 -1.778223E+02 -1.288066E+01 -4.898058E-01
  2.094396E+00  3.000000E+01     3  1.099845E+01 -1.534408E+02 -9.837811E+00 -4.917650E+00
  2.094396E+00  3.000000E+01     4  1.909883E+02 -2.378291E+01  1.747695E+02 -7.702027E+01
  2.094396E+00  3.000000E+01     5  7.675906E+01  1.417718E+02 -6.029825E+01  4.749817E+01
  2.094396E+00  3.000000E+01     6  2.584137E+02  1.772312E+02 -2.581120E+02  1.248307E+01
  2.094396E+00  4.000000E+01     1  2.216668E+01 -1.787371E+02 -2.216129E+01 -4.885502E-01
  2.094396E+00  4.000000E+01     2  1.989051E+01 -1.737290E+02 -1.977149E+01 -2.172675E+00
  2.094396E+00  4.000000E+01     3  1.079054E+01  1.629225E+02 -1.031477E+01  3.168814E+00
  2.094396E+00  4.000000E+01     4  1.876165E+02  3.610758E+00  1.872440E+02  1.181569E+01
  2.094396E+00  4.000000E+01     5  2.003369E+02 -1.691947E+02 -1.967850E+02 -3.755750E+01
  2.094396E+00  4.000000E+01     6  2.992442E+02 -1.722683E+02 -2.965237E+02 -4.025870E+01
  2.094396E+00  5.000000E+01     1  1.989057E+01 -1.737287E+02 -1.977154E+01 -2.172771E+00
  2.094396E+00  5.000000E+01     2  2.216662E+01 -1.787376E+02 -2.216124E+01 -4.883671E-01
  2.094396E+00  5.000000E+01     3  1.079134E+01  1.629221E+02 -1.031551E+01  3.169118E+00
  2.094396E+00  5.000000E+01     4  2.003322E+02  1.080381E+01  1.967813E+02  3.755161E+01
  2.094396E+00  5.000000E+01     5  1.876166E+02 -1.763888E+02 -1.872441E+02 -1.181718E+01
  2.094396E+00  5.000000E+01     6  2.992451E+02  7.731825E+00  2.965246E+02  4.025943E+01
  2.094396E+00  6.000000E+01     1  1.288976E+01 -1.778236E+02 -1.288046E+01 -4.895075E-01
  2.094396E+00  6.000000E+01     2  1.064149E+01 -1.498197E+02 -9.199006E+00 -5.349726E+00
  2.094396E+00  6.000000E+01     3  1.099909E+01 -1.534413E+02 -9.838434E+00 -4.917856E+00
  2.094396E+00  6.000000E+01     4  7.675691E+01 -3.822539E+01  6.029890E+01 -4.749384E+01
  2.094396E+00  6.000000E+01     5  1.909843E+02  1.562150E+02 -1.747631E+02  7.702515E+01
  2.094396E+00  6.000000E+01     6  2.584124E+02 -2.769273E+00  2.581106E+02 -1.248497E+01
  2.094396E+00  7.000000E+01     1  7.268983E+00  1.444255E+01  7.039270E+00  1.812951E+00
  2.094396E+00  7.000000E+01     2  7.040263E+00 -1.554691E+02 -6.404789E+00 -2.923007E+00
  2.094396E+00  7.000000E+01     3  6.695272E+00  5.012307E+01  4.292611E+00  5.138108E+00
  2.094396E+00  7.000000E+01     4  1.237413E+02 -5.932555E+01  6.312776E+01 -1.064274E+02
  2.094396E+00  7.000000E+01     5  8.554993E+01  1.792386E+01  8.139788E+01  2.632823E+01
  2.094396E+00  7.000000E+01     6  5.035158E+02  1.618617E+02 -4.784949E+02  1.567506E+02
  2.094396E+00  8.000000E+01     1  4.710208E+00  8.530424E+01  3.856005E-01  4.694398E+00
  2.094396E+00  8.000000E+01     2  2.087971E+01  8.224537E+01  2.817322E+00  2.068877E+01
  2.094396E+00  8.000000E+01     3  8.411466E+00 -5.096111E+01  5.297942E+00 -6.533342E+00
  2.094396E+00  8.000000E+01     4  2.906644E+01  1.794038E+02 -2.906487E+01  3.024642E-01
  2.094396E+00  8.000000E+01     5  6.842709E+01  1.379604E+01  6.645303E+01  1.631756E+01
  2.094396E+00  8.000000E+01     6  5.383445E+02 -4.781926E+00  5.364707E+02 -4.487828E+01
  2.094396E+00  9.000000E+01     1  4.963531E-06  1.634158E+02 -4.757055E-06  1.416709E-06
  2.094396E+00  9.000000E+01     2  6.552733E+01  1.232105E+02 -3.589041E+01  5.482435E+01
  2.094396E+00  9.000000E+01     3  8.344704E+00 -1.591823E+02 -7.799927E+00 -2.965674E+00
  2.094396E+00  9.000000E+01     4  1.549973E+02  1.120971E+02 -5.830637E+01  1.436124E+02
  2.094396E+00  9.000000E+01     5  7.766421E-05  7.721708E+01  1.718382E-05  7.573933E-05
  2.094396E+00  9.000000E+01     6  4.510078E-04 -1.121541E+02 -1.700749E-04 -4.177111E-04
  2.060062E+00  0.000000E+00     1  5.043771E+01  1.604129E+02 -4.751904E+01  1.690871E+01
  2.060062E+00  0.000000E+00     2  0.000000E+00  9.000000E+01  0.000000E+00  0.000000E+00
  2.060062E+00  0.000000E+00     3  4.557548E+00 -1.333766E+02 -3.130082E+00 -3.312676E+00
  2.060062E+00  0.000000E+00     4  0.000000E+00  9.000000E+01  0.000000E+00  0.000000E+00
  2.060062E+00  0.000000E+00     5  4.467461E+02 -3.236901E+01  3.773296E+02 -2.391745E+02
  2.060062E+00  0.000000E+00     6  0.000000E+00  9.000000E+01  0.000000E+00  0.000000E+00
  2.060062E+00  1.000000E+01     1  2.355636E+01  1.319513E+02 -1.574739E+01  1.751918E+01
  2.060062E+00  1.000000E+01     2  5.419795E+00 -1.728854E+01  5.174930E+00 -1.610675E+00
  2.060062E+00  1.000000E+01     3  6.628786E+00  5.979729E+01  3.334682E+00  5.728935E+00
  2.060062E+00  1.000000E+01     4  1.575646E+02  1.416215E+02 -1.235190E+02  9.782455E+01
  2.060062E+00  1.000000E+01     5  1.733246E+02  1.616998E+02 -1.645586E+02  5.442316E+01
  2.060062E+00  1.000000E+01     6  3.145711E+02 -1.370703E+02 -2.303257E+02 -2.142546E+02
  2.060062E+00  2.000000E+01     1  4.854795E+00  1.777739E+02 -4.851132E+00  1.885730E-01
  2.060062E+00  2.000000E+01     2  1.385713E+00  1.378966E+02 -1.028111E+00  9.290789E-01
  2.060062E+00  2.000000E+01     3  4.210745E+00  9.819080E+01 -5.999042E-01  4.167792E+00
  2.060062E+00  2.000000E+01     4  7.701440E+01 -2.926375E+01  6.718572E+01 -3.764700E+01
  2.060062E+00  2.000000E+01     5  2.659650E+02  1.033982E+02 -6.162873E+01  2.587263E+02
  2.060062E+00  2.000000E+01     6  3.724280E+02 -3.268960E+00  3.718220E+02 -2.123702E+01
  2.060062E+00  3.000000E+01     1  3.666216E+01 -7.314200E+01  1.063206E+01 -3.508666E+01
  2.060062E+00  3.000000E+01     2  1.327332E+01 -1.545251E+02 -1.198281E+01 -5.709061E+00
  2.060062E+00  3.000000E+01     3  1.155065E+01 -1.311502E+02 -7.600737E+00 -8.697486E+00
  2.060062E+00  3.000000E+01     4  1.343069E+02 -1.443559E+01  1.300667E+02 -3.348158E+01
  2.060062E+00  3.000000E+01     5  5.238855E+02 -6.877393E+01  1.896721E+02 -4.883447E+02
  2.060062E+00  3.000000E+01     6  3.107294E+02 -1.734676E+02 -3.087121E+02 -3.535019E+01
  2.060062E+00  4.000000E+01     1  2.494873E+01 -1.563687E+02 -2.285663E+01 -1.000068E+01
  2.060062E+00  4.000000E+01     2  2.500694E+01 -1.457245E+02 -2.066421E+01 -1.408323E+01
  2.060062E+00  4.000000E+01     3  6.280734E+00 -1.396469E+02 -4.786351E+00 -4.066751E+00
  2.060062E+00  4.000000E+01     4  3.410391E+02  2.360391E+01  3.125062E+02  1.365560E+02
  2.060062E+00  4.000000E+01     5  3.845463E+02 -1.633573E+02 -3.684374E+02 -1.101350E+02
  2.060062E+00  4.000000E+01     6  2.375228E+02 -1.611334E+02 -2.247617E+02 -7.680662E+01
  2.060062E+00  5.000000E+01     1  2.500680E+01 -1.457234E+02 -2.066384E+01 -1.408353E+01
  2.060062E+00  5.000000E+01     2  2.494891E+01 -1.563698E+02 -2.285699E+01 -1.000030E+01
  2.060062E+00  5.000000E+01     3  6.280365E+00 -1.396458E+02 -4.785987E+00 -4.066610E+00
  2.060062E+00  5.000000E+01     4  3.845513E+02  1.664054E+01  3.684464E+02  1.101226E+02
  2.060062E+00  5.000000E+01     5  3.410355E+02 -1.563940E+02 -3.124979E+02 -1.365659E+02
  2.060062E+00  5.000000E+01     6  2.375218E+02  1.886621E+01  2.247612E+02  7.680493E+01
  2.060062E+00  6.000000E+01     1  1.327549E+01 -1.545233E+02 -1.198458E+01 -5.710384E+00
  2.060062E+00  6.000000E+01     2  3.666244E+01 -7.314095E+01  1.063278E+01 -3.508673E+01
  2.060062E+00  6.000000E+01     3  1.155040E+01 -1.311503E+02 -7.600587E+00 -8.697282E+00
  2.060062E+00  6.000000E+01     4  5.238929E+02  1.112272E+02 -1.896848E+02  4.883477E+02
  2.060062E+00  6.000000E+01     5  1.343344E+02  1.655775E+02 -1.301010E+02  3.345871E+01
  2.060062E+00  6.000000E+01     6  3.107296E+02  6.532558E+00  3.087121E+02  3.535102E+01
  2.060062E+00  7.000000E+01     1  1.385023E+00  1.378751E+02 -1.027251E+00  9.290028E-01
  2.060062E+00  7.000000E+01     2  4.855024E+00  1.777723E+02 -4.851355E+00  1.887183E-01
  2.060062E+00  7.000000E+01     3  4.210692E+00  9.819651E+01 -6.003128E-01  4.167680E+00
  2.060062E+00  7.000000E+01     4  2.659688E+02 -7.660156E+01  6.163066E+01 -2.587297E+02
  2.060062E+00  7.000000E+01     5  7.700054E+01  1.507341E+02 -6.717223E+01  3.764272E+01
  2.060062E+00  7.000000E+01     6  3.724289E+02  1.767311E+02 -3.718229E+02  2.123647E+01
  2.060062E+00  8.000000E+01     1  5.420198E+00 -1.728779E+01  5.175336E+00 -1.610728E+00
  2.060062E+00  8.000000E+01     2  2.355664E+01  1.319502E+02 -1.574725E+01  1.751969E+01
  2.060062E+00  8.000000E+01     3  6.628593E+00  5.979497E+01  3.334818E+00  5.728633E+00
  2.060062E+00  8.000000E+01     4  1.733250E+02 -1.830436E+01  1.645550E+02 -5.443526E+01
  2.060062E+00  8.000000E+01     5  1.575710E+02 -3.837723E+01  1.235263E+02 -9.782581E+01
  2.060062E+00  8.000000E+01     6  3.145720E+02  4.292990E+01  2.303257E+02  2.142560E+02
  2.060062E+00  9.000000E+01     1  3.983779E-06  5.430733E+01  2.324285E-06  3.235459E-06
  2.060062E+00  9.000000E+01     2  5.043652E+01  1.604128E+02 -4.751788E+01  1.690838E+01
  2.060062E+00  9.000000E+01     3  4.557909E+00 -1.333845E+02 -3.130786E+00 -3.312508E+00
  2.060062E+00  9.000000E+01     4  4.467676E+02  1.476319E+02 -3.773514E+02  2.391804E+02
  2.060062E+00  9.000000E+01     5  9.814314E-05  4.576749E+01  6.846189E-05  7.032103E-05
  2.060062E+00  9.000000E+01     6  4.554599E-04 -1.062108E+02 -1.271515E-04 -4.373513E-04
  2.026835E+00  0.000000E+00     1  6.103974E+01 -1.527865E+02 -5.428318E+01 -2.791390E+01
  2.026835E+00  0.000000E+00     2  0.000000E+00  9.000000E+01  0.000000E+00  0.000000E+00
  2.026835E+00  0.000000E+00     3  2.642739E+00  3.464536E+01  2.174146E+00  1.502385E+00
  2.026835E+00  0.000000E+00     4  0.000000E+00  9.000000E+01  0.000000E+00  0.000000E+00
  2.026835E+00  0.000000E+00     5  1.795600E+02 -2.558848E+01  1.619487E+02 -7.755276E+01
  2.026835E+00  0.000000E+00     6  0.000000E+00  9.000000E+01  0.000000E+00  0.000000E+00
  2.026835E+00  1.000000E+01     1  6.038760E+00  7.739374E+01  1.317959E+00  5.893183E+00
  2.026835E+00  1.000000E+01     2  6.173071E+00  3.224714E+01  5.220903E+00  3.293779E+00
  2.026835E+00  1.000000E+01     3  4.207643E+00  7.522184E+01  1.073274E+00  4.068457E+00
  2.026835E+00  1.000000E+01     4  1.147507E+02 -1.686176E+02 -1.124938E+02 -2.264687E+01
  2.026835E+00  1.000000E+01     5  2.356841E+02 -4.685078E+00  2.348966E+02 -1.925043E+01
  2.026835E+00  1.000000E+01     6  3.760828E+02 -5.431937E+01  2.193565E+02 -3.054848E+02
  2.026835E+00  2.000000E+01     1  1.941872E+01 -1.328310E+02 -1.320160E+01 -1.424095E+01
  2.026835E+00  2.000000E+01     2  3.245214E+00 -1.869951E+01  3.073909E+00 -1.040432E+00
  2.026835E+00  2.000000E+01     3  1.044981E+01 -1.308093E+02 -6.829404E+00 -7.909344E+00
  2.026835E+00  2.000000E+01     4  2.115582E+01  1.030236E+02 -4.767530E+00  2.061163E+01
  2.026835E+00  2.000000E+01     5  3.178489E+02  1.678240E+02 -3.106987E+02  6.703913E+01
  2.026835E+00  2.000000E+01     6  2.541537E+02  2.701987E+01  2.264126E+02  1.154619E+02
  2.026835E+00  3.000000E+01     1  2.396261E+01 -4.689573E+01  1.637433E+01 -1.749537E+01
  2.026835E+00  3.000000E+01     2  1.813701E+01 -1.373695E+02 -1.334407E+01 -1.228360E+01
  2.026835E+00  3.000000E+01     3  6.336538E+00 -9.924530E+01 -1.018038E+00 -6.254224E+00
  2.026835E+00  3.000000E+01     4  2.555275E+02  1.432967E+01  2.475774E+02  6.324324E+01
  2.026835E+00  3.000000E+01     5  2.602851E+02 -4.065136E+01  1.974751E+02 -1.695639E+02
  2.026835E+00  3.000000E+01     6  2.950162E+02 -1.572980E+02 -2.721598E+02 -1.138580E+02
  2.026835E+00  4.000000E+01     1  1.522583E+01 -1.471407E+01  1.472651E+01 -3.867292E+00
  2.026835E+00  4.000000E+01     2  6.555277E+00 -1.049182E+02 -1.687594E+00 -6.334326E+00
  2.026835E+00  4.000000E+01     3  1.110404E+01 -5.884992E+01  5.743915E+00 -9.503006E+00
  2.026835E+00  4.000000E+01     4  7.680675E+01  2.721115E+01  6.830634E+01  3.512150E+01
  2.026835E+00  4.000000E+01     5  2.281568E+02 -2.248956E+01  2.108053E+02 -8.727343E+01
  2.026835E+00  4.000000E+01     6  1.780250E+02 -1.399218E+02 -1.362188E+02 -1.146182E+02
  2.026835E+00  5.000000E+01     1  6.554970E+00 -1.049157E+02 -1.687237E+00 -6.334104E+00
  2.026835E+00  5.000000E+01     2  1.522559E+01 -1.471431E+01  1.472625E+01 -3.867291E+00
  2.026835E+00  5.000000E+01     3  1.110401E+01 -5.884912E+01  5.744033E+00 -9.502902E+00
  2.026835E+00  5.000000E+01     4  2.281519E+02  1.575089E+02 -2.107985E+02  8.727705E+01
  2.026835E+00  5.000000E+01     5  7.680203E+01 -1.527889E+02 -6.830215E+01 -3.511933E+01
  2.026835E+00  5.000000E+01     6  1.780281E+02  4.007959E+01  1.362183E+02  1.146236E+02
  2.026835E+00  6.000000E+01     1  1.813714E+01 -1.373699E+02 -1.334425E+01 -1.228360E+01
  2.026835E+00  6.000000E+01     2  2.396218E+01 -4.689684E+01  1.637369E+01 -1.749537E+01
  2.026835E+00  6.000000E+01     3  6.336260E+00 -9.924442E+01 -1.017898E+00 -6.253965E+00
  2.026835E+00  6.000000E+01     4  2.602753E+02  1.393454E+02 -1.974580E+02  1.695688E+02
  2.026835E+00  6.000000E+01     5  2.555369E+02 -1.656703E+02 -2.475865E+02 -6.324587E+01
  2.026835E+00  6.000000E+01     6  2.950150E+02  2.270162E+01  2.721594E+02  1.138558E+02
  2.026835E+00  7.000000E+01     1  3.245165E+00 -1.870428E+01  3.073776E+00 -1.040672E+00
  2.026835E+00  7.000000E+01     2  1.941841E+01 -1.328307E+02 -1.320129E+01 -1.424080E+01
  2.026835E+00  7.000000E+01     3  1.044991E+01 -1.308101E+02 -6.829577E+00 -7.909327E+00
  2.026835E+00  7.000000E+01     4  3.178487E+02 -1.217594E+01  3.106985E+02 -6.703884E+01
  2.026835E+00  7.000000E+01     5  2.115915E+01 -7.698127E+01  4.766513E+00 -2.061529E+01
  2.026835E+00  7.000000E+01     6  2.541540E+02 -1.529797E+02 -2.264120E+02 -1.154636E+02
  2.026835E+00  8.000000E+01     1  6.172997E+00  3.224593E+01  5.220910E+00  3.293630E+00
  2.026835E+00  8.000000E+01     2  6.038817E+00  7.739112E+01  1.318241E+00  5.893178E+00
  2.026835E+00  8.000000E+01     3  4.207788E+00  7.522094E+01  1.073375E+00  4.068580E+00
  2.026835E+00  8.000000E+01     4  2.356857E+02  1.753154E+02 -2.348984E+02  1.924869E+01
  2.026835E+00  8.000000E+01     5  1.147528E+02  1.138038E+01  1.124966E+02  2.264322E+01
  2.026835E+00  8.000000E+01     6  3.760854E+02  1.256807E+02 -2.193585E+02  3.054866E+02
  2.026835E+00  9.000000E+01     1  6.283190E-06  4.385408E+01  4.530850E-06  4.353145E-06
  2.026835E+00  9.000000E+01     2  6.104000E+01 -1.527864E+02 -5.428335E+01 -2.791415E+01
  2.026835E+00  9.000000E+01     3  2.642605E+00  3.464241E+01  2.174113E+00  1.502196E+00
  2.026835E+00  9.000000E+01     4  1.795574E+02  1.544104E+02 -1.619449E+02  7.755470E+01
  2.026835E+00  9.000000E+01     5  9.349512E-05  3.756208E+01  7.411296E-05  5.699657E-05
  2.026835E+00  9.000000E+01     6  3.174306E-04 -9.472137E+01 -2.612781E-05 -3.163535E-04
  1.994663E+00  0.000000E+00     1  5.602372E+01 -1.155431E+02 -2.415687E+01 -5.054803E+01
  1.994663E+00  0.000000E+00     2  0.000000E+00  9.000000E+01  0.000000E+00  0.000000E+00
  1.994663E+00  0.000000E+00     3  2.571564E+00  1.667425E+01  2.463434E+00  7.378588E-01
  1.994663E+00  0.000000E+00     4  0.000000E+00  9.000000E+01  0.000000E+00  0.000000E+00
  1.994663E+00  0.000000E+00     5  8.476183E+01  3.330999E+00  8.461862E+01  4.925014E+00
  1.994663E+00  0.000000E+00     6  0.000000E+00  9.000000E+01  0.000000E+00  0.000000E+00
  1.994663E+00  1.000000E+01     1  1.216673E+01  1.664046E+02 -1.182582E+01  2.859967E+00
  1.994663E+00  1.000000E+01     2  6.978346E+00  6.119876E+00  6.938577E+00  7.439545E-01
  1.994663E+00  1.000000E+01     3  6.594523E+00  9.735089E+01 -8.437398E-01  6.540324E+00
  1.994663E+00  1.000000E+01     4  9.828754E+01 -1.732456E+02 -9.760537E+01 -1.155994E+01
  1.994663E+00  1.000000E+01     5  8.949895E+01  1.498794E+02 -7.741396E+01  4.491257E+01
  1.994663E+00  1.000000E+01     6  5.743144E+02 -2.031077E+01  5.386057E+02 -1.993514E+02
  1.994663E+00  2.000000E+01     1  1.768947E+01 -9.290483E+01 -8.964511E-01 -1.766674E+01
  1.994663E+00  2.000000E+01     2  5.518638E+00 -8.297998E+01  6.744667E-01 -5.477268E+00
  1.994663E+00  2.000000E+01     3  1.274858E+01 -1.089598E+02 -4.142066E+00 -1.205693E+01
  1.994663E+00  2.000000E+01     4  9.230660E+01  4.286914E+01  6.765238E+01  6.279860E+01
  1.994663E+00  2.000000E+01     5  8.904936E+01 -1.656447E+02 -8.626897E+01 -2.207838E+01
  1.994663E+00  2.000000E+01     6  1.119816E+02  3.863020E+01  8.747910E+01  6.990918E+01
  1.994663E+00  3.000000E+01     1  1.802558E+01 -2.680935E+01  1.608805E+01 -8.129951E+00
  1.994663E+00  3.000000E+01     2  9.168151E+00 -6.116609E+01  4.421545E+00 -8.031496E+00
  1.994663E+00  3.000000E+01     3  1.616812E+01 -7.374969E+01  4.524392E+00 -1.552217E+01
  1.994663E+00  3.000000E+01     4  8.096969E+01  1.084279E+02 -2.559544E+01  7.681773E+01
  1.994663E+00  3.000000E+01     5  1.632307E+02 -2.685228E+01  1.456302E+02 -7.372997E+01
  1.994663E+00  3.000000E+01     6  2.603406E+02 -1.393207E+02 -1.974345E+02 -1.696964E+02
  1.994663E+00  4.000000E+01     1  1.447969E+01  3.544444E+01  1.179629E+01  8.396962E+00
  1.994663E+00  4.000000E+01     2  1.207262E+01  2.884134E+01  1.057512E+01  5.823661E+00
  1.994663E+00  4.000000E+01     3  1.147011E+01  5.163768E+01  7.118720E+00  8.993731E+00
  1.994663E+00  4.000000E+01     4  1.607050E+02 -1.742107E+02 -1.598853E+02 -1.621033E+01
  1.994663E+00  4.000000E+01     5  1.504283E+02  3.059049E+00  1.502139E+02  8.027621E+00
  1.994663E+00  4.000000E+01     6  1.223219E+02 -1.267187E+02 -7.313458E+01 -9.805087E+01
  1.994663E+00  5.000000E+01     1  1.207253E+01  2.884058E+01  1.057511E+01  5.823474E+00
  1.994663E+00  5.000000E+01     2  1.447963E+01  3.544544E+01  1.179609E+01  8.397134E+00
  1.994663E+00  5.000000E+01     3  1.147029E+01  5.163707E+01  7.118931E+00  8.993802E+00
  1.994663E+00  5.000000E+01     4  1.504232E+02 -1.769395E+02 -1.502086E+02 -8.031144E+00
  1.994663E+00  5.000000E+01     5  1.607021E+02  5.787799E+00  1.598828E+02  1.620591E+01
  1.994663E+00  5.000000E+01     6  1.223217E+02  5.328074E+01  7.313546E+01  9.804995E+01
  1.994663E+00  6.000000E+01     1  9.167970E+00 -6.116583E+01  4.421493E+00 -8.031318E+00
  1.994663E+00  6.000000E+01     2  1.802546E+01 -2.680958E+01  1.608791E+01 -8.129968E+00
  1.994663E+00  6.000000E+01     3  1.616829E+01 -7.374727E+01  4.525098E+00 -1.552215E+01
  1.994663E+00  6.000000E+01     4  1.632280E+02  1.531468E+02 -1.456266E+02  7.373105E+01
  1.994663E+00  6.000000E+01     5  8.096552E+01 -7.157357E+01  2.559213E+01 -7.681444E+01
  1.994663E+00  6.000000E+01     6  2.603417E+02  4.067945E+01  1.974349E+02  1.696976E+02
  1.994663E+00  7.000000E+01     1  5.518482E+00 -8.298101E+01  6.743487E-01 -5.477125E+00
  1.994663E+00  7.000000E+01     2  1.768967E+01 -9.290459E+01 -8.963867E-01 -1.766694E+01
  1.994663E+00  7.000000E+01     3  1.274837E+01 -1.089632E+02 -4.142726E+00 -1.205648E+01
  1.994663E+00  7.000000E+01     4  8.904897E+01  1.435867E+01  8.626728E+01  2.208335E+01
  1.994663E+00  7.000000E+01     5  9.230698E+01 -1.371329E+02 -6.765485E+01 -6.279650E+01
  1.994663E+00  7.000000E+01     6  1.119823E+02 -1.413699E+02 -8.747976E+01 -6.990936E+01
  1.994663E+00  8.000000E+01     1  6.978218E+00  6.118423E+00  6.938468E+00  7.437649E-01
  1.994663E+00  8.000000E+01     2  1.216668E+01  1.664032E+02 -1.182570E+01  2.860228E+00
  1.994663E+00  8.000000E+01     3  6.594509E+00  9.735027E+01 -8.436666E-01  6.540319E+00
  1.994663E+00  8.000000E+01     4  8.949894E+01 -3.012332E+01  7.741187E+01 -4.491619E+01
  1.994663E+00  8.000000E+01     5  9.828456E+01  6.751727E+00  9.760295E+01  1.155505E+01
  1.994663E+00  8.000000E+01     6  5.743145E+02  1.596893E+02 -5.386060E+02  1.993506E+02
  1.994663E+00  9.000000E+01     1  8.582847E-06  2.366039E+00  8.575530E-06  3.543294E-07
  1.994663E+00  9.000000E+01     2  5.602388E+01 -1.155430E+02 -2.415683E+01 -5.054823E+01
  1.994663E+00  9.000000E+01     3  2.572104E+00  1.666936E+01  2.464014E+00  7.378033E-01
  1.994663E+00  9.000000E+01     4  8.476276E+01 -1.766708E+02 -8.461971E+01 -4.922393E+00
  1.994663E+00  9.000000E+01     5  1.118403E-04 -1.957159E+01  1.053785E-04 -3.746475E-05
  1.994663E+00  9.000000E+01     6  1.714168E-04 -1.433234E+02 -1.374797E-04 -1.023867E-04
  1.963497E+00  0.000000E+00     1  5.553699E+01 -7.025372E+01  1.876348E+01 -5.227130E+01
  1.963497E+00  0.000000E+00     2  0.000000E+00  9.000000E+01  0.000000E+00  0.000000E+00
  1.963497E+00  0.000000E+00     3  1.295863E+01  5.627814E+01  7.194138E+00  1.077824E+01
  1.963497E+00  0.000000E+00     4  0.000000E+00  9.000000E+01  0.000000E+00  0.000000E+00
  1.963497E+00  0.000000E+00     5  4.557915E+01  6.405106E+01  1.994407E+01  4.098406E+01
  1.963497E+00  0.000000E+00     6  0.000000E+00  9.000000E+01  0.000000E+00  0.000000E+00
  1.963497E+00  1.000000E+01     1  9.598274E+00 -1.501184E+02 -8.322248E+00 -4.781950E+00
  1.963497E+00  1.000000E+01     2  1.855524E+01 -2.420055E+01  1.692454E+01 -7.606384E+00
  1.963497E+00  1.000000E+01     3  1.812655E+01  4.841889E+01  1.203022E+01  1.355896E+01
  1.963497E+00  1.000000E+01     4  2.962996E+02  1.591564E+02 -2.769083E+02  1.054290E+02
  1.963497E+00  1.000000E+01     5  1.332554E+02 -1.728974E+02 -1.322328E+02 -1.647650E+01
  1.963497E+00  1.000000E+01     6  6.624661E+02 -6.265553E+00  6.585090E+02 -7.229936E+01
  1.963497E+00  2.000000E+01     1  1.654140E+01 -5.946983E+01  8.402897E+00 -1.424813E+01
  1.963497E+00  2.000000E+01     2  9.233267E+00 -9.579045E+01 -9.315495E-01 -9.186154E+00
  1.963497E+00  2.000000E+01     3  1.993209E+01 -1.304094E+02 -1.292088E+01 -1.517692E+01
  1.963497E+00  2.000000E+01     4  1.580828E+02  3.980049E+01  1.214516E+02  1.011914E+02
  1.963497E+00  2.000000E+01     5  1.048564E+02 -3.068412E+01  9.017582E+01 -5.350868E+01
  1.963497E+00  2.000000E+01     6  1.240525E+02 -1.464754E+02 -1.034162E+02 -6.851352E+01
  1.963497E+00  3.000000E+01     1  1.772443E+01  3.989111E+01  1.359933E+01  1.136722E+01
  1.963497E+00  3.000000E+01     2  1.439851E+01  9.037474E+01 -9.417190E-02  1.439820E+01
  1.963497E+00  3.000000E+01     3  2.462772E+00  9.780944E+01 -3.346387E-01  2.439931E+00
  1.963497E+00  3.000000E+01     4  2.768372E+02 -6.317724E+01  1.249178E+02 -2.470513E+02
  1.963497E+00  3.000000E+01     5  2.448194E+02  4.268746E+01  1.799577E+02  1.659873E+02
  1.963497E+00  3.000000E+01     6  2.831170E+02 -1.293427E+02 -1.794840E+02 -2.189538E+02
  1.963497E+00  4.000000E+01     1  2.140275E+01  6.106627E+01  1.035460E+01  1.873125E+01
  1.963497E+00  4.000000E+01     2  1.839025E+01  5.809763E+01  9.718761E+00  1.561240E+01
  1.963497E+00  4.000000E+01     3  1.633442E+01  5.958718E+01  8.268917E+00  1.408681E+01
  1.963497E+00  4.000000E+01     4  2.753151E+02 -1.656321E+02 -2.667039E+02 -6.831865E+01
  1.963497E+00  4.000000E+01     5  3.349770E+02  1.903550E+01  3.166593E+02  1.092540E+02
  1.963497E+00  4.000000E+01     6  1.287019E+02 -1.224208E+02 -6.900141E+01 -1.086415E+02
  1.963497E+00  5.000000E+01     1  1.839013E+01  5.809895E+01  9.718337E+00  1.561252E+01
  1.963497E+00  5.000000E+01     2  2.140291E+01  6.106683E+01  1.035450E+01  1.873149E+01
  1.963497E+00  5.000000E+01     3  1.633415E+01  5.958320E+01  8.269766E+00  1.408601E+01
  1.963497E+00  5.000000E+01     4  3.349766E+02 -1.609632E+02 -3.166564E+02 -1.092612E+02
  1.963497E+00  5.000000E+01     5  2.753063E+02  1.436858E+01  2.666946E+02  6.831968E+01
  1.963497E+00  5.000000E+01     6  1.287000E+02  5.757923E+01  6.900027E+01  1.086400E+02
  1.963497E+00  6.000000E+01     1  1.439832E+01  9.037737E+01 -9.483165E-02  1.439801E+01
  1.963497E+00  6.000000E+01     2  1.772463E+01  3.989160E+01  1.359938E+01  1.136746E+01
  1.963497E+00  6.000000E+01     3  2.462981E+00  9.780426E+01 -3.344464E-01  2.440169E+00
  1.963497E+00  6.000000E+01     4  2.448238E+02 -1.373113E+02 -1.799572E+02 -1.659942E+02
  1.963497E+00  6.000000E+01     5  2.768412E+02  1.168250E+02 -1.249293E+02  2.470500E+02
  1.963497E+00  6.000000E+01     6  2.831162E+02  5.065766E+01  1.794823E+02  2.189541E+02
  1.963497E+00  7.000000E+01     1  9.232772E+00 -9.579136E+01 -9.316433E-01 -9.185647E+00
  1.963497E+00  7.000000E+01     2  1.654162E+01 -5.946878E+01  8.403270E+00 -1.424817E+01
  1.963497E+00  7.000000E+01     3  1.993231E+01 -1.304093E+02 -1.292099E+01 -1.517713E+01
  1.963497E+00  7.000000E+01     4  1.048607E+02  1.493179E+02 -9.018143E+01  5.350767E+01
  1.963497E+00  7.000000E+01     5  1.580785E+02 -1.402026E+02 -1.214536E+02 -1.011822E+02
  1.963497E+00  7.000000E+01     6  1.240535E+02  3.352454E+01  1.034171E+02  6.851399E+01
  1.963497E+00  8.000000E+01     1  1.855551E+01 -2.420082E+01  1.692475E+01 -7.606572E+00
  1.963497E+00  8.000000E+01     2  9.597739E+00 -1.501188E+02 -8.321819E+00 -4.781623E+00
  1.963497E+00  8.000000E+01     3  1.812640E+01  4.842070E+01  1.202969E+01  1.355923E+01
  1.963497E+00  8.000000E+01     4  1.332466E+02  7.099988E+00  1.322248E+02  1.646945E+01
  1.963497E+00  8.000000E+01     5  2.963069E+02 -2.084457E+01  2.769133E+02 -1.054361E+02
  1.963497E+00  8.000000E+01     6  6.624684E+02  1.737344E+02 -6.585112E+02  7.230061E+01
  1.963497E+00  9.000000E+01     1  4.327743E-06  2.245226E+01  3.999692E-06  1.652823E-06
  1.963497E+00  9.000000E+01     2  5.553654E+01 -7.025374E+01  1.876332E+01 -5.227089E+01
  1.963497E+00  9.000000E+01     3  1.295810E+01  5.627283E+01  7.194838E+00  1.077713E+01
  1.963497E+00  9.000000E+01     4  4.558279E+01 -1.159408E+02 -1.993987E+01 -4.099016E+01
  1.963497E+00  9.000000E+01     5  6.816791E-06  1.073314E+02 -2.030711E-06  6.507292E-06
  1.963497E+00  9.000000E+01     6  3.189683E-04  1.236766E+02 -1.768695E-04  2.654392E-04
  1.933289E+00  0.000000E+00     1  5.683943E+01 -2.470965E+01  5.163509E+01 -2.376002E+01
  1.933289E+00  0.000000E+00     2  0.000000E+00  9.000000E+01  0.000000E+00  0.000000E+00
  1.933289E+00  0.000000E+00     3  1.047376E+01  1.255541E+02 -6.090190E+00  8.521111E+00
  1.933289E+00  0.000000E+00     4  0.000000E+00  9.000000E+01  0.000000E+00  0.000000E+00
  1.933289E+00  0.000000E+00     5  1.378958E+02  8.833142E+01  4.015258E+00  1.378373E+02
  1.933289E+00  0.000000E+00     6  0.000000E+00  9.000000E+01  0.000000E+00  0.000000E+00
  1.933289E+00  1.000000E+01     1  8.541952E+00 -9.310203E+01 -4.622410E-01 -8.529436E+00
  1.933289E+00  1.000000E+01     2  9.973027E+00 -1.360503E+01  9.693188E+00 -2.345929E+00
  1.933289E+00  1.000000E+01     3  6.858088E+00 -9.525858E+01 -6.285493E-01 -6.829223E+00
  1.933289E+00  1.000000E+01     4  1.255750E+02 -1.701189E+02 -1.237122E+02 -2.154913E+01
  1.933289E+00  1.000000E+01     5  1.076402E+02 -1.426938E+02 -8.561791E+01 -6.523793E+01
  1.933289E+00  1.000000E+01     6  4.888665E+02  1.370721E+01  4.749432E+02  1.158420E+02
  1.933289E+00  2.000000E+01     1  1.149793E+01 -2.616178E+01  1.032000E+01 -5.069519E+00
  1.933289E+00  2.000000E+01     2  1.566857E+01 -6.484776E+01  6.659533E+00 -1.418290E+01
  1.933289E+00  2.000000E+01     3  2.115697E+01 -3.963663E+01  1.629310E+01 -1.349638E+01
  1.933289E+00  2.000000E+01     4  2.037912E+02  1.054779E+02 -5.438505E+01  1.964005E+02
  1.933289E+00  2.000000E+01     5  1.403094E+02  4.641926E+00  1.398492E+02  1.135500E+01
  1.933289E+00  2.000000E+01     6  2.584319E+02 -1.463662E+02 -2.151691E+02 -1.431408E+02
  1.933289E+00  3.000000E+01     1  1.392157E+01  5.338831E+01  8.302668E+00  1.117478E+01
  1.933289E+00  3.000000E+01     2  9.512872E+00  8.337563E+01  1.097401E+00  9.449362E+00
  1.933289E+00  3.000000E+01     3  1.155671E+01  6.586979E+01  4.724519E+00  1.054687E+01
  1.933289E+00  3.000000E+01     4  7.554870E+01 -6.975379E+01  2.614400E+01 -7.088087E+01
  1.933289E+00  3.000000E+01     5  2.608265E+02  1.183198E+01  2.552848E+02  5.348050E+01
  1.933289E+00  3.000000E+01     6  2.950038E+02 -1.280330E+02 -1.817562E+02 -2.323616E+02
  1.933289E+00  4.000000E+01     1  2.389545E+01  1.398873E+02 -1.827473E+01  1.539567E+01
  1.933289E+00  4.000000E+01     2  2.622179E+01  1.372987E+02 -1.927038E+01  1.778299E+01
  1.933289E+00  4.000000E+01     3  1.189968E+01  1.233522E+02 -6.542257E+00  9.939883E+00
  1.933289E+00  4.000000E+01     4  2.137228E+02 -3.984849E+01  1.640839E+02 -1.369450E+02
  1.933289E+00  4.000000E+01     5  1.113722E+02  1.222589E+02 -5.944447E+01  9.418127E+01
  1.933289E+00  4.000000E+01     6  1.374155E+02 -1.105210E+02 -4.817118E+01 -1.286956E+02
  1.933289E+00  5.000000E+01     1  2.622161E+01  1.372984E+02 -1.927015E+01  1.778297E+01
  1.933289E+00  5.000000E+01     2  2.389587E+01  1.398883E+02 -1.827532E+01  1.539563E+01
  1.933289E+00  5.000000E+01     3  1.189928E+01  1.233509E+02 -6.541813E+00  9.939692E+00
  1.933289E+00  5.000000E+01     4  1.113786E+02 -5.773615E+01  5.945602E+01 -9.418163E+01
  1.933289E+00  5.000000E+01     5  2.137177E+02  1.401515E+02 -1.640800E+02  1.369416E+02
  1.933289E+00  5.000000E+01     6  1.374153E+02  6.947851E+01  4.817212E+01  1.286950E+02
  1.933289E+00  6.000000E+01     1  9.512580E+00  8.337195E+01  1.097975E+00  9.449001E+00
  1.933289E+00  6.000000E+01     2  1.392228E+01  5.338805E+01  8.303140E+00  1.117532E+01
  1.933289E+00  6.000000E+01     3  1.155602E+01  6.587246E+01  4.723746E+00  1.054646E+01
  1.933289E+00  6.000000E+01     4  2.608368E+02 -1.681662E+02 -2.552932E+02 -5.349061E+01
  1.933289E+00  6.000000E+01     5  7.553846E+01  1.102387E+02 -2.613120E+01  7.087467E+01
  1.933289E+00  6.000000E+01     6  2.950027E+02  5.196698E+01  1.817557E+02  2.323606E+02
  1.933289E+00  7.000000E+01     1  1.566865E+01 -6.485035E+01  6.658926E+00 -1.418328E+01
  1.933289E+00  7.000000E+01     2  1.149837E+01 -2.616537E+01  1.032008E+01 -5.070362E+00
  1.933289E+00  7.000000E+01     3  2.115717E+01 -3.963794E+01  1.629295E+01 -1.349688E+01
  1.933289E+00  7.000000E+01     4  1.403050E+02 -1.753671E+02 -1.398466E+02 -1.133257E+01
  1.933289E+00  7.000000E+01     5  2.037939E+02 -7.452636E+01  5.437122E+01 -1.964071E+02
  1.933289E+00  7.000000E+01     6  2.584298E+02  3.363379E+01  2.151673E+02  1.431398E+02
  1.933289E+00  8.000000E+01     1  9.972674E+00 -1.360765E+01  9.692738E+00 -2.346291E+00
  1.933289E+00  8.000000E+01     2  8.541729E+00 -9.310435E+01 -4.625744E-01 -8.529195E+00
  1.933289E+00  8.000000E+01     3  6.858211E+00 -9.526140E+01 -6.288961E-01 -6.829315E+00
  1.933289E+00  8.000000E+01     4  1.076435E+02  3.730137E+01  8.562600E+01  6.523277E+01
  1.933289E+00  8.000000E+01     5  1.255640E+02  9.878816E+00  1.237022E+02  2.154237E+01
  1.933289E+00  8.000000E+01     6  4.888667E+02 -1.662927E+02 -4.749432E+02 -1.158431E+02
  1.933289E+00  9.000000E+01     1  8.438016E-06 -1.930864E+01  7.963387E-06 -2.790086E-06
  1.933289E+00  9.000000E+01     2  5.683873E+01 -2.471003E+01  5.163429E+01 -2.376007E+01
  1.933289E+00  9.000000E+01     3  1.047350E+01  1.255497E+02 -6.089381E+00  8.521360E+00
  1.933289E+00  9.000000E+01     4  1.378909E+02 -9.166238E+01 -4.000195E+00 -1.378329E+02
  1.933289E+00  9.000000E+01     5  1.218310E-04 -1.448796E+01  1.179568E-04 -3.047926E-05
  1.933289E+00  9.000000E+01     6  4.214322E-04  1.094984E+02 -1.406656E-04  3.972635E-04
  1.903997E+00  0.000000E+00     1  4.945748E+01  3.817300E+01  3.888091E+01  3.056660E+01
  1.903997E+00  0.000000E+00     2  0.000000E+00  9.000000E+01  0.000000E+00  0.000000E+00
  1.903997E+00  0.000000E+00     3  9.766488E+00 -1.269527E+02 -5.871176E+00 -7.804716E+00
  1.903997E+00  0.000000E+00     4  0.000000E+00  9.000000E+01  0.000000E+00  0.000000E+00
  1.903997E+00  0.000000E+00     5  2.719735E+02  1.277320E+02 -1.664393E+02  2.150989E+02
  1.903997E+00  0.000000E+00     6  0.000000E+00  9.000000E+01  0.000000E+00  0.000000E+00
  1.903997E+00  1.000000E+01     1  6.817817E+00 -2.650924E+00  6.810521E+00 -3.153298E-01
  1.903997E+00  1.000000E+01     2  8.774534E+00 -6.626505E+01  3.531804E+00 -8.032360E+00
  1.903997E+00  1.000000E+01     3  1.628510E+01 -7.008473E+01  5.547194E+00 -1.531120E+01
  1.903997E+00  1.000000E+01     4  1.731330E+02  5.893095E+01  8.934888E+01  1.482964E+02
  1.903997E+00  1.000000E+01     5  1.872788E+02  4.002938E+01  1.434021E+02  1.204540E+02
  1.903997E+00  1.000000E+01     6  3.272045E+02  7.353265E+01  9.275234E+01  3.137830E+02
  1.903997E+00  2.000000E+01     1  8.545817E+00  8.885264E+00  8.443264E+00  1.319955E+00
  1.903997E+00  2.000000E+01     2  1.651149E+01 -6.689228E+01  6.480119E+00 -1.518675E+01
  1.903997E+00  2.000000E+01     3  9.325248E+00  4.129230E+01  7.006551E+00  6.153738E+00
  1.903997E+00  2.000000E+01     4  1.964845E+02  4.198458E+01  1.460518E+02  1.314345E+02
  1.903997E+00  2.000000E+01     5  7.508169E+01  2.278685E+01  6.922172E+01  2.907944E+01
  1.903997E+00  2.000000E+01     6  3.598500E+02 -1.265947E+02 -2.145245E+02 -2.889139E+02
  1.903997E+00  3.000000E+01     1  1.066212E+01  1.579597E+02 -9.882931E+00  4.001060E+00
  1.903997E+00  3.000000E+01     2  1.800294E+01  1.372356E+02 -1.321689E+01  1.222373E+01
  1.903997E+00  3.000000E+01     3  3.560790E+01  1.241457E+02 -1.998668E+01  2.946957E+01
  1.903997E+00  3.000000E+01     4  2.206976E+02 -6.353759E+01  9.834520E+01 -1.975744E+02
  1.903997E+00  3.000000E+01     5  1.408286E+02 -1.415048E+02 -1.102210E+02 -8.765860E+01
  1.903997E+00  3.000000E+01     6  2.792615E+02 -1.121208E+02 -1.051590E+02 -2.587055E+02
  1.903997E+00  4.000000E+01     1  2.991149E+01 -1.615269E+02 -2.837022E+01 -9.477754E+00
  1.903997E+00  4.000000E+01     2  2.604725E+01 -1.703461E+02 -2.567839E+01 -4.368006E+00
  1.903997E+00  4.000000E+01     3  2.089622E+01  1.560210E+02 -1.909276E+01  8.492270E+00
  1.903997E+00  4.000000E+01     4  2.141239E+02 -7.885035E+00  2.120994E+02 -2.937476E+01
  1.903997E+00  4.000000E+01     5  3.204194E+02 -1.586302E+02 -2.983900E+02 -1.167563E+02
  1.903997E+00  4.000000E+01     6  9.042230E+01 -8.717725E+01  4.452954E+00 -9.031259E+01
  1.903997E+00  5.000000E+01     1  2.604681E+01 -1.703462E+02 -2.567796E+01 -4.367918E+00
  1.903997E+00  5.000000E+01     2  2.991150E+01 -1.615265E+02 -2.837016E+01 -9.477957E+00
  1.903997E+00  5.000000E+01     3  2.089768E+01  1.560214E+02 -1.909415E+01  8.492716E+00
  1.903997E+00  5.000000E+01     4  3.204268E+02  2.136970E+01  2.983970E+02  1.167585E+02
  1.903997E+00  5.000000E+01     5  2.141170E+02  1.721157E+02 -2.120930E+02  2.937104E+01
  1.903997E+00  5.000000E+01     6  9.042128E+01  9.282211E+01 -4.451916E+00  9.031161E+01
  1.903997E+00  6.000000E+01     1  1.800275E+01  1.372341E+02 -1.321642E+01  1.222395E+01
  1.903997E+00  6.000000E+01     2  1.066229E+01  1.579585E+02 -9.883002E+00  4.001325E+00
  1.903997E+00  6.000000E+01     3  3.560892E+01  1.241476E+02 -1.998822E+01  2.946976E+01
  1.903997E+00  6.000000E+01     4  1.408250E+02  3.849391E+01  1.102201E+02  8.765393E+01
  1.903997E+00  6.000000E+01     5  2.206916E+02  1.164611E+02 -9.833785E+01  1.975714E+02
  1.903997E+00  6.000000E+01     6  2.792647E+02  6.788025E+01  1.051553E+02  2.587105E+02
  1.903997E+00  7.000000E+01     1  1.651155E+01 -6.689182E+01  6.480261E+00 -1.518675E+01
  1.903997E+00  7.000000E+01     2  8.546027E+00  8.885618E+00  8.443463E+00  1.320040E+00
  1.903997E+00  7.000000E+01     3  9.323571E+00  4.129550E+01  7.004948E+00  6.153022E+00
  1.903997E+00  7.000000E+01     4  7.508620E+01 -1.572189E+02 -6.922881E+01 -2.907420E+01
  1.903997E+00  7.000000E+01     5  1.964859E+02 -1.380165E+02 -1.460554E+02 -1.314326E+02
  1.903997E+00  7.000000E+01     6  3.598509E+02  5.340601E+01  2.145218E+02  2.889171E+02
  1.903997E+00  8.000000E+01     1  8.774291E+00 -6.626666E+01  3.531482E+00 -8.032236E+00
  1.903997E+00  8.000000E+01     2  6.817226E+00 -2.650031E+00  6.809936E+00 -3.151963E-01
  1.903997E+00  8.000000E+01     3  1.628489E+01 -7.007917E+01  5.548611E+00 -1.531048E+01
  1.903997E+00  8.000000E+01     4  1.872763E+02 -1.399695E+02 -1.433978E+02 -1.204552E+02
  1.903997E+00  8.000000E+01     5  1.731331E+02 -1.210698E+02 -8.935079E+01 -1.482953E+02
  1.903997E+00  8.000000E+01     6  3.272085E+02 -1.064670E+02 -9.275163E+01 -3.137874E+02
  1.903997E+00  9.000000E+01     1  1.183546E-05 -8.650885E+01  7.207136E-07 -1.181349E-05
  1.903997E+00  9.000000E+01     2  4.945770E+01  3.817344E+01  3.888085E+01  3.056704E+01
  1.903997E+00  9.000000E+01     3  9.765565E+00 -1.269511E+02 -5.870402E+00 -7.804142E+00
  1.903997E+00  9.000000E+01     4  2.719759E+02 -5.226826E+01  1.664398E+02 -2.151015E+02
  1.903997E+00  9.000000E+01     5  2.718300E-04 -1.332703E+02 -1.863234E-04 -1.979272E-04
  1.903997E+00  9.000000E+01     6  3.510861E-04  1.416028E+02 -2.751547E-04  2.180627E-04
  1.875579E+00  0.000000E+00     1  4.366571E+01  6.705984E+01  1.701956E+01  4.021230E+01
  1.875579E+00  0.000000E+00     2  0.000000E+00  9.000000E+01  0.000000E+00  0.000000E+00
  1.875579E+00  0.000000E+00     3  1.365363E+01 -6.973492E+01  4.729124E+00 -1.280847E+01
  1.875579E+00  0.000000E+00     4  0.000000E+00  9.000000E+01  0.000000E+00  0.000000E+00
  1.875579E+00  0.000000E+00     5  3.178813E+02 -1.668200E+02 -3.095078E+02 -7.248043E+01
  1.875579E+00  0.000000E+00     6  0.000000E+00  9.000000E+01  0.000000E+00  0.000000E+00
  1.875579E+00  1.000000E+01     1  1.687023E+01 -2.839338E+01  1.484080E+01 -8.022176E+00
  1.875579E+00  1.000000E+01     2  3.112721E+00 -1.254191E+02 -1.803988E+00 -2.536664E+00
  1.875579E+00  1.000000E+01     3  1.955533E+01 -1.772323E+02 -1.953252E+01 -9.442630E-01
  1.875579E+00  1.000000E+01     4  8.397717E+01  1.829708E+01  7.973141E+01  2.636413E+01
  1.875579E+00  1.000000E+01     5  1.868289E+02 -8.099903E+00  1.849650E+02 -2.632411E+01
  1.875579E+00  1.000000E+01     6  2.455561E+02  1.377313E+02 -1.817112E+02  1.651631E+02
  1.875579E+00  2.000000E+01     1  9.464595E+00  4.158063E+01  7.079731E+00  6.281399E+00
  1.875579E+00  2.000000E+01     2  6.854997E+00 -1.459221E+02 -5.677835E+00 -3.840986E+00
  1.875579E+00  2.000000E+01     3  8.220308E+00 -1.797580E+02 -8.220235E+00 -3.472337E-02
  1.875579E+00  2.000000E+01     4  1.252875E+02  1.696104E+01  1.198379E+02  3.654904E+01
  1.875579E+00  2.000000E+01     5  1.561198E+02  3.289720E+01  1.310854E+02  8.479388E+01
  1.875579E+00  2.000000E+01     6  3.775007E+02 -1.301496E+02 -2.434068E+02 -2.885479E+02
  1.875579E+00  3.000000E+01     1  2.155663E+01  1.712832E+02 -2.130764E+01  3.266928E+00
  1.875579E+00  3.000000E+01     2  1.856556E+01 -1.760752E+02 -1.852201E+01 -1.270751E+00
  1.875579E+00  3.000000E+01     3  1.519846E+01  2.046189E+01  1.423951E+01  5.313141E+00
  1.875579E+00  3.000000E+01     4  2.461535E+02  9.606444E+00  2.427018E+02  4.107801E+01
  1.875579E+00  3.000000E+01     5  2.100867E+02  1.764001E+02 -2.096722E+02  1.319121E+01
  1.875579E+00  3.000000E+01     6  2.143906E+02 -1.180912E+02 -1.009515E+02 -1.891352E+02
  1.875579E+00  4.000000E+01     1  1.875663E+01 -1.414472E+02 -1.466832E+01 -1.168981E+01
  1.875579E+00  4.000000E+01     2  2.116873E+01 -1.443239E+02 -1.719592E+01 -1.234567E+01
  1.875579E+00  4.000000E+01     3  1.720740E+01 -2.984760E+01  1.492488E+01 -8.564029E+00
  1.875579E+00  4.000000E+01     4  1.451738E+02  2.614808E+01  1.303165E+02  6.397702E+01
  1.875579E+00  4.000000E+01     5  5.279612E+01 -1.551747E+02 -4.791734E+01 -2.216661E+01
  1.875579E+00  4.000000E+01     6  7.826205E+01 -1.020171E+02 -1.629443E+01 -7.654697E+01
  1.875579E+00  5.000000E+01     1  2.116868E+01 -1.443243E+02 -1.719598E+01 -1.234550E+01
  1.875579E+00  5.000000E+01     2  1.875688E+01 -1.414472E+02 -1.466853E+01 -1.168995E+01
  1.875579E+00  5.000000E+01     3  1.720731E+01 -2.984603E+01  1.492503E+01 -8.563578E+00
  1.875579E+00  5.000000E+01     4  5.280143E+01  2.482924E+01  4.792064E+01  2.217213E+01
  1.875579E+00  5.000000E+01     5  1.451769E+02 -1.538531E+02 -1.303205E+02 -6.397565E+01
  1.875579E+00  5.000000E+01     6  7.826302E+01  7.798232E+01  1.629543E+01  7.654775E+01
  1.875579E+00  6.000000E+01     1  1.856547E+01 -1.760744E+02 -1.852191E+01 -1.271025E+00
  1.875579E+00  6.000000E+01     2  2.155655E+01  1.712839E+02 -2.130760E+01  3.266659E+00
  1.875579E+00  6.000000E+01     3  1.520118E+01  2.046677E+01  1.424161E+01  5.315308E+00
  1.875579E+00  6.000000E+01     4  2.100837E+02 -3.597698E+00  2.096697E+02 -1.318284E+01
  1.875579E+00  6.000000E+01     5  2.461495E+02 -1.703926E+02 -2.426971E+02 -4.108147E+01
  1.875579E+00  6.000000E+01     6  2.143916E+02  6.190891E+01  1.009516E+02  1.891362E+02
  1.875579E+00  7.000000E+01     1  6.855072E+00 -1.459222E+02 -5.677899E+00 -3.841025E+00
  1.875579E+00  7.000000E+01     2  9.464487E+00  4.157919E+01  7.079807E+00  6.281150E+00
  1.875579E+00  7.000000E+01     3  8.219665E+00 -1.797693E+02 -8.219598E+00 -3.309565E-02
  1.875579E+00  7.000000E+01     4  1.561190E+02 -1.471054E+02 -1.310887E+02 -8.478741E+01
  1.875579E+00  7.000000E+01     5  1.252903E+02 -1.630385E+02 -1.198403E+02 -3.655073E+01
  1.875579E+00  7.000000E+01     6  3.775002E+02  4.985061E+01  2.434056E+02  2.885482E+02
  1.875579E+00  8.000000E+01     1  3.112671E+00 -1.254185E+02 -1.803931E+00 -2.536642E+00
  1.875579E+00  8.000000E+01     2  1.687000E+01 -2.839335E+01  1.484060E+01 -8.022057E+00
  1.875579E+00  8.000000E+01     3  1.955696E+01 -1.772316E+02 -1.953414E+01 -9.445739E-01
  1.875579E+00  8.000000E+01     4  1.868207E+02  1.719004E+02 -1.849571E+02  2.632213E+01
  1.875579E+00  8.000000E+01     5  8.397671E+01 -1.617034E+02 -7.973118E+01 -2.636336E+01
  1.875579E+00  8.000000E+01     6  2.455552E+02 -4.226867E+01  1.817106E+02 -1.651624E+02
  1.875579E+00  9.000000E+01     1  8.291171E-06 -1.504794E+02 -7.214798E-06 -4.085364E-06
  1.875579E+00  9.000000E+01     2  4.366626E+01  6.705918E+01  1.702024E+01  4.021261E+01
  1.875579E+00  9.000000E+01     3  1.365348E+01 -6.974103E+01  4.727710E+00 -1.280884E+01
  1.875579E+00  9.000000E+01     4  3.178660E+02  1.317869E+01  3.094946E+02  7.246988E+01
  1.875579E+00  9.000000E+01     5  1.225226E-04 -1.556375E+02 -1.116124E-04 -5.054170E-05
  1.875579E+00  9.000000E+01     6  2.599370E-04  1.041742E+02 -6.365084E-05  2.520234E-04
  1.847997E+00  0.000000E+00     1  3.115738E+01  8.594636E+01  2.202528E+00  3.107943E+01
  1.847997E+00  0.000000E+00     2  0.000000E+00  9.000000E+01  0.000000E+00  0.000000E+00
  1.847997E+00  0.000000E+00     3  1.346327E+01 -4.121409E+01  1.012778E+01 -8.870604E+00
  1.847997E+00  0.000000E+00     4  0.000000E+00  9.000000E+01  0.000000E+00  0.000000E+00
  1.847997E+00  0.000000E+00     5  4.586396E+02 -4.892585E+01  3.013424E+02 -3.457500E+02
  1.847997E+00  0.000000E+00     6  0.000000E+00  9.000000E+01  0.000000E+00  0.000000E+00
  1.847997E+00  1.000000E+01     1  1.537496E+01 -7.524951E+01  3.914621E+00 -1.486826E+01
  1.847997E+00  1.000000E+01     2  1.370409E+01 -6.069803E+01  6.706951E+00 -1.195068E+01
  1.847997E+00  1.000000E+01     3  9.058585E+00 -1.841742E+01  8.594604E+00 -2.861947E+00
  1.847997E+00  1.000000E+01     4  3.116324E+02  1.234470E+02 -1.717609E+02  2.600249E+02
  1.847997E+00  1.000000E+01     5  1.889329E+02 -8.687753E+01  1.029127E+01 -1.886524E+02
  1.847997E+00  1.000000E+01     6  4.151093E+02  1.786989E+02 -4.150023E+02  9.425704E+00
  1.847997E+00  2.000000E+01     1  1.984753E+01 -9.501728E+01 -1.735791E+00 -1.977148E+01
  1.847997E+00  2.000000E+01     2  1.742699E+01 -1.621468E+02 -1.658780E+01 -5.342751E+00
  1.847997E+00  2.000000E+01     3  9.732879E+00  1.186180E+02 -4.661739E+00  8.543835E+00
  1.847997E+00  2.000000E+01     4  3.367921E+02  2.917402E+01  2.940677E+02  1.641740E+02
  1.847997E+00  2.000000E+01     5  4.997932E+02 -8.428715E+01  4.975093E+01 -4.973109E+02
  1.847997E+00  2.000000E+01     6  3.055321E+02 -1.221845E+02 -1.627409E+02 -2.585832E+02
  1.847997E+00  3.000000E+01     1  1.959096E+01  1.717424E+02 -1.938785E+01  2.813717E+00
  1.847997E+00  3.000000E+01     2  4.743216E+01  1.124276E+02 -1.809609E+01  4.384451E+01
  1.847997E+00  3.000000E+01     3  5.418856E+00 -1.135228E+02 -2.162740E+00 -4.968557E+00
  1.847997E+00  3.000000E+01     4  1.153541E+03 -7.401134E+01  3.177395E+02 -1.108917E+03
  1.847997E+00  3.000000E+01     5  3.350133E+02  1.484092E+02 -2.853680E+02  1.754965E+02
  1.847997E+00  3.000000E+01     6  1.269478E+02 -9.088189E+01 -1.953880E+00 -1.269328E+02
  1.847997E+00  4.000000E+01     1  1.943849E+01 -1.070668E+02 -5.704940E+00 -1.858248E+01
  1.847997E+00  4.000000E+01     2  1.048180E+01 -9.196667E+01 -3.597165E-01 -1.047562E+01
  1.847997E+00  4.000000E+01     3  1.831813E+01 -9.416774E+01 -1.331299E+00 -1.826969E+01
  1.847997E+00  4.000000E+01     4  6.275777E+01  1.675469E+02 -6.128125E+01  1.353311E+01
  1.847997E+00  4.000000E+01     5  2.196364E+02 -1.112179E+02 -7.948993E+01 -2.047475E+02
  1.847997E+00  4.000000E+01     6  4.948948E+01 -4.438596E+01  3.536736E+01 -3.461731E+01
  1.847997E+00  5.000000E+01     1  1.048128E+01 -9.196765E+01 -3.598771E-01 -1.047510E+01
  1.847997E+00  5.000000E+01     2  1.943944E+01 -1.070704E+02 -5.706381E+00 -1.858303E+01
  1.847997E+00  5.000000E+01     3  1.831814E+01 -9.416801E+01 -1.331384E+00 -1.826970E+01
  1.847997E+00  5.000000E+01     4  2.196631E+02  6.877660E+01  7.951918E+01  2.047647E+02
  1.847997E+00  5.000000E+01     5  6.274991E+01 -1.244338E+01  6.127588E+01 -1.352102E+01
  1.847997E+00  5.000000E+01     6  4.949035E+01  1.356136E+02 -3.536773E+01  3.461818E+01
  1.847997E+00  6.000000E+01     1  4.743392E+01  1.124290E+02 -1.809784E+01  4.384570E+01
  1.847997E+00  6.000000E+01     2  1.959080E+01  1.717424E+02 -1.938769E+01  2.813692E+00
  1.847997E+00  6.000000E+01     3  5.417863E+00 -1.135227E+02 -2.162338E+00 -4.967649E+00
  1.847997E+00  6.000000E+01     4  3.350085E+02 -3.159101E+01  2.853633E+02 -1.754950E+02
  1.847997E+00  6.000000E+01     5  1.153575E+03  1.059905E+02 -3.177836E+02  1.108941E+03
  1.847997E+00  6.000000E+01     6  1.269476E+02  8.911771E+01  1.954764E+00  1.269326E+02
  1.847997E+00  7.000000E+01     1  1.742793E+01 -1.621438E+02 -1.658842E+01 -5.343906E+00
  1.847997E+00  7.000000E+01     2  1.984767E+01 -9.501602E+01 -1.735365E+00 -1.977165E+01
  1.847997E+00  7.000000E+01     3  9.732901E+00  1.186152E+02 -4.661334E+00  8.544081E+00
  1.847997E+00  7.000000E+01     4  4.997937E+02  9.571410E+01 -4.976177E+01  4.973103E+02
  1.847997E+00  7.000000E+01     5  3.368131E+02 -1.508231E+02 -2.940778E+02 -1.641990E+02
  1.847997E+00  7.000000E+01     6  3.055313E+02  5.781546E+01  1.627406E+02  2.585824E+02
  1.847997E+00  8.000000E+01     1  1.370387E+01 -6.069789E+01  6.706875E+00 -1.195048E+01
  1.847997E+00  8.000000E+01     2  1.537533E+01 -7.524426E+01  3.916077E+00 -1.486825E+01
  1.847997E+00  8.000000E+01     3  9.058333E+00 -1.841901E+01  8.594286E+00 -2.862106E+00
  1.847997E+00  8.000000E+01     4  1.889299E+02  9.313272E+01 -1.032485E+01  1.886476E+02
  1.847997E+00  8.000000E+01     5  3.116259E+02 -5.655370E+01  1.717542E+02 -2.600215E+02
  1.847997E+00  8.000000E+01     6  4.151085E+02 -1.301190E+00  4.150014E+02 -9.426325E+00
  1.847997E+00  9.000000E+01     1  1.739994E-05  1.267597E+02 -1.041318E-05  1.394000E-05
  1.847997E+00  9.000000E+01     2  3.115777E+01  8.594842E+01  2.201439E+00  3.107990E+01
  1.847997E+00  9.000000E+01     3  1.346279E+01 -4.121508E+01  1.012727E+01 -8.870462E+00
  1.847997E+00  9.000000E+01     4  4.586191E+02  1.310725E+02 -3.013188E+02  3.457433E+02
  1.847997E+00  9.000000E+01     5  3.797642E-04  1.190648E+02 -1.844887E-04  3.319408E-04
  1.847997E+00  9.000000E+01     6  1.666325E-04 -5.305068E+00  1.659187E-04 -1.540662E-05
  1.821214E+00  0.000000E+00     1  4.373452E+01  1.462495E+02 -3.636370E+01  2.429793E+01
  1.821214E+00  0.000000E+00     2  0.000000E+00  9.000000E+01  0.000000E+00  0.000000E+00
  1.821214E+00  0.000000E+00     3  9.778501E+00 -9.298677E+01 -5.095119E-01 -9.765218E+00
  1.821214E+00  0.000000E+00     4  0.000000E+00  9.000000E+01  0.000000E+00  0.000000E+00
  1.821214E+00  0.000000E+00     5  1.524358E+02 -4.620397E+00  1.519404E+02 -1.227927E+01
  1.821214E+00  0.000000E+00     6  0.000000E+00  9.000000E+01  0.000000E+00  0.000000E+00
  1.821214E+00  1.000000E+01     1  5.854505E+00 -8.154370E+01  8.609345E-01 -5.790856E+00
  1.821214E+00  1.000000E+01     2  1.970056E+00  1.437688E+02 -1.589123E+00  1.164392E+00
  1.821214E+00  1.000000E+01     3  3.742885E+00  1.105533E+02 -1.314046E+00  3.504636E+00
  1.821214E+00  1.000000E+01     4  3.326657E+01 -2.500955E+01  3.014741E+01 -1.406409E+01
  1.821214E+00  1.000000E+01     5  2.754226E+01  6.023061E+01  1.367502E+01  2.390754E+01
  1.821214E+00  1.000000E+01     6  4.392333E+02 -1.591913E+02 -4.105828E+02 -1.560373E+02
  1.821214E+00  2.000000E+01     1  5.121646E+00 -1.598463E+02 -4.808058E+00 -1.764607E+00
  1.821214E+00  2.000000E+01     2  6.640333E+00  1.491837E+02 -5.702814E+00  3.401755E+00
  1.821214E+00  2.000000E+01     3  8.140122E+00  1.567908E+02 -7.481361E+00  3.207930E+00
  1.821214E+00  2.000000E+01     4  2.417168E+01 -5.416660E+01  1.415084E+01 -1.959653E+01
  1.821214E+00  2.000000E+01     5  6.224858E+01 -9.405257E+01 -4.399217E+00 -6.209293E+01
  1.821214E+00  2.000000E+01     6  1.862986E+02 -1.162951E+02 -8.252921E+01 -1.670212E+02
  1.821214E+00  3.000000E+01     1  8.910020E+00 -9.204886E+01 -3.185484E-01 -8.904324E+00
  1.821214E+00  3.000000E+01     2  3.839716E+00 -8.649332E+01  2.348562E-01 -3.832527E+00
  1.821214E+00  3.000000E+01     3  2.489649E+01 -8.134270E+01  3.747523E+00 -2.461283E+01
  1.821214E+00  3.000000E+01     4  1.279477E+02  1.795187E+02 -1.279432E+02  1.074790E+00
  1.821214E+00  3.000000E+01     5  9.433436E+01 -5.731870E+01  5.093732E+01 -7.940000E+01
  1.821214E+00  3.000000E+01     6  1.056865E+02 -4.001234E+01  8.094590E+01 -6.795139E+01
  1.821214E+00  4.000000E+01     1  9.325944E+00 -1.935249E+01  8.799007E+00 -3.090421E+00
  1.821214E+00  4.000000E+01     2  1.142468E+01 -1.786016E+01  1.087410E+01 -3.503891E+00
  1.821214E+00  4.000000E+01     3  1.281578E+01  4.577999E+01  8.937923E+00  9.184649E+00
  1.821214E+00  4.000000E+01     4  2.332188E+02  1.764893E+02 -2.327811E+02  1.428125E+01
  1.821214E+00  4.000000E+01     5  1.460635E+02 -9.075471E+00  1.442350E+02 -2.303938E+01
  1.821214E+00  4.000000E+01     6  5.610705E+01  1.722655E+01  5.359016E+01  1.661614E+01
  1.821214E+00  5.000000E+01     1  1.142491E+01 -1.786093E+01  1.087427E+01 -3.504107E+00
  1.821214E+00  5.000000E+01     2  9.325591E+00 -1.935235E+01  8.798682E+00 -3.090282E+00
  1.821214E+00  5.000000E+01     3  1.281612E+01  4.577973E+01  8.938199E+00  9.184848E+00
  1.821214E+00  5.000000E+01     4  1.460552E+02  1.709248E+02 -1.442269E+02  2.303730E+01
  1.821214E+00  5.000000E+01     5  2.332243E+02 -3.510592E+00  2.327867E+02 -1.428104E+01
  1.821214E+00  5.000000E+01     6  5.610775E+01 -1.627741E+02 -5.359101E+01 -1.661574E+01
  1.821214E+00  6.000000E+01     1  3.839845E+00 -8.649249E+01  2.349188E-01 -3.832652E+00
  1.821214E+00  6.000000E+01     2  8.909841E+00 -9.205089E+01 -3.188575E-01 -8.904133E+00
  1.821214E+00  6.000000E+01     3  2.489586E+01 -8.134220E+01  3.747643E+00 -2.461217E+01
  1.821214E+00  6.000000E+01     4  9.432837E+01  1.226784E+02 -5.092999E+01  7.939759E+01
  1.821214E+00  6.000000E+01     5  1.279504E+02 -4.821760E-01  1.279459E+02 -1.076761E+00
  1.821214E+00  6.000000E+01     6  1.056871E+02  1.399880E+02 -8.094683E+01  6.795132E+01
  1.821214E+00  7.000000E+01     1  6.640148E+00  1.491827E+02 -5.702595E+00  3.401762E+00
  1.821214E+00  7.000000E+01     2  5.121582E+00 -1.598482E+02 -4.808056E+00 -1.764427E+00
  1.821214E+00  7.000000E+01     3  8.140639E+00  1.567934E+02 -7.481982E+00  3.207796E+00
  1.821214E+00  7.000000E+01     4  6.224531E+01  8.594786E+01  4.398520E+00  6.208971E+01
  1.821214E+00  7.000000E+01     5  2.417048E+01  1.258249E+02 -1.414723E+01  1.959765E+01
  1.821214E+00  7.000000E+01     6  1.862987E+02  6.370469E+01  8.252993E+01  1.670210E+02
  1.821214E+00  8.000000E+01     1  1.970008E+00  1.437643E+02 -1.588993E+00  1.164488E+00
  1.821214E+00  8.000000E+01     2  5.854839E+00 -8.154082E+01  8.612753E-01 -5.791144E+00
  1.821214E+00  8.000000E+01     3  3.742741E+00  1.105519E+02 -1.313910E+00  3.504533E+00
  1.821214E+00  8.000000E+01     4  2.754190E+01 -1.197847E+02 -1.368123E+01 -2.390356E+01
  1.821214E+00  8.000000E+01     5  3.326678E+01  1.549815E+02 -3.014539E+01  1.406890E+01
  1.821214E+00  8.000000E+01     6  4.392345E+02  2.080879E+01  4.105837E+02  1.560382E+02
  1.821214E+00  9.000000E+01     1  5.628895E-06  1.242955E+02 -3.171662E-06  4.650271E-06
  1.821214E+00  9.000000E+01     2  4.373442E+01  1.462496E+02 -3.636367E+01  2.429779E+01
  1.821214E+00  9.000000E+01     3  9.778085E+00 -9.298346E+01 -5.089262E-01 -9.764832E+00
  1.821214E+00  9.000000E+01     4  1.524378E+02  1.753786E+02 -1.519422E+02  1.228211E+01
  1.821214E+00  9.000000E+01     5  5.515113E-05  1.201792E+02 -2.772477E-05  4.767582E-05
  1.821214E+00  9.000000E+01     6  3.440134E-04 -4.302884E+01  2.514774E-04 -2.347431E-04
  1.795197E+00  0.000000E+00     1  3.657503E+01 -1.273845E+02 -2.220691E+01 -2.906175E+01
  1.795197E+00  0.000000E+00     2  0.000000E+00  9.000000E+01  0.000000E+00  0.000000E+00
  1.795197E+00  0.000000E+00     3  3.790358E+00 -5.896484E+01  1.954172E+00 -3.247772E+00
  1.795197E+00  0.000000E+00     4  0.000000E+00  9.000000E+01  0.000000E+00  0.000000E+00
  1.795197E+00  0.000000E+00     5  3.721030E+02  4.294436E+00  3.710583E+02  2.786377E+01
  1.795197E+00  0.000000E+00     6  0.000000E+00  9.000000E+01  0.000000E+00  0.000000E+00
  1.795197E+00  1.000000E+01     1  2.931874E+01 -3.624442E+01  2.364563E+01 -1.733415E+01
  1.795197E+00  1.000000E+01     2  8.329332E+00 -1.450665E+02 -6.828528E+00 -4.769588E+00
  1.795197E+00  1.000000E+01     3  3.929942E+00  1.731167E+02 -3.901616E+00  4.709903E-01
  1.795197E+00  1.000000E+01     4  1.162145E+02  4.007802E+01  8.892371E+01  7.482243E+01
  1.795197E+00  1.000000E+01     5  4.786072E+02 -3.017897E+01  4.137365E+02 -2.405971E+02
  1.795197E+00  1.000000E+01     6  3.521306E+02 -1.248179E+02 -2.010563E+02 -2.890889E+02
  1.795197E+00  2.000000E+01     1  1.090310E+01  1.546169E+02 -9.850535E+00  4.673820E+00
  1.795197E+00  2.000000E+01     2  1.019465E+01  1.785432E+02 -1.019135E+01  2.591772E-01
  1.795197E+00  2.000000E+01     3  6.603754E+00 -1.411632E+02 -5.143897E+00 -4.141243E+00
  1.795197E+00  2.000000E+01     4  1.175969E+02  5.104547E+01  7.393360E+01  9.144868E+01
  1.795197E+00  2.000000E+01     5  1.503799E+02 -1.637649E+02 -1.443831E+02 -4.204308E+01
  1.795197E+00  2.000000E+01     6  1.233043E+02 -4.960827E+01  7.990245E+01 -9.391251E+01
  1.795197E+00  3.000000E+01     1  1.143684E+01  1.210441E+02 -5.897947E+00  9.798751E+00
  1.795197E+00  3.000000E+01     2  6.228261E+00 -1.432788E+01  6.034533E+00 -1.541311E+00
  1.795197E+00  3.000000E+01     3  3.281062E+00  8.644368E+01  2.035230E-01  3.274743E+00
  1.795197E+00  3.000000E+01     4  3.228246E+02 -1.798958E+02 -3.228241E+02 -5.872346E-01
  1.795197E+00  3.000000E+01     5  2.529533E+02  1.115130E+02 -9.276117E+01  2.353311E+02
  1.795197E+00  3.000000E+01     6  1.195072E+02 -4.377902E+00  1.191585E+02 -9.122519E+00
  1.795197E+00  4.000000E+01     1  9.171990E+00  1.200810E+02 -4.597224E+00  7.936683E+00
  1.795197E+00  4.000000E+01     2  1.347496E+01  1.156891E+02 -5.841240E+00  1.214308E+01
  1.795197E+00  4.000000E+01     3  4.930880E+00  7.005307E+01  1.682168E+00  4.635071E+00
  1.795197E+00  4.000000E+01     4  1.944951E+02 -7.420833E+01  5.292996E+01 -1.871543E+02
  1.795197E+00  4.000000E+01     5  7.868928E+01  4.333973E+01  5.723048E+01  5.400624E+01
  1.795197E+00  4.000000E+01     6  6.062178E+01  3.606019E+01  4.900659E+01  3.568409E+01
  1.795197E+00  5.000000E+01     1  1.347479E+01  1.156894E+02 -5.841223E+00  1.214290E+01
  1.795197E+00  5.000000E+01     2  9.171844E+00  1.200818E+02 -4.597255E+00  7.936495E+00
  1.795197E+00  5.000000E+01     3  4.930843E+00  7.005573E+01  1.681940E+00  4.635115E+00
  1.795197E+00  5.000000E+01     4  7.869110E+01 -1.366631E+02 -5.723444E+01 -5.400470E+01
  1.795197E+00  5.000000E+01     5  1.944952E+02  1.057928E+02 -5.293371E+01  1.871535E+02
  1.795197E+00  5.000000E+01     6  6.062234E+01 -1.439395E+02 -4.900686E+01 -3.568467E+01
  1.795197E+00  6.000000E+01     1  6.227863E+00 -1.431392E+01  6.034523E+00 -1.539742E+00
  1.795197E+00  6.000000E+01     2  1.143595E+01  1.210451E+02 -5.897661E+00  9.797888E+00
  1.795197E+00  6.000000E+01     3  3.281211E+00  8.644798E+01  2.032865E-01  3.274908E+00
  1.795197E+00  6.000000E+01     4  2.529388E+02 -6.848856E+01  9.274940E+01 -2.353202E+02
  1.795197E+00  6.000000E+01     5  3.228245E+02  1.083817E-01  3.228239E+02  6.106601E-01
  1.795197E+00  6.000000E+01     6  1.195075E+02  1.756222E+02 -1.191588E+02  9.122398E+00
  1.795197E+00  7.000000E+01     1  1.019483E+01  1.785380E+02 -1.019151E+01  2.601053E-01
  1.795197E+00  7.000000E+01     2  1.090305E+01  1.546160E+02 -9.850411E+00  4.673956E+00
  1.795197E+00  7.000000E+01     3  6.602908E+00 -1.411660E+02 -5.143443E+00 -4.140457E+00
  1.795197E+00  7.000000E+01     4  1.503760E+02  1.623548E+01  1.443791E+02  4.204298E+01
  1.795197E+00  7.000000E+01     5  1.175845E+02 -1.289585E+02 -7.393204E+01 -9.143397E+01
  1.795197E+00  7.000000E+01     6  1.233053E+02  1.303907E+02 -7.990143E+01  9.391470E+01
  1.795197E+00  8.000000E+01     1  8.329402E+00 -1.450645E+02 -6.828420E+00 -4.769866E+00
  1.795197E+00  8.000000E+01     2  2.931927E+01 -3.624151E+01  2.364693E+01 -1.733326E+01
  1.795197E+00  8.000000E+01     3  3.929633E+00  1.731085E+02 -3.901242E+00  4.715182E-01
  1.795197E+00  8.000000E+01     4  4.786122E+02  1.498239E+02 -4.137526E+02  2.405792E+02
  1.795197E+00  8.000000E+01     5  1.162092E+02 -1.399194E+02 -8.891622E+01 -7.482307E+01
  1.795197E+00  8.000000E+01     6  3.521312E+02  5.518206E+01  2.010565E+02  2.890893E+02
  1.795197E+00  9.000000E+01     1  1.594521E-05  1.764849E+02 -1.591521E-05  9.776170E-07
  1.795197E+00  9.000000E+01     2  3.657503E+01 -1.273856E+02 -2.220750E+01 -2.906131E+01
  1.795197E+00  9.000000E+01     3  3.789988E+00 -5.897036E+01  1.953668E+00 -3.247643E+00
  1.795197E+00  9.000000E+01     4  3.720956E+02 -1.757063E+02 -3.710512E+02 -2.785872E+01
  1.795197E+00  9.000000E+01     5  2.617906E-04 -1.647979E+02 -2.526297E-04 -6.864785E-05
  1.795197E+00  9.000000E+01     6  3.542031E-04 -2.929008E+01  3.089196E-04 -1.732873E-04
  1.769912E+00  0.000000E+00     1  4.424611E+01 -1.111734E+02 -1.598130E+01 -4.125914E+01
  1.769912E+00  0.000000E+00     2  0.000000E+00  9.000000E+01  0.000000E+00  0.000000E+00
  1.769912E+00  0.000000E+00     3  1.074781E+01  7.637567E+01  2.531699E+00  1.044538E+01
  1.769912E+00  0.000000E+00     4  0.000000E+00  9.000000E+01  0.000000E+00  0.000000E+00
  1.769912E+00  0.000000E+00     5  2.228972E+02 -2.405765E+00  2.227008E+02 -9.356377E+00
  1.769912E+00  0.000000E+00     6  0.000000E+00  9.000000E+01  0.000000E+00  0.000000E+00
  1.769912E+00  1.000000E+01     1  7.920233E+00  6.493723E+00  7.869419E+00  8.957337E-01
  1.769912E+00  1.000000E+01     2  6.828639E+00 -1.715618E+02 -6.754718E+00 -1.002047E+00
  1.769912E+00  1.000000E+01     3  6.849022E+00  1.355388E+02 -4.888313E+00  4.797238E+00
  1.769912E+00  1.000000E+01     4  1.346272E+02  8.379000E+00  1.331902E+02  1.961794E+01
  1.769912E+00  1.000000E+01     5  1.941311E+02 -1.577078E+01  1.868234E+02 -5.276279E+01
  1.769912E+00  1.000000E+01     6  2.506669E+02 -9.494379E+01 -2.160203E+01 -2.497344E+02
  1.769912E+00  2.000000E+01     1  6.457885E+00 -1.250822E+02 -3.711678E+00 -5.284669E+00
  1.769912E+00  2.000000E+01     2  5.827752E+00 -2.915110E+01  5.089598E+00 -2.838783E+00
  1.769912E+00  2.000000E+01     3  4.861691E+00 -1.142829E+01  4.765300E+00 -9.633020E-01
  1.769912E+00  2.000000E+01     4  2.328528E+02  1.460324E+02 -1.931173E+02  1.301005E+02
  1.769912E+00  2.000000E+01     5  2.167183E+02 -6.621918E+01  8.738926E+01 -1.983178E+02
  1.769912E+00  2.000000E+01     6  9.823132E+00 -2.039722E+01  9.207211E+00 -3.423622E+00
  1.769912E+00  3.000000E+01     1  4.620450E+00 -7.279931E+01  1.366358E+00 -4.413800E+00
  1.769912E+00  3.000000E+01     2  3.680366E+00 -1.219236E+02 -1.946134E+00 -3.123724E+00
  1.769912E+00  3.000000E+01     3  5.208726E+00  5.506996E+01  2.982391E+00  4.270384E+00
  1.769912E+00  3.000000E+01     4  1.098921E+02  1.131226E+02 -4.315459E+01  1.010641E+02
  1.769912E+00  3.000000E+01     5  2.280248E+02 -5.108329E+01  1.432429E+02 -1.774169E+02
  1.769912E+00  3.000000E+01     6  9.047134E+01  7.097004E+01  2.949932E+01  8.552692E+01
  1.769912E+00  4.000000E+01     1  7.955460E+00  1.780223E+02 -7.950721E+00  2.745516E-01
  1.769912E+00  4.000000E+01     2  7.249881E+00 -1.655142E+02 -7.019405E+00 -1.813486E+00
  1.769912E+00  4.000000E+01     3  1.043843E+01  8.629373E+01  6.747561E-01  1.041659E+01
  1.769912E+00  4.000000E+01     4  1.049087E+02  1.260182E+02 -6.169081E+01  8.485329E+01
  1.769912E+00  4.000000E+01     5  9.274329E+01 -3.214063E+01  7.852990E+01 -4.933935E+01
  1.769912E+00  4.000000E+01     6  5.280484E+01  1.015368E+02 -1.056079E+01  5.173800E+01
  1.769912E+00  5.000000E+01     1  7.249506E+00 -1.655148E+02 -7.019061E+00 -1.813316E+00
  1.769912E+00  5.000000E+01     2  7.955522E+00  1.780246E+02 -7.950794E+00  2.742302E-01
  1.769912E+00  5.000000E+01     3  1.043851E+01  8.629568E+01  6.744070E-01  1.041670E+01
  1.769912E+00  5.000000E+01     4  9.274628E+01  1.478542E+02 -7.852796E+01  4.934806E+01
  1.769912E+00  5.000000E+01     5  1.049122E+02 -5.397696E+01  6.169997E+01 -8.485094E+01
  1.769912E+00  5.000000E+01     6  5.280431E+01 -7.846411E+01  1.055989E+01 -5.173764E+01
  1.769912E+00  6.000000E+01     1  3.680388E+00 -1.219161E+02 -1.945735E+00 -3.124000E+00
  1.769912E+00  6.000000E+01     2  4.620593E+00 -7.280243E+01  1.366160E+00 -4.414010E+00
  1.769912E+00  6.000000E+01     3  5.208464E+00  5.507095E+01  2.982167E+00  4.270220E+00
  1.769912E+00  6.000000E+01     4  2.280238E+02  1.289153E+02 -1.432380E+02  1.774196E+02
  1.769912E+00  6.000000E+01     5  1.099031E+02 -6.687367E+01  4.316550E+01 -1.010714E+02
  1.769912E+00  6.000000E+01     6  9.047011E+01 -1.090300E+02 -2.949898E+01 -8.552573E+01
  1.769912E+00  7.000000E+01     1  5.827836E+00 -2.914896E+01  5.089777E+00 -2.838633E+00
  1.769912E+00  7.000000E+01     2  6.457933E+00 -1.250831E+02 -3.711783E+00 -5.284654E+00
  1.769912E+00  7.000000E+01     3  4.861934E+00 -1.142732E+01  4.765555E+00 -9.632691E-01
  1.769912E+00  7.000000E+01     4  2.167151E+02  1.137808E+02 -8.738794E+01  1.983149E+02
  1.769912E+00  7.000000E+01     5  2.328562E+02 -3.396655E+01  1.931225E+02 -1.300988E+02
  1.769912E+00  7.000000E+01     6  9.822573E+00  1.595996E+02 -9.206495E+00  3.423943E+00
  1.769912E+00  8.000000E+01     1  6.828417E+00 -1.715634E+02 -6.754526E+00 -1.001827E+00
  1.769912E+00  8.000000E+01     2  7.920150E+00  6.494125E+00  7.869330E+00  8.957796E-01
  1.769912E+00  8.000000E+01     3  6.849064E+00  1.355343E+02 -4.887968E+00  4.797650E+00
  1.769912E+00  8.000000E+01     4  1.941279E+02  1.642287E+02 -1.868199E+02  5.276355E+01
  1.769912E+00  8.000000E+01     5  1.346227E+02 -1.716228E+02 -1.331863E+02 -1.961299E+01
  1.769912E+00  8.000000E+01     6  2.506660E+02  8.505615E+01  2.160225E+01  2.497334E+02
  1.769912E+00  9.000000E+01     1  3.746022E-06  1.782980E+02 -3.744369E-06  1.112638E-07
  1.769912E+00  9.000000E+01     2  4.424633E+01 -1.111730E+02 -1.598108E+01 -4.125945E+01
  1.769912E+00  9.000000E+01     3  1.074770E+01  7.637647E+01  2.531526E+00  1.044531E+01
  1.769912E+00  9.000000E+01     4  2.228977E+02  1.775917E+02 -2.227008E+02  9.366234E+00
  1.769912E+00  9.000000E+01     5  1.576792E-04 -1.409681E+02 -1.224845E-04 -9.929883E-05
  1.769912E+00  9.000000E+01     6  2.856578E-04 -2.728619E+01  2.538720E-04 -1.309557E-04
  1.745330E+00  0.000000E+00     1  4.337759E+01 -7.013618E+01  1.473908E+01 -4.079675E+01
  1.745330E+00  0.000000E+00     2  0.000000E+00  9.000000E+01  0.000000E+00  0.000000E+00
  1.745330E+00  0.000000E+00     3  7.588107E+00  2.812218E+01  6.692289E+00  3.576679E+00
  1.745330E+00  0.000000E+00     4  0.000000E+00  9.000000E+01  0.000000E+00  0.000000E+00
  1.745330E+00  0.000000E+00     5  1.055072E+02  2.308706E+01  9.705712E+01  4.137247E+01
  1.745330E+00  0.000000E+00     6  0.000000E+00  9.000000E+01  0.000000E+00  0.000000E+00
  1.745330E+00  1.000000E+01     1  8.477801E+00  1.421776E+02 -6.696743E+00  5.198726E+00
  1.745330E+00  1.000000E+01     2  2.324176E+00  5.309721E+01  1.395573E+00  1.858540E+00
  1.745330E+00  1.000000E+01     3  6.468496E+00 -8.687613E+01  3.524997E-01 -6.458884E+00
  1.745330E+00  1.000000E+01     4  5.966237E+01 -1.448536E+02 -4.878495E+01 -3.434570E+01
  1.745330E+00  1.000000E+01     5  1.149267E+02 -1.440578E+02 -9.304566E+01 -6.745843E+01
  1.745330E+00  1.000000E+01     6  1.124922E+02 -3.034382E+01  9.708179E+01 -5.682967E+01
  1.745330E+00  2.000000E+01     1  7.906747E+00 -1.256445E+02 -4.607687E+00 -6.425408E+00
  1.745330E+00  2.000000E+01     2  6.436913E+00  1.693273E+02 -6.325561E+00  1.192109E+00
  1.745330E+00  2.000000E+01     3  5.082261E+00 -6.180830E+00  5.052718E+00 -5.471903E-01
  1.745330E+00  2.000000E+01     4  6.401615E+01  1.277742E+01  6.243089E+01  1.415808E+01
  1.745330E+00  2.000000E+01     5  2.151325E+02 -5.773552E+01  1.148438E+02 -1.819145E+02
  1.745330E+00  2.000000E+01     6  8.484883E+01  1.277273E+02 -5.191938E+01  6.710963E+01
  1.745330E+00  3.000000E+01     1  1.509615E+01 -1.793628E+02 -1.509522E+01 -1.678919E-01
  1.745330E+00  3.000000E+01     2  8.842834E+00  1.726527E+02 -8.770226E+00  1.130857E+00
  1.745330E+00  3.000000E+01     3  1.622145E+01  6.758981E+01  6.184183E+00  1.499638E+01
  1.745330E+00  3.000000E+01     4  4.909832E+01 -1.800171E+01  4.669482E+01 -1.517361E+01
  1.745330E+00  3.000000E+01     5  1.600939E+02  1.777024E+02 -1.599652E+02  6.418093E+00
  1.745330E+00  3.000000E+01     6  1.380056E+02  1.334182E+02 -9.485370E+01  1.002413E+02
  1.745330E+00  4.000000E+01     1  2.141167E+01 -1.659099E+02 -2.076748E+01 -5.212627E+00
  1.745330E+00  4.000000E+01     2  2.642836E+01 -1.443773E+02 -2.148283E+01 -1.539307E+01
  1.745330E+00  4.000000E+01     3  3.639052E+00  7.813512E+01  7.482046E-01  3.561304E+00
  1.745330E+00  4.000000E+01     4  3.240037E+02  4.351416E+01  2.349689E+02  2.230875E+02
  1.745330E+00  4.000000E+01     5  2.174731E+02  1.668289E+02 -2.117523E+02  4.955324E+01
  1.745330E+00  4.000000E+01     6  8.144366E+01  1.625305E+02 -7.768724E+01  2.444916E+01
  1.745330E+00  5.000000E+01     1  2.642839E+01 -1.443774E+02 -2.148287E+01 -1.539305E+01
  1.745330E+00  5.000000E+01     2  2.141201E+01 -1.659095E+02 -2.076777E+01 -5.212858E+00
  1.745330E+00  5.000000E+01     3  3.639060E+00  7.813555E+01  7.481802E-01  3.561318E+00
  1.745330E+00  5.000000E+01     4  2.174781E+02 -1.316902E+01  2.117589E+02 -4.954683E+01
  1.745330E+00  5.000000E+01     5  3.240010E+02 -1.364853E+02 -2.349648E+02 -2.230878E+02
  1.745330E+00  5.000000E+01     6  8.144473E+01 -1.746942E+01  7.768828E+01 -2.444944E+01
  1.745330E+00  6.000000E+01     1  8.842521E+00  1.726518E+02 -8.769898E+00  1.130952E+00
  1.745330E+00  6.000000E+01     2  1.509648E+01 -1.793618E+02 -1.509555E+01 -1.681494E-01
  1.745330E+00  6.000000E+01     3  1.622167E+01  6.758892E+01  6.184498E+00  1.499649E+01
  1.745330E+00  6.000000E+01     4  1.601023E+02 -2.295449E+00  1.599738E+02 -6.412486E+00
  1.745330E+00  6.000000E+01     5  4.909305E+01  1.619950E+02 -4.668895E+01  1.517463E+01
  1.745330E+00  6.000000E+01     6  1.380055E+02 -4.658211E+01  9.485315E+01 -1.002417E+02
  1.745330E+00  7.000000E+01     1  6.436594E+00  1.693264E+02 -6.325230E+00  1.192149E+00
  1.745330E+00  7.000000E+01     2  7.906931E+00 -1.256454E+02 -4.607896E+00 -6.425485E+00
  1.745330E+00  7.000000E+01     3  5.082547E+00 -6.178631E+00  5.053023E+00 -5.470272E-01
  1.745330E+00  7.000000E+01     4  2.151321E+02  1.222627E+02 -1.148380E+02  1.819177E+02
  1.745330E+00  7.000000E+01     5  6.400873E+01 -1.672220E+02 -6.242352E+01 -1.415702E+01
  1.745330E+00  7.000000E+01     6  8.484972E+01 -5.227228E+01  5.192037E+01 -6.710999E+01
  1.745330E+00  8.000000E+01     1  2.324272E+00  5.309831E+01  1.395595E+00  1.858643E+00
  1.745330E+00  8.000000E+01     2  8.477911E+00  1.421779E+02 -6.696855E+00  5.198760E+00
  1.745330E+00  8.000000E+01     3  6.468116E+00 -8.687475E+01  3.526347E-01 -6.458497E+00
  1.745330E+00  8.000000E+01     4  1.149251E+02  3.594154E+01  9.304527E+01  6.745641E+01
  1.745330E+00  8.000000E+01     5  5.966333E+01  3.514827E+01  4.878461E+01  3.434784E+01
  1.745330E+00  8.000000E+01     6  1.124912E+02  1.496559E+02 -9.708061E+01  5.682973E+01
  1.745330E+00  9.000000E+01     1  9.302320E-06  9.239761E+00  9.181623E-06  1.493638E-06
  1.745330E+00  9.000000E+01     2  4.337786E+01 -7.013596E+01  1.473933E+01 -4.079694E+01
  1.745330E+00  9.000000E+01     3  7.588143E+00  2.812045E+01  6.692429E+00  3.576494E+00
  1.745330E+00  9.000000E+01     4  1.055115E+02 -1.569160E+02 -9.706331E+01 -4.136897E+01
  1.745330E+00  9.000000E+01     5  1.244030E-04 -1.523967E+01  1.200284E-04 -3.270025E-05
  1.745330E+00  9.000000E+01     6  3.116456E-05 -1.888594E+01  2.948681E-05 -1.008751E-05
  1.721422E+00  0.000000E+00     1  3.800481E+01 -2.420675E+01  3.466312E+01 -1.558313E+01
  1.721422E+00  0.000000E+00     2  0.000000E+00  9.000000E+01  0.000000E+00  0.000000E+00
  1.721422E+00  0.000000E+00     3  1.625001E+00  9.495941E+01 -1.404814E-01  1.618917E+00
  1.721422E+00  0.000000E+00     4  0.000000E+00  9.000000E+01  0.000000E+00  0.000000E+00
  1.721422E+00  0.000000E+00     5  1.218731E+02  1.345908E+02 -8.555961E+01  8.679054E+01
  1.721422E+00  0.000000E+00     6  0.000000E+00  9.000000E+01  0.000000E+00  0.000000E+00
  1.721422E+00  1.000000E+01     1  2.867108E+01  8.002531E+01  4.966203E+00  2.823770E+01
  1.721422E+00  1.000000E+01     2  1.262259E+01 -3.659205E+01  1.013468E+01 -7.524494E+00
  1.721422E+00  1.000000E+01     3  1.568060E+00  8.004477E+01  2.710840E-01  1.544450E+00
  1.721422E+00  1.000000E+01     4  3.884473E+02  1.548512E+02 -3.516254E+02  1.650784E+02
  1.721422E+00  1.000000E+01     5  5.251741E+02  8.696150E+01  2.783784E+01  5.244358E+02
  1.721422E+00  1.000000E+01     6  2.560473E+02  3.634013E+01  2.062495E+02  1.517279E+02
  1.721422E+00  2.000000E+01     1  1.946333E+01  7.365014E+01  5.478966E+00  1.867625E+01
  1.721422E+00  2.000000E+01     2  1.551359E+01  7.176966E+01  4.853240E+00  1.473491E+01
  1.721422E+00  2.000000E+01     3  2.383431E+00  5.054003E+01  1.514763E+00  1.840173E+00
  1.721422E+00  2.000000E+01     4  4.189530E+02 -9.711698E+01 -5.190640E+01 -4.157251E+02
  1.721422E+00  2.000000E+01     5  5.140685E+02  8.856506E+01  1.287324E+01  5.139073E+02
  1.721422E+00  2.000000E+01     6  2.131114E+02  1.249029E+02 -1.219397E+02  1.747775E+02
  1.721422E+00  3.000000E+01     1  1.238056E+01  1.567034E+02 -1.137117E+01  4.896395E+00
  1.721422E+00  3.000000E+01     2  2.849825E+01  1.154203E+02 -1.223303E+01  2.573914E+01
  1.721422E+00  3.000000E+01     3  2.920439E+00 -1.068383E+02 -8.459699E-01 -2.795228E+00
  1.721422E+00  3.000000E+01     4  8.740946E+02 -6.261470E+01  4.020590E+02 -7.761378E+02
  1.721422E+00  3.000000E+01     5  3.688115E+02  1.261478E+02 -2.175511E+02  2.978144E+02
  1.721422E+00  3.000000E+01     6  2.576765E+02  1.519745E+02 -2.274609E+02  1.210730E+02
  1.721422E+00  4.000000E+01     1  1.223393E+01 -1.265200E+02 -7.280447E+00 -9.831798E+00
  1.721422E+00  4.000000E+01     2  2.769300E+00  1.433048E+02 -2.220496E+00  1.654819E+00
  1.721422E+00  4.000000E+01     3  9.590872E+00 -1.026660E+02 -2.102962E+00 -9.357477E+00
  1.721422E+00  4.000000E+01     4  3.390321E+02 -7.198887E+01  1.048293E+02 -3.224183E+02
  1.721422E+00  4.000000E+01     5  2.141563E+02  1.477946E+02 -1.812067E+02  1.141360E+02
  1.721422E+00  4.000000E+01     6  1.189363E+02  1.755346E+02 -1.185753E+02  9.260118E+00
  1.721422E+00  5.000000E+01     1  2.769449E+00  1.433033E+02 -2.220572E+00  1.654965E+00
  1.721422E+00  5.000000E+01     2  1.223395E+01 -1.265197E+02 -7.280418E+00 -9.831838E+00
  1.721422E+00  5.000000E+01     3  9.590849E+00 -1.026652E+02 -2.102829E+00 -9.357483E+00
  1.721422E+00  5.000000E+01     4  2.141526E+02 -3.220613E+01  1.812023E+02 -1.141363E+02
  1.721422E+00  5.000000E+01     5  3.390317E+02  1.080114E+02 -1.048305E+02  3.224175E+02
  1.721422E+00  5.000000E+01     6  1.189363E+02 -4.465514E+00  1.185753E+02 -9.260270E+00
  1.721422E+00  6.000000E+01     1  2.849842E+01  1.154213E+02 -1.223355E+01  2.573908E+01
  1.721422E+00  6.000000E+01     2  1.238121E+01  1.567032E+02 -1.137175E+01  4.896696E+00
  1.721422E+00  6.000000E+01     3  2.920420E+00 -1.068320E+02 -8.456547E-01 -2.795303E+00
  1.721422E+00  6.000000E+01     4  3.688185E+02 -5.385046E+01  2.175641E+02 -2.978136E+02
  1.721422E+00  6.000000E+01     5  8.740955E+02  1.173866E+02 -4.020771E+02  7.761294E+02
  1.721422E+00  6.000000E+01     6  2.576768E+02 -2.802557E+01  2.274611E+02 -1.210734E+02
  1.721422E+00  7.000000E+01     1  1.551332E+01  7.176786E+01  4.853617E+00  1.473450E+01
  1.721422E+00  7.000000E+01     2  1.946327E+01  7.365043E+01  5.478852E+00  1.867622E+01
  1.721422E+00  7.000000E+01     3  2.383418E+00  5.053149E+01  1.515029E+00  1.839937E+00
  1.721422E+00  7.000000E+01     4  5.140707E+02 -9.143449E+01 -1.286917E+01 -5.139096E+02
  1.721422E+00  7.000000E+01     5  4.189441E+02  8.288155E+01  5.191599E+01  4.157149E+02
  1.721422E+00  7.000000E+01     6  2.131105E+02 -5.509715E+01  1.219390E+02 -1.747769E+02
  1.721422E+00  8.000000E+01     1  1.262247E+01 -3.659008E+01  1.013484E+01 -7.524074E+00
  1.721422E+00  8.000000E+01     2  2.867089E+01  8.002473E+01  4.966465E+00  2.823746E+01
  1.721422E+00  8.000000E+01     3  1.568037E+00  8.004413E+01  2.710974E-01  1.544425E+00
  1.721422E+00  8.000000E+01     4  5.251725E+02 -9.303967E+01 -2.784847E+01 -5.244337E+02
  1.721422E+00  8.000000E+01     5  3.884412E+02 -2.514695E+01  3.516251E+02 -1.650647E+02
  1.721422E+00  8.000000E+01     6  2.560466E+02 -1.436599E+02 -2.062489E+02 -1.517275E+02
  1.721422E+00  9.000000E+01     1  2.992357E-05 -5.622963E+01  1.663349E-05 -2.487462E-05
  1.721422E+00  9.000000E+01     2  3.800504E+01 -2.420692E+01  3.466328E+01 -1.558333E+01
  1.721422E+00  9.000000E+01     3  1.625136E+00  9.494833E+01 -1.401799E-01  1.619079E+00
  1.721422E+00  9.000000E+01     4  1.218671E+02 -4.540775E+01  8.555762E+01 -8.678412E+01
  1.721422E+00  9.000000E+01     5  7.829922E-04 -4.053106E+01  5.951162E-04 -5.088355E-04
  1.721422E+00  9.000000E+01     6  2.383950E-04  1.294107E+02 -1.513509E-04  1.841877E-04
  1.698159E+00  0.000000E+00     1  4.356834E+01  3.546634E+01  3.548452E+01  2.527942E+01
  1.698159E+00  0.000000E+00     2  0.000000E+00  9.000000E+01  0.000000E+00  0.000000E+00
  1.698159E+00  0.000000E+00     3  2.797546E+00 -4.458021E+01  1.992604E+00 -1.963617E+00
  1.698159E+00  0.000000E+00     4  0.000000E+00  9.000000E+01  0.000000E+00  0.000000E+00
  1.698159E+00  0.000000E+00     5  9.034659E+01 -1.703423E+02 -8.906615E+01 -1.515672E+01
  1.698159E+00  0.000000E+00     6  0.000000E+00  9.000000E+01  0.000000E+00  0.000000E+00
  1.698159E+00  1.000000E+01     1  8.946773E+00  1.518287E+02 -7.886941E+00  4.223848E+00
  1.698159E+00  1.000000E+01     2  2.275477E+00  1.327743E+02 -1.545303E+00  1.670280E+00
  1.698159E+00  1.000000E+01     3  4.758566E+00  1.210391E+01  4.652778E+00  9.978015E-01
  1.698159E+00  1.000000E+01     4  3.614106E+01 -1.429477E+02 -2.884367E+01 -2.177657E+01
  1.698159E+00  1.000000E+01     5  4.487469E+01 -1.182022E+02 -2.120708E+01 -3.954741E+01
  1.698159E+00  1.000000E+01     6  2.324286E+02  9.132991E+01 -5.394493E+00  2.323660E+02
  1.698159E+00  2.000000E+01     1  3.922051E+00 -9.952029E+01 -6.486943E-01 -3.868033E+00
  1.698159E+00  2.000000E+01     2  4.078326E+00 -1.539729E+02 -3.664729E+00 -1.789554E+00
  1.698159E+00  2.000000E+01     3  6.157540E+00 -4.226108E+01  4.557122E+00 -4.141007E+00
  1.698159E+00  2.000000E+01     4  6.202512E+01 -1.445469E+01  6.006173E+01 -1.548236E+01
  1.698159E+00  2.000000E+01     5  3.081968E+01 -1.795860E+02 -3.081888E+01 -2.226806E-01
  1.698159E+00  2.000000E+01     6  2.638762E+02  1.248799E+02 -1.508999E+02  2.164714E+02
  1.698159E+00  3.000000E+01     1  1.073490E+01 -8.652508E+01  6.506608E-01 -1.071516E+01
  1.698159E+00  3.000000E+01     2  5.322062E+00 -1.022808E+02 -1.132014E+00 -5.200278E+00
  1.698159E+00  3.000000E+01     3  1.091092E+01 -8.807587E+01  3.663467E-01 -1.090476E+01
  1.698159E+00  3.000000E+01     4  2.512783E+01 -1.395858E+02 -1.913177E+01 -1.629059E+01
  1.698159E+00  3.000000E+01     5  3.319610E+01 -3.147993E+01  2.831040E+01 -1.733500E+01
  1.698159E+00  3.000000E+01     6  2.755054E+02  1.557078E+02 -2.511119E+02  1.133402E+02
  1.698159E+00  4.000000E+01     1  1.610152E+01 -6.287765E+01  7.340556E+00 -1.433092E+01
  1.698159E+00  4.000000E+01     2  1.295673E+01 -6.553413E+01  5.366045E+00 -1.179332E+01
  1.698159E+00  4.000000E+01     3  9.789325E+00  6.100565E+01  4.745115E+00  8.562405E+00
  1.698159E+00  4.000000E+01     4  5.359539E+01  1.349936E+02 -3.789341E+01  3.790192E+01
  1.698159E+00  4.000000E+01     5  7.636048E+01 -4.770187E+01  5.138972E+01 -5.648026E+01
  1.698159E+00  4.000000E+01     6  1.006905E+02  1.599177E+02 -9.456862E+01  3.457401E+01
  1.698159E+00  5.000000E+01     1  1.295659E+01 -6.553280E+01  5.366259E+00 -1.179307E+01
  1.698159E+00  5.000000E+01     2  1.610168E+01 -6.287847E+01  7.340423E+00 -1.433116E+01
  1.698159E+00  5.000000E+01     3  9.789034E+00  6.100396E+01  4.745226E+00  8.562010E+00
  1.698159E+00  5.000000E+01     4  7.635990E+01  1.322931E+02 -5.138440E+01  5.648432E+01
  1.698159E+00  5.000000E+01     5  5.359753E+01 -4.499726E+01  3.790099E+01 -3.789736E+01
  1.698159E+00  5.000000E+01     6  1.006864E+02 -2.008129E+01  9.456533E+01 -3.457098E+01
  1.698159E+00  6.000000E+01     1  5.321880E+00 -1.022793E+02 -1.131845E+00 -5.200128E+00
  1.698159E+00  6.000000E+01     2  1.073494E+01 -8.652703E+01  6.502981E-01 -1.071523E+01
  1.698159E+00  6.000000E+01     3  1.091075E+01 -8.807549E+01  3.664131E-01 -1.090459E+01
  1.698159E+00  6.000000E+01     4  3.319370E+01  1.485109E+02 -2.830557E+01  1.733829E+01
  1.698159E+00  6.000000E+01     5  2.513684E+01  4.041637E+01  1.913801E+01  1.629715E+01
  1.698159E+00  6.000000E+01     6  2.755057E+02 -2.429153E+01  2.511136E+02 -1.133374E+02
  1.698159E+00  7.000000E+01     1  4.077960E+00 -1.539701E+02 -3.664313E+00 -1.789573E+00
  1.698159E+00  7.000000E+01     2  3.922030E+00 -9.952531E+01 -6.490306E-01 -3.867955E+00
  1.698159E+00  7.000000E+01     3  6.158007E+00 -4.226049E+01  4.557510E+00 -4.141274E+00
  1.698159E+00  7.000000E+01     4  3.082416E+01  4.112958E-01  3.082336E+01  2.212683E-01
  1.698159E+00  7.000000E+01     5  6.201838E+01  1.655421E+02 -6.005435E+01  1.548401E+01
  1.698159E+00  7.000000E+01     6  2.638778E+02 -5.512015E+01  1.509005E+02 -2.164729E+02
  1.698159E+00  8.000000E+01     1  2.275398E+00  1.327718E+02 -1.545177E+00  1.670289E+00
  1.698159E+00  8.000000E+01     2  8.946987E+00  1.518307E+02 -7.887275E+00  4.223679E+00
  1.698159E+00  8.000000E+01     3  4.758377E+00  1.210418E+01  4.652588E+00  9.977836E-01
  1.698159E+00  8.000000E+01     4  4.488004E+01  6.179360E+01  2.121252E+01  3.955057E+01
  1.698159E+00  8.000000E+01     5  3.614478E+01  3.704864E+01  2.884803E+01  2.177697E+01
  1.698159E+00  8.000000E+01     6  2.324274E+02 -8.866998E+01  5.394908E+00 -2.323648E+02
  1.698159E+00  9.000000E+01     1  3.011786E-06  8.173854E+00  2.981190E-06  4.282075E-07
  1.698159E+00  9.000000E+01     2  4.356833E+01  3.546689E+01  3.548427E+01  2.527976E+01
  1.698159E+00  9.000000E+01     3  2.797560E+00 -4.457654E+01  1.992740E+00 -1.963500E+00
  1.698159E+00  9.000000E+01     4  9.034921E+01  9.651252E+00  8.907045E+01  1.514711E+01
  1.698159E+00  9.000000E+01     5  3.513261E-05  4.079446E+01  2.659743E-05  2.295380E-05
  1.698159E+00  9.000000E+01     6  3.618995E-04  1.659010E+02 -3.509978E-04  8.815807E-05
  1.675517E+00  0.000000E+00     1  4.060725E+01  7.723553E+01  8.971921E+00  3.960371E+01
  1.675517E+00  0.000000E+00     2  0.000000E+00  9.000000E+01  0.000000E+00  0.000000E+00
  1.675517E+00  0.000000E+00     3  5.103638E+00 -9.436272E+01 -3.882350E-01 -5.088850E+00
  1.675517E+00  0.000000E+00     4  0.000000E+00  9.000000E+01  0.000000E+00  0.000000E+00
  1.675517E+00  0.000000E+00     5  1.457374E+02 -1.289845E+02 -9.168493E+01 -1.132839E+02
  1.675517E+00  0.000000E+00     6  0.000000E+00  9.000000E+01  0.000000E+00  0.000000E+00
  1.675517E+00  1.000000E+01     1  1.022087E+01 -1.689826E+02 -1.003249E+01 -1.953278E+00
  1.675517E+00  1.000000E+01     2  2.679901E+00  7.548820E+01  6.715282E-01  2.594401E+00
  1.675517E+00  1.000000E+01     3  3.141443E+00  2.143943E+01  2.924069E+00  1.148252E+00
  1.675517E+00  1.000000E+01     4  9.532820E+01 -1.073641E+02 -2.845006E+01 -9.098385E+01
  1.675517E+00  1.000000E+01     5  1.215346E+02 -1.772688E+02 -1.213966E+02 -5.791192E+00
  1.675517E+00  1.000000E+01     6  2.515235E+02  1.016286E+02 -5.069876E+01  2.463609E+02
  1.675517E+00  2.000000E+01     1  4.059582E+00  1.074185E+01  3.988446E+00  7.566420E-01
  1.675517E+00  2.000000E+01     2  5.808050E+00  1.580977E+01  5.588341E+00  1.582371E+00
  1.675517E+00  2.000000E+01     3  1.496450E+00  3.833563E+01  1.173802E+00  9.281984E-01
  1.675517E+00  2.000000E+01     4  1.143665E+02 -1.323178E+02 -7.699632E+01 -8.456510E+01
  1.675517E+00  2.000000E+01     5  8.093401E+01  1.239580E+02 -4.520851E+01  6.713051E+01
  1.675517E+00  2.000000E+01     6  2.409555E+02  1.281672E+02 -1.489006E+02  1.894418E+02
  1.675517E+00  3.000000E+01     1  1.052652E+01 -3.081783E+01  9.040184E+00 -5.392844E+00
  1.675517E+00  3.000000E+01     2  3.073246E+00 -9.539401E+01 -2.888983E-01 -3.059637E+00
  1.675517E+00  3.000000E+01     3  1.843095E+00  3.515867E+01  1.506842E+00  1.061333E+00
  1.675517E+00  3.000000E+01     4  7.876566E+01  7.466446E+00  7.809781E+01  1.023525E+01
  1.675517E+00  3.000000E+01     5  7.855035E+01  7.639542E+00  7.785314E+01  1.044252E+01
  1.675517E+00  3.000000E+01     6  2.621271E+02  1.671836E+02 -2.555965E+02  5.814704E+01
  1.675517E+00  4.000000E+01     1  9.067152E+00 -3.287295E+01  7.615285E+00 -4.921450E+00
  1.675517E+00  4.000000E+01     2  5.724905E+00 -3.570269E+01  4.648945E+00 -3.340936E+00
  1.675517E+00  4.000000E+01     3  2.880040E+00  5.801121E+00  2.865291E+00  2.911022E-01
  1.675517E+00  4.000000E+01     4  3.469146E+01  4.650003E+01  2.388001E+01  2.516431E+01
  1.675517E+00  4.000000E+01     5  9.518074E+01 -6.881500E+01  3.439646E+01 -8.874828E+01
  1.675517E+00  4.000000E+01     6  1.170295E+02  1.656332E+02 -1.133697E+02  2.903838E+01
  1.675517E+00  5.000000E+01     1  5.724847E+00 -3.570226E+01  4.648922E+00 -3.340868E+00
  1.675517E+00  5.000000E+01     2  9.067228E+00 -3.287445E+01  7.615221E+00 -4.921692E+00
  1.675517E+00  5.000000E+01     3  2.879956E+00  5.798765E+00  2.865219E+00  2.909759E-01
  1.675517E+00  5.000000E+01     4  9.518462E+01  1.111832E+02 -3.439511E+01  8.875296E+01
  1.675517E+00  5.000000E+01     5  3.469066E+01 -1.334996E+02 -2.387931E+01 -2.516387E+01
  1.675517E+00  5.000000E+01     6  1.170294E+02 -1.436674E+01  1.133696E+02 -2.903823E+01
  1.675517E+00  6.000000E+01     1  3.073107E+00 -9.539426E+01 -2.888984E-01 -3.059497E+00
  1.675517E+00  6.000000E+01     2  1.052634E+01 -3.081826E+01  9.039989E+00 -5.392821E+00
  1.675517E+00  6.000000E+01     3  1.843082E+00  3.515406E+01  1.506916E+00  1.061204E+00
  1.675517E+00  6.000000E+01     4  7.854617E+01 -1.723591E+02 -7.784875E+01 -1.044377E+01
  1.675517E+00  6.000000E+01     5  7.876608E+01 -1.725364E+02 -7.809874E+01 -1.023139E+01
  1.675517E+00  6.000000E+01     6  2.621282E+02 -1.281640E+01  2.555975E+02 -5.814727E+01
  1.675517E+00  7.000000E+01     1  5.808243E+00  1.580989E+01  5.588523E+00  1.582435E+00
  1.675517E+00  7.000000E+01     2  4.059371E+00  1.074122E+01  3.988246E+00  7.565591E-01
  1.675517E+00  7.000000E+01     3  1.496503E+00  3.832421E+01  1.174028E+00  9.279974E-01
  1.675517E+00  7.000000E+01     4  8.093472E+01 -5.603765E+01  4.521402E+01 -6.712766E+01
  1.675517E+00  7.000000E+01     5  1.143687E+02  4.768113E+01  7.699945E+01  8.456531E+01
  1.675517E+00  7.000000E+01     6  2.409556E+02 -5.183295E+01  1.489001E+02 -1.894423E+02
  1.675517E+00  8.000000E+01     1  2.679853E+00  7.548641E+01  6.715971E-01  2.594335E+00
  1.675517E+00  8.000000E+01     2  1.022095E+01 -1.689822E+02 -1.003255E+01 -1.953358E+00
  1.675517E+00  8.000000E+01     3  3.141448E+00  2.142882E+01  2.924286E+00  1.147712E+00
  1.675517E+00  8.000000E+01     4  1.215356E+02  2.732960E+00  1.213973E+02  5.794946E+00
  1.675517E+00  8.000000E+01     5  9.532398E+01  7.263381E+01  2.845208E+01  9.097879E+01
  1.675517E+00  8.000000E+01     6  2.515228E+02 -7.837145E+01  5.069843E+01 -2.463602E+02
  1.675517E+00  9.000000E+01     1  3.717976E-06 -8.130669E+01  5.619547E-07 -3.675262E-06
  1.675517E+00  9.000000E+01     2  4.060767E+01  7.723611E+01  8.971609E+00  3.960421E+01
  1.675517E+00  9.000000E+01     3  5.103702E+00 -9.436446E+01 -3.883937E-01 -5.088902E+00
  1.675517E+00  9.000000E+01     4  1.457347E+02  5.101039E+01  9.169331E+01  1.132738E+02
  1.675517E+00  9.000000E+01     5  3.330005E-05 -1.462059E+02 -2.767372E-05 -1.852184E-05
  1.675517E+00  9.000000E+01     6  2.575823E-04  1.754982E+02 -2.567877E-04  2.021779E-05
  1.653471E+00  0.000000E+00     1  4.027329E+01  1.196574E+02 -1.992773E+01  3.499748E+01
  1.653471E+00  0.000000E+00     2  0.000000E+00  9.000000E+01  0.000000E+00  0.000000E+00
  1.653471E+00  0.000000E+00     3  7.044883E+00 -1.261006E+02 -4.150880E+00 -5.692150E+00
  1.653471E+00  0.000000E+00     4  0.000000E+00  9.000000E+01  0.000000E+00  0.000000E+00
  1.653471E+00  0.000000E+00     5  3.365734E+01 -1.136460E+02 -1.349944E+01 -3.083151E+01
  1.653471E+00  0.000000E+00     6  0.000000E+00  9.000000E+01  0.000000E+00  0.000000E+00
  1.653471E+00  1.000000E+01     1  7.153503E+00 -9.455039E+01 -5.675291E-01 -7.130955E+00
  1.653471E+00  1.000000E+01     2  7.571075E-01 -3.008482E+01  6.551132E-01 -3.795240E-01
  1.653471E+00  1.000000E+01     3  5.096886E+00 -1.400495E+00  5.095364E+00 -1.245720E-01
  1.653471E+00  1.000000E+01     4  6.996840E+01 -6.983117E+01  2.412424E+01 -6.567799E+01
  1.653471E+00  1.000000E+01     5  1.031505E+01  1.035985E+02 -2.425245E+00  1.002589E+01
  1.653471E+00  1.000000E+01     6  1.252758E+02  1.461175E+02 -1.040018E+02  6.984016E+01
  1.653471E+00  2.000000E+01     1  4.848019E+00 -3.305181E+01  4.063501E+00 -2.644096E+00
  1.653471E+00  2.000000E+01     2  5.758609E+00 -7.652187E+01  1.342183E+00 -5.600011E+00
  1.653471E+00  2.000000E+01     3  1.386716E+00 -5.637970E+00  1.380008E+00 -1.362344E-01
  1.653471E+00  2.000000E+01     4  1.657652E+02  9.403056E+01 -1.165136E+01  1.653552E+02
  1.653471E+00  2.000000E+01     5  1.429149E+02 -8.394420E+01  1.507709E+01 -1.421174E+02
  1.653471E+00  2.000000E+01     6  5.981445E+01  1.304443E+02 -3.880216E+01  4.552099E+01
  1.653471E+00  3.000000E+01     1  1.180262E+00 -2.649336E+01  1.056318E+00 -5.265080E-01
  1.653471E+00  3.000000E+01     2  5.144509E+00 -1.699845E+02 -5.066111E+00 -8.947073E-01
  1.653471E+00  3.000000E+01     3  2.817015E+00  1.118061E+01  2.763551E+00  5.462261E-01
  1.653471E+00  3.000000E+01     4  2.123674E+02  5.077640E+01  1.342902E+02  1.645176E+02
  1.653471E+00  3.000000E+01     5  1.555315E+02 -1.124273E+02 -5.933689E+01 -1.437678E+02
  1.653471E+00  3.000000E+01     6  2.408012E+02  1.791046E+02 -2.407718E+02  3.763146E+00
  1.653471E+00  4.000000E+01     1  3.075385E+00  1.031870E+02 -7.015892E-01  2.994288E+00
  1.653471E+00  4.000000E+01     2  4.714229E+00  1.244206E+02 -2.664783E+00  3.888816E+00
  1.653471E+00  4.000000E+01     3  8.050972E+00  1.039412E+02 -1.939695E+00  7.813817E+00
  1.653471E+00  4.000000E+01     4  8.895923E+01 -3.315502E+01  7.447612E+01 -4.865235E+01
  1.653471E+00  4.000000E+01     5  4.224206E+01  1.339159E+02 -2.929917E+01  3.042943E+01
  1.653471E+00  4.000000E+01     6  1.457306E+02 -1.511886E+02 -1.276908E+02 -7.023156E+01
  1.653471E+00  5.000000E+01     1  4.714330E+00  1.244192E+02 -2.664746E+00  3.888964E+00
  1.653471E+00  5.000000E+01     2  3.075134E+00  1.031897E+02 -7.016728E-01  2.994011E+00
  1.653471E+00  5.000000E+01     3  8.050816E+00  1.039390E+02 -1.939351E+00  7.813741E+00
  1.653471E+00  5.000000E+01     4  4.223982E+01 -4.607575E+01  2.930205E+01 -3.042355E+01
  1.653471E+00  5.000000E+01     5  8.896035E+01  1.468430E+02 -7.447540E+01  4.865551E+01
  1.653471E+00  5.000000E+01     6  1.457300E+02  2.881116E+01  1.276905E+02  7.023081E+01
  1.653471E+00  6.000000E+01     1  5.144341E+00 -1.699853E+02 -5.065958E+00 -8.946044E-01
  1.653471E+00  6.000000E+01     2  1.180253E+00 -2.651440E+01  1.056117E+00 -5.268919E-01
  1.653471E+00  6.000000E+01     3  2.816972E+00  1.117958E+01  2.763518E+00  5.461677E-01
  1.653471E+00  6.000000E+01     4  1.555404E+02  6.757290E+01  5.933987E+01  1.437762E+02
  1.653471E+00  6.000000E+01     5  2.123631E+02 -1.292231E+02 -1.342861E+02 -1.645154E+02
  1.653471E+00  6.000000E+01     6  2.408008E+02 -8.956273E-01  2.407714E+02 -3.763959E+00
  1.653471E+00  7.000000E+01     1  5.758657E+00 -7.652401E+01  1.341986E+00 -5.600107E+00
  1.653471E+00  7.000000E+01     2  4.847859E+00 -3.305388E+01  4.063272E+00 -2.644156E+00
  1.653471E+00  7.000000E+01     3  1.386866E+00 -5.643559E+00  1.380144E+00 -1.363837E-01
  1.653471E+00  7.000000E+01     4  1.429177E+02  9.605370E+01 -1.507216E+01  1.421207E+02
  1.653471E+00  7.000000E+01     5  1.657687E+02 -8.597101E+01  1.164711E+01 -1.653590E+02
  1.653471E+00  7.000000E+01     6  5.981493E+01 -4.955693E+01  3.880148E+01 -4.552220E+01
  1.653471E+00  8.000000E+01     1  7.567805E-01 -3.008092E+01  6.548561E-01 -3.793155E-01
  1.653471E+00  8.000000E+01     2  7.153388E+00 -9.455090E+01 -5.675828E-01 -7.130835E+00
  1.653471E+00  8.000000E+01     3  5.097089E+00 -1.403256E+00  5.095561E+00 -1.248225E-01
  1.653471E+00  8.000000E+01     4  1.031774E+01 -7.638583E+01  2.428616E+00 -1.002784E+01
  1.653471E+00  8.000000E+01     5  6.997038E+01  1.101730E+02 -2.412975E+01  6.567807E+01
  1.653471E+00  8.000000E+01     6  1.252740E+02 -3.388300E+01  1.039997E+02 -6.984011E+01
  1.653471E+00  9.000000E+01     1  4.507436E-06 -1.264963E+02 -2.680888E-06 -3.623509E-06
  1.653471E+00  9.000000E+01     2  4.027363E+01  1.196574E+02 -1.992790E+01  3.499777E+01
  1.653471E+00  9.000000E+01     3  7.044945E+00 -1.261021E+02 -4.151068E+00 -5.692090E+00
  1.653471E+00  9.000000E+01     4  3.365219E+01  6.634174E+01  1.350397E+01  3.082390E+01
  1.653471E+00  9.000000E+01     5  4.373328E-05 -1.785040E+02 -4.371838E-05 -1.141738E-06
  1.653471E+00  9.000000E+01     6  1.523664E-04 -1.326889E+02 -1.033071E-04 -1.119962E-04
  1.631997E+00  0.000000E+00     1  3.638540E+01  1.582910E+02 -3.380474E+01  1.345869E+01
  1.631997E+00  0.000000E+00     2  0.000000E+00  9.000000E+01  0.000000E+00  0.000000E+00
  1.631997E+00  0.000000E+00     3  7.053839E+00  1.519005E+02 -6.222411E+00  3.322384E+00
  1.631997E+00  0.000000E+00     4  0.000000E+00  9.000000E+01  0.000000E+00  0.000000E+00
  1.631997E+00  0.000000E+00     5  4.632536E+01  8.334138E+01  5.371586E+00  4.601287E+01
  1.631997E+00  0.000000E+00     6  0.000000E+00  9.000000E+01  0.000000E+00  0.000000E+00
  1.631997E+00  1.000000E+01     1  8.071750E+00 -3.894658E+01  6.277661E+00 -5.073866E+00
  1.631997E+00  1.000000E+01     2  3.405731E+00  4.802695E+00  3.393773E+00  2.851439E-01
  1.631997E+00  1.000000E+01     3  5.546911E+00  1.318523E+02 -3.700970E+00  4.131711E+00
  1.631997E+00  1.000000E+01     4  5.773746E+01 -1.241669E+02 -3.242569E+01 -4.777227E+01
  1.631997E+00  1.000000E+01     5  1.000591E+01 -1.743214E+02 -9.956803E+00 -9.900618E-01
  1.631997E+00  1.000000E+01     6  3.467051E+01 -1.682549E+02 -3.394460E+01 -7.057483E+00
  1.631997E+00  2.000000E+01     1  8.582897E+00  6.734593E+01  3.305843E+00  7.920702E+00
  1.631997E+00  2.000000E+01     2  5.546645E+00  7.382715E+01  1.544941E+00  5.327141E+00
  1.631997E+00  2.000000E+01     3  3.468776E+00  4.477473E+01  2.462420E+00  2.443133E+00
  1.631997E+00  2.000000E+01     4  6.171448E+01 -6.235353E+01  2.863643E+01 -5.466838E+01
  1.631997E+00  2.000000E+01     5  6.519328E+01 -7.545931E+01  1.636790E+01 -6.310511E+01
  1.631997E+00  2.000000E+01     6  1.090400E+02  1.657277E+02 -1.056745E+02  2.688161E+01
  1.631997E+00  3.000000E+01     1  8.084505E+00  8.907145E+01  1.310132E-01  8.083444E+00
  1.631997E+00  3.000000E+01     2  3.575854E+00  1.272057E+02 -2.162241E+00  2.848060E+00
  1.631997E+00  3.000000E+01     3  1.098018E+01  3.857278E+01  8.584487E+00  6.846232E+00
  1.631997E+00  3.000000E+01     4  4.037227E+01  9.479135E+00  3.982101E+01  6.648845E+00
  1.631997E+00  3.000000E+01     5  3.268995E+01 -3.439888E+01  2.697328E+01 -1.846822E+01
  1.631997E+00  3.000000E+01     6  2.541983E+02 -1.736948E+02 -2.526607E+02 -2.791715E+01
  1.631997E+00  4.000000E+01     1  6.420047E+00 -1.551570E+02 -5.825951E+00 -2.697277E+00
  1.631997E+00  4.000000E+01     2  1.098203E+01 -1.409274E+02 -8.525875E+00 -6.922029E+00
  1.631997E+00  4.000000E+01     3  4.669047E+00  2.914591E+01  4.077863E+00  2.273991E+00
  1.631997E+00  4.000000E+01     4  9.925507E+01  2.476881E+01  9.012417E+01  4.158369E+01
  1.631997E+00  4.000000E+01     5  7.997346E+01  1.453863E+02 -6.581824E+01  4.542812E+01
  1.631997E+00  4.000000E+01     6  1.975513E+02 -1.672696E+02 -1.926951E+02 -4.353303E+01
  1.631997E+00  5.000000E+01     1  1.098183E+01 -1.409277E+02 -8.525755E+00 -6.921862E+00
  1.631997E+00  5.000000E+01     2  6.419980E+00 -1.551548E+02 -5.825789E+00 -2.697466E+00
  1.631997E+00  5.000000E+01     3  4.669165E+00  2.914297E+01  4.078083E+00  2.273839E+00
  1.631997E+00  5.000000E+01     4  7.997064E+01 -3.461239E+01  6.581693E+01 -4.542506E+01
  1.631997E+00  5.000000E+01     5  9.925253E+01 -1.552329E+02 -9.012309E+01 -4.157999E+01
  1.631997E+00  5.000000E+01     6  1.975512E+02  1.273016E+01  1.926951E+02  4.353234E+01
  1.631997E+00  6.000000E+01     1  3.575700E+00  1.272024E+02 -2.161983E+00  2.848063E+00
  1.631997E+00  6.000000E+01     2  8.084448E+00  8.907255E+01  1.308581E-01  8.083388E+00
  1.631997E+00  6.000000E+01     3  1.098035E+01  3.857214E+01  8.584697E+00  6.846242E+00
  1.631997E+00  6.000000E+01     4  3.268864E+01  1.455984E+02 -2.697131E+01  1.846878E+01
  1.631997E+00  6.000000E+01     5  4.037007E+01 -1.705220E+02 -3.981897E+01 -6.647722E+00
  1.631997E+00  6.000000E+01     6  2.541992E+02  6.305287E+00  2.526615E+02  2.791769E+01
  1.631997E+00  7.000000E+01     1  5.546352E+00  7.382624E+01  1.544943E+00  5.326835E+00
  1.631997E+00  7.000000E+01     2  8.582957E+00  6.734675E+01  3.305753E+00  7.920805E+00
  1.631997E+00  7.000000E+01     3  3.468815E+00  4.477187E+01  2.462569E+00  2.443037E+00
  1.631997E+00  7.000000E+01     4  6.518977E+01  1.045388E+02 -1.636492E+01  6.310226E+01
  1.631997E+00  7.000000E+01     5  6.171122E+01  1.176492E+02 -2.863750E+01  5.466414E+01
  1.631997E+00  7.000000E+01     6  1.090401E+02 -1.427278E+01  1.056743E+02 -2.688259E+01
  1.631997E+00  8.000000E+01     1  3.405695E+00  4.803256E+00  3.393735E+00  2.851740E-01
  1.631997E+00  8.000000E+01     2  8.071712E+00 -3.894549E+01  6.277729E+00 -5.073722E+00
  1.631997E+00  8.000000E+01     3  5.546697E+00  1.318521E+02 -3.700813E+00  4.131565E+00
  1.631997E+00  8.000000E+01     4  1.000427E+01  5.666796E+00  9.955379E+00  9.878525E-01
  1.631997E+00  8.000000E+01     5  5.773738E+01  5.583399E+01  3.242489E+01  4.777271E+01
  1.631997E+00  8.000000E+01     6  3.466995E+01  1.174401E+01  3.394420E+01  7.056701E+00
  1.631997E+00  9.000000E+01     1  2.396236E-06 -1.074652E+02 -7.191752E-07 -2.285767E-06
  1.631997E+00  9.000000E+01     2  3.638531E+01  1.582909E+02 -3.380464E+01  1.345873E+01
  1.631997E+00  9.000000E+01     3  7.053930E+00  1.519019E+02 -6.222569E+00  3.322284E+00
  1.631997E+00  9.000000E+01     4  4.632735E+01 -9.665968E+01 -5.372662E+00 -4.601476E+01
  1.631997E+00  9.000000E+01     5  1.322858E-05  8.624551E+01  8.662265E-07  1.320019E-05
  1.631997E+00  9.000000E+01     6  1.715268E-04 -5.282104E+01  1.036548E-04 -1.366643E-04
  1.611074E+00  0.000000E+00     1  4.332568E+01 -1.299844E+02 -2.784018E+01 -3.319697E+01
  1.611074E+00  0.000000E+00     2  0.000000E+00  9.000000E+01  0.000000E+00  0.000000E+00
  1.611074E+00  0.000000E+00     3  1.072306E+00 -1.791431E+02 -1.072186E+00 -1.603594E-02
  1.611074E+00  0.000000E+00     4  0.000000E+00  9.000000E+01  0.000000E+00  0.000000E+00
  1.611074E+00  0.000000E+00     5  3.545322E+01 -1.260564E+02 -2.086707E+01 -2.866175E+01
  1.611074E+00  0.000000E+00     6  0.000000E+00  9.000000E+01  0.000000E+00  0.000000E+00
  1.611074E+00  1.000000E+01     1  9.874010E+00 -6.857687E+00  9.803370E+00 -1.178993E+00
  1.611074E+00  1.000000E+01     2  1.301024E+00 -4.265428E+01  9.568451E-01 -8.815387E-01
  1.611074E+00  1.000000E+01     3  1.179070E+00  6.725755E+01  4.558161E-01  1.087399E+00
  1.611074E+00  1.000000E+01     4  4.593062E+01  5.460714E+01  2.660207E+01  3.744264E+01
  1.611074E+00  1.000000E+01     5  4.354047E+01 -5.684626E+01  2.381174E+01 -3.645234E+01
  1.611074E+00  1.000000E+01     6  1.450851E+02 -6.917367E+01  5.158303E+01 -1.356055E+02
  1.611074E+00  2.000000E+01     1  9.632082E+00  1.082760E+02 -3.020568E+00  9.146211E+00
  1.611074E+00  2.000000E+01     2  7.274324E+00  1.523848E+02 -6.445636E+00  3.371880E+00
  1.611074E+00  2.000000E+01     3  2.119418E+00  1.531323E+01  2.044172E+00  5.597294E-01
  1.611074E+00  2.000000E+01     4  1.796460E+02  5.166056E+00  1.789162E+02  1.617579E+01
  1.611074E+00  2.000000E+01     5  8.535300E+01 -1.541641E+02 -7.682161E+01 -3.719643E+01
  1.611074E+00  2.000000E+01     6  7.980374E+01 -9.268005E+01 -3.731510E+00 -7.971645E+01
  1.611074E+00  3.000000E+01     1  9.334547E+00  1.278913E+02 -5.732959E+00  7.366611E+00
  1.611074E+00  3.000000E+01     2  6.243263E+00  1.359643E+02 -4.488322E+00  4.339735E+00
  1.611074E+00  3.000000E+01     3  7.519745E-01 -4.370319E+00  7.497880E-01 -5.730235E-02
  1.611074E+00  3.000000E+01     4  8.092055E+01 -6.907506E+01  2.890034E+01 -7.558376E+01
  1.611074E+00  3.000000E+01     5  6.416116E+01  1.643722E+02 -6.178925E+01  1.728417E+01
  1.611074E+00  3.000000E+01     6  2.638015E+02 -1.660877E+02 -2.560629E+02 -6.342733E+01
  1.611074E+00  4.000000E+01     1  1.004756E+01 -8.773499E+01  3.970941E-01 -1.003971E+01
  1.611074E+00  4.000000E+01     2  7.396164E+00 -9.112833E+01 -1.456435E-01 -7.394730E+00
  1.611074E+00  4.000000E+01     3  7.369531E+00 -1.177887E+02 -3.435768E+00 -6.519623E+00
  1.611074E+00  4.000000E+01     4  5.553699E+01 -4.615895E+01  3.846826E+01 -4.005684E+01
  1.611074E+00  4.000000E+01     5  6.333469E+01  1.035054E+02 -1.479103E+01  6.158335E+01
  1.611074E+00  4.000000E+01     6  2.334693E+02 -1.449943E+02 -1.912335E+02 -1.339315E+02
  1.611074E+00  5.000000E+01     1  7.395983E+00 -9.112747E+01 -1.455291E-01 -7.394551E+00
  1.611074E+00  5.000000E+01     2  1.004762E+01 -8.773394E+01  3.972825E-01 -1.003976E+01
  1.611074E+00  5.000000E+01     3  7.369332E+00 -1.177873E+02 -3.435507E+00 -6.519536E+00
  1.611074E+00  5.000000E+01     4  6.333510E+01 -7.649577E+01  1.478984E+01 -6.158406E+01
  1.611074E+00  5.000000E+01     5  5.553789E+01  1.338384E+02 -3.846703E+01  4.005926E+01
  1.611074E+00  5.000000E+01     6  2.334691E+02  3.500593E+01  1.912329E+02  1.339322E+02
  1.611074E+00  6.000000E+01     1  6.243208E+00  1.359637E+02 -4.488238E+00  4.339742E+00
  1.611074E+00  6.000000E+01     2  9.334660E+00  1.278909E+02 -5.732969E+00  7.366745E+00
  1.611074E+00  6.000000E+01     3  7.524045E-01 -4.363371E+00  7.502237E-01 -5.724414E-02
  1.611074E+00  6.000000E+01     4  6.416232E+01 -1.562800E+01  6.179030E+01 -1.728472E+01
  1.611074E+00  6.000000E+01     5  8.092048E+01  1.109256E+02 -2.890117E+01  7.558337E+01
  1.611074E+00  6.000000E+01     6  2.638012E+02  1.391224E+01  2.560627E+02  6.342715E+01
  1.611074E+00  7.000000E+01     1  7.274267E+00  1.523866E+02 -6.445694E+00  3.371646E+00
  1.611074E+00  7.000000E+01     2  9.632447E+00  1.082751E+02 -3.020536E+00  9.146605E+00
  1.611074E+00  7.000000E+01     3  2.119572E+00  1.530590E+01  2.044391E+00  5.595082E-01
  1.611074E+00  7.000000E+01     4  8.535268E+01  2.583101E+01  7.682450E+01  3.718972E+01
  1.611074E+00  7.000000E+01     5  1.796468E+02 -1.748329E+02 -1.789167E+02 -1.617900E+01
  1.611074E+00  7.000000E+01     6  7.980322E+01  8.731886E+01  3.733018E+00  7.971586E+01
  1.611074E+00  8.000000E+01     1  1.300936E+00 -4.266124E+01  9.566730E-01 -8.815950E-01
  1.611074E+00  8.000000E+01     2  9.874145E+00 -6.857264E+00  9.803512E+00 -1.178936E+00
  1.611074E+00  8.000000E+01     3  1.179000E+00  6.725727E+01  4.557941E-01  1.087332E+00
  1.611074E+00  8.000000E+01     4  4.354193E+01  1.231589E+02 -2.381584E+01  3.645142E+01
  1.611074E+00  8.000000E+01     5  4.593321E+01 -1.253945E+02 -2.660465E+01 -3.744399E+01
  1.611074E+00  8.000000E+01     6  1.450831E+02  1.108260E+02 -5.158164E+01  1.356040E+02
  1.611074E+00  9.000000E+01     1  2.162133E-06  1.557357E+02 -1.971129E-06  8.885200E-07
  1.611074E+00  9.000000E+01     2  4.332535E+01 -1.299842E+02 -2.783985E+01 -3.319682E+01
  1.611074E+00  9.000000E+01     3  1.072302E+00 -1.791330E+02 -1.072179E+00 -1.622471E-02
  1.611074E+00  9.000000E+01     4  3.544550E+01  5.394576E+01  2.086148E+01  2.865628E+01
  1.611074E+00  9.000000E+01     5  3.524081E-05  5.691313E+01  1.923831E-05  2.952630E-05
  1.611074E+00  9.000000E+01     6  3.565889E-04 -1.464959E+01  3.449964E-04 -9.018377E-05
  1.590681E+00  0.000000E+00     1  4.040031E+01 -8.486804E+01  3.613807E+00 -4.023836E+01
  1.590681E+00  0.000000E+00     2  0.000000E+00  9.000000E+01  0.000000E+00  0.000000E+00
  1.590681E+00  0.000000E+00     3  2.409535E+00  1.846016E+01  2.285550E+00  7.629676E-01
  1.590681E+00  0.000000E+00     4  0.000000E+00  9.000000E+01  0.000000E+00  0.000000E+00
  1.590681E+00  0.000000E+00     5  2.756388E+01  8.499483E+01  2.404826E+00  2.745877E+01
  1.590681E+00  0.000000E+00     6  0.000000E+00  9.000000E+01  0.000000E+00  0.000000E+00
  1.590681E+00  1.000000E+01     1  8.801090E+00  5.406500E+01  5.165071E+00  7.126096E+00
  1.590681E+00  1.000000E+01     2  3.287818E+00  2.549765E+01  2.967595E+00  1.415321E+00
  1.590681E+00  1.000000E+01     3  2.690436E+00 -1.051832E+02 -7.046418E-01 -2.596522E+00
  1.590681E+00  1.000000E+01     4  1.907487E+01  1.535496E+02 -1.707812E+01  8.496373E+00
  1.590681E+00  1.000000E+01     5  1.591194E+01  1.682359E+02 -1.557772E+01  3.244184E+00
  1.590681E+00  1.000000E+01     6  1.652185E+02 -2.281253E+01  1.522948E+02 -6.405803E+01
  1.590681E+00  2.000000E+01     1  6.228832E+00  1.214311E+02 -3.248167E+00  5.314863E+00
  1.590681E+00  2.000000E+01     2  2.820792E+00  7.298658E+01  8.253512E-01  2.697343E+00
  1.590681E+00  2.000000E+01     3  5.509358E+00 -1.152382E+02 -2.349092E+00 -4.983452E+00
  1.590681E+00  2.000000E+01     4  1.453163E+01  1.711229E+02 -1.435756E+01  2.242458E+00
  1.590681E+00  2.000000E+01     5  2.238578E+01  1.130153E+02 -8.752307E+00  2.060389E+01
  1.590681E+00  2.000000E+01     6  9.019832E+01 -3.912940E+01  6.996888E+01 -5.692181E+01
  1.590681E+00  3.000000E+01     1  2.998824E+00  1.124711E+02 -1.146205E+00  2.771129E+00
  1.590681E+00  3.000000E+01     2  4.170253E+00  1.461092E+02 -3.461733E+00  2.325385E+00
  1.590681E+00  3.000000E+01     3  2.218543E+00 -1.577254E+02 -2.052991E+00 -8.409284E-01
  1.590681E+00  3.000000E+01     4  2.555153E+01 -3.038770E+01  2.204132E+01 -1.292520E+01
  1.590681E+00  3.000000E+01     5  5.999907E+01  6.096913E+01  2.911639E+01  5.246069E+01
  1.590681E+00  3.000000E+01     6  2.575643E+02 -1.513370E+02 -2.260014E+02 -1.235425E+02
  1.590681E+00  4.000000E+01     1  1.440046E+01 -4.379501E+01  1.039455E+01 -9.966276E+00
  1.590681E+00  4.000000E+01     2  1.072231E+01 -4.902548E+01  7.030871E+00 -8.095360E+00
  1.590681E+00  4.000000E+01     3  3.024428E+00  2.944940E+01  2.633642E+00  1.486974E+00
  1.590681E+00  4.000000E+01     4  3.832171E+01  8.405251E+01  3.970783E+00  3.811544E+01
  1.590681E+00  4.000000E+01     5  4.567394E+01  3.004215E+00  4.561117E+01  2.393745E+00
  1.590681E+00  4.000000E+01     6  2.094344E+02 -1.224671E+02 -1.124277E+02 -1.766997E+02
  1.590681E+00  5.000000E+01     1  1.072215E+01 -4.902514E+01  7.030813E+00 -8.095197E+00
  1.590681E+00  5.000000E+01     2  1.440064E+01 -4.379513E+01  1.039466E+01 -9.966422E+00
  1.590681E+00  5.000000E+01     3  3.024427E+00  2.944847E+01  2.633666E+00  1.486931E+00
  1.590681E+00  5.000000E+01     4  4.567514E+01 -1.769989E+02 -4.561250E+01 -2.391313E+00
  1.590681E+00  5.000000E+01     5  3.831774E+01 -9.594980E+01 -3.971906E+00 -3.811132E+01
  1.590681E+00  5.000000E+01     6  2.094345E+02  5.753285E+01  1.124278E+02  1.766997E+02
  1.590681E+00  6.000000E+01     1  4.170075E+00  1.461095E+02 -3.461600E+00  2.325265E+00
  1.590681E+00  6.000000E+01     2  2.998995E+00  1.124702E+02 -1.146223E+00  2.771307E+00
  1.590681E+00  6.000000E+01     3  2.217933E+00 -1.577262E+02 -2.052437E+00 -8.406711E-01
  1.590681E+00  6.000000E+01     4  6.000260E+01 -1.190288E+02 -2.911618E+01 -5.246485E+01
  1.590681E+00  6.000000E+01     5  2.554769E+01  1.496133E+02 -2.203823E+01  1.292289E+01
  1.590681E+00  6.000000E+01     6  2.575633E+02  2.866310E+01  2.260003E+02  1.235424E+02
  1.590681E+00  7.000000E+01     1  2.820585E+00  7.298454E+01  8.253873E-01  2.697116E+00
  1.590681E+00  7.000000E+01     2  6.229016E+00  1.214286E+02 -3.248031E+00  5.315161E+00
  1.590681E+00  7.000000E+01     3  5.509227E+00 -1.152363E+02 -2.348871E+00 -4.983411E+00
  1.590681E+00  7.000000E+01     4  2.239184E+01 -6.699870E+01  8.749658E+00 -2.061160E+01
  1.590681E+00  7.000000E+01     5  1.453178E+01 -8.893839E+00  1.435706E+01 -2.246674E+00
  1.590681E+00  7.000000E+01     6  9.019916E+01  1.408706E+02 -6.996953E+01  5.692235E+01
  1.590681E+00  8.000000E+01     1  3.287549E+00  2.549777E+01  2.967349E+00  1.415211E+00
  1.590681E+00  8.000000E+01     2  8.801259E+00  5.406527E+01  5.165135E+00  7.126256E+00
  1.590681E+00  8.000000E+01     3  2.690802E+00 -1.051832E+02 -7.047371E-01 -2.596875E+00
  1.590681E+00  8.000000E+01     4  1.591144E+01 -1.177535E+01  1.557659E+01 -3.247124E+00
  1.590681E+00  8.000000E+01     5  1.906989E+01 -2.646391E+01  1.707166E+01 -8.498192E+00
  1.590681E+00  8.000000E+01     6  1.652201E+02  1.571874E+02 -1.522963E+02  6.405882E+01
  1.590681E+00  9.000000E+01     1  7.864752E-06  1.222566E+02 -4.197509E-06  6.650958E-06
  1.590681E+00  9.000000E+01     2  4.040041E+01 -8.486754E+01  3.614166E+00 -4.023843E+01
  1.590681E+00  9.000000E+01     3  2.409413E+00  1.845774E+01  2.285466E+00  7.628325E-01
  1.590681E+00  9.000000E+01     4  2.756341E+01 -9.502229E+01 -2.412988E+00 -2.745758E+01
  1.590681E+00  9.000000E+01     5  8.467580E-05  1.683706E+02 -8.293756E-05  1.706903E-05
  1.590681E+00  9.000000E+01     6  3.286267E-04 -4.727590E-01  3.286155E-04 -2.711534E-06
  1.570797E+00  0.000000E+00     1  3.513746E+01 -3.895400E+01  2.732468E+01 -2.209079E+01
  1.570797E+00  0.000000E+00     2  0.000000E+00  9.000000E+01  0.000000E+00  0.000000E+00
  1.570797E+00  0.000000E+00     3  2.601305E+00 -4.064288E+01  1.973829E+00 -1.694340E+00
  1.570797E+00  0.000000E+00     4  0.000000E+00  9.000000E+01  0.000000E+00  0.000000E+00
  1.570797E+00  0.000000E+00     5  1.004377E+02  1.526525E+02 -8.921246E+01  4.613974E+01
  1.570797E+00  0.000000E+00     6  0.000000E+00  9.000000E+01  0.000000E+00  0.000000E+00
  1.570797E+00  1.000000E+01     1  6.318750E+00  1.047480E+02 -1.608556E+00  6.110577E+00
  1.570797E+00  1.000000E+01     2  4.625228E+00  1.194086E+02 -2.271147E+00  4.029222E+00
  1.570797E+00  1.000000E+01     3  1.897043E+00 -1.066645E+01  1.864264E+00 -3.511259E-01
  1.570797E+00  1.000000E+01     4  1.064102E+02 -2.396992E+01  9.723330E+01 -4.322991E+01
  1.570797E+00  1.000000E+01     5  5.110196E+01 -1.691574E+01  4.889096E+01 -1.486888E+01
  1.570797E+00  1.000000E+01     6  1.315077E+02 -2.029002E+01  1.233476E+02 -4.560323E+01
  1.570797E+00  2.000000E+01     1  4.439788E+00  1.791387E+02 -4.439287E+00  6.674204E-02
  1.570797E+00  2.000000E+01     2  2.227885E+00  9.602085E+01 -2.336836E-01  2.215595E+00
  1.570797E+00  2.000000E+01     3  2.684216E+00  5.466964E+01  1.552255E+00  2.189867E+00
  1.570797E+00  2.000000E+01     4  2.833926E+01  2.039568E+01  2.656262E+01  9.876268E+00
  1.570797E+00  2.000000E+01     5  6.980202E+01  1.717064E+02 -6.907201E+01  1.006868E+01
  1.570797E+00  2.000000E+01     6  2.302150E+02 -6.934209E+00  2.285311E+02 -2.779376E+01
  1.570797E+00  3.000000E+01     1  2.342532E+00  1.543165E+02 -2.111095E+00  1.015251E+00
  1.570797E+00  3.000000E+01     2  2.848109E-01 -1.363518E+02 -2.060868E-01 -1.965846E-01
  1.570797E+00  3.000000E+01     3  4.386956E+00  9.699789E+01 -5.344753E-01  4.354276E+00
  1.570797E+00  3.000000E+01     4  5.987562E+01  1.407811E+02 -4.638776E+01  3.785850E+01
  1.570797E+00  3.000000E+01     5  4.026105E+01 -9.511015E+01 -3.586078E+00 -4.010102E+01
  1.570797E+00  3.000000E+01     6  1.206949E+02 -1.226210E+02 -6.506408E+01 -1.016559E+02
  1.570797E+00  4.000000E+01     1  7.311333E+00  1.803214E+00  7.307713E+00  2.300644E-01
  1.570797E+00  4.000000E+01     2  1.060601E+01 -1.096781E+00  1.060407E+01 -2.030125E-01
  1.570797E+00  4.000000E+01     3  2.641736E+00 -5.590886E+01  1.480722E+00 -2.187746E+00
  1.570797E+00  4.000000E+01     4  7.373080E+01  1.707718E+02 -7.277653E+01  1.182406E+01
  1.570797E+00  4.000000E+01     5  8.408096E+01 -1.144194E+02 -3.476020E+01 -7.655936E+01
  1.570797E+00  4.000000E+01     6  2.248765E+02 -1.151521E+02 -9.557766E+01 -2.035543E+02
  1.570797E+00  5.000000E+01     1  1.060593E+01 -1.096470E+00  1.060399E+01 -2.029535E-01
  1.570797E+00  5.000000E+01     2  7.311434E+00  1.802451E+00  7.307817E+00  2.299704E-01
  1.570797E+00  5.000000E+01     3  2.641614E+00 -5.590643E+01  1.480747E+00 -2.187582E+00
  1.570797E+00  5.000000E+01     4  8.408135E+01  6.558237E+01  3.475795E+01  7.656081E+01
  1.570797E+00  5.000000E+01     5  7.372820E+01 -9.227474E+00  7.277412E+01 -1.182265E+01
  1.570797E+00  5.000000E+01     6  2.248764E+02  6.484780E+01  9.557793E+01  2.035540E+02
  1.570797E+00  6.000000E+01     1  2.849095E-01 -1.363265E+02 -2.060712E-01 -1.967437E-01
  1.570797E+00  6.000000E+01     2  2.342712E+00  1.543127E+02 -2.111188E+00  1.015472E+00
  1.570797E+00  6.000000E+01     3  4.387160E+00  9.699587E+01 -5.343463E-01  4.354497E+00
  1.570797E+00  6.000000E+01     4  4.025803E+01  8.488569E+01  3.588729E+00  4.009776E+01
  1.570797E+00  6.000000E+01     5  5.987730E+01 -3.922083E+01  4.638783E+01 -3.786107E+01
  1.570797E+00  6.000000E+01     6  1.206944E+02  5.737896E+01  6.506393E+01  1.016554E+02
  1.570797E+00  7.000000E+01     1  2.227759E+00  9.601710E+01 -2.335254E-01  2.215485E+00
  1.570797E+00  7.000000E+01     2  4.439668E+00  1.791335E+02 -4.439160E+00  6.714058E-02
  1.570797E+00  7.000000E+01     3  2.684292E+00  5.467222E+01  1.552201E+00  2.190000E+00
  1.570797E+00  7.000000E+01     4  6.980090E+01 -8.300981E+00  6.906961E+01 -1.007737E+01
  1.570797E+00  7.000000E+01     5  2.833732E+01 -1.595978E+02 -2.655968E+01 -9.878627E+00
  1.570797E+00  7.000000E+01     6  2.302157E+02  1.730657E+02 -2.285317E+02  2.779407E+01
  1.570797E+00  8.000000E+01     1  4.625234E+00  1.194095E+02 -2.271212E+00  4.029191E+00
  1.570797E+00  8.000000E+01     2  6.318798E+00  1.047472E+02 -1.608480E+00  6.110647E+00
  1.570797E+00  8.000000E+01     3  1.896861E+00 -1.066094E+01  1.864120E+00 -3.509132E-01
  1.570797E+00  8.000000E+01     4  5.110269E+01  1.630866E+02 -4.889227E+01  1.486712E+01
  1.570797E+00  8.000000E+01     5  1.064129E+02  1.560307E+02 -9.723618E+01  4.322997E+01
  1.570797E+00  8.000000E+01     6  1.315086E+02  1.597097E+02 -1.233482E+02  4.560411E+01
  1.570797E+00  9.000000E+01     1  2.408406E-06  2.020214E+01  2.260241E-06  8.317027E-07
  1.570797E+00  9.000000E+01     2  3.513779E+01 -3.895385E+01  2.732500E+01 -2.209093E+01
  1.570797E+00  9.000000E+01     3  2.601107E+00 -4.063419E+01  1.973936E+00 -1.693912E+00
  1.570797E+00  9.000000E+01     4  1.004311E+02 -2.734737E+01  8.920667E+01 -4.613644E+01
  1.570797E+00  9.000000E+01     5  1.227597E-04  8.499100E+00  1.214116E-04  1.814313E-05
  1.570797E+00  9.000000E+01     6  1.953954E-04  3.907661E+01  1.516862E-04  1.231692E-04
  1.551405E+00  0.000000E+00     1  3.794394E+01  3.141891E+01  3.238055E+01  1.977984E+01
  1.551405E+00  0.000000E+00     2  0.000000E+00  9.000000E+01  0.000000E+00  0.000000E+00
  1.551405E+00  0.000000E+00     3  2.074442E+00 -1.682101E+02 -2.030679E+00 -4.238562E-01
  1.551405E+00  0.000000E+00     4  0.000000E+00  9.000000E+01  0.000000E+00  0.000000E+00
  1.551405E+00  0.000000E+00     5  2.544189E+01  6.393553E+01  1.117872E+01  2.285446E+01
  1.551405E+00  0.000000E+00     6  0.000000E+00  9.000000E+01  0.000000E+00  0.000000E+00
  1.551405E+00  1.000000E+01     1  9.939967E+00  1.754927E+02 -9.909225E+00  7.811506E-01
  1.551405E+00  1.000000E+01     2  1.372519E+00 -1.024557E+02 -2.960310E-01 -1.340214E+00
  1.551405E+00  1.000000E+01     3  2.596666E+00  1.792471E+02 -2.596442E+00  3.411970E-02
  1.551405E+00  1.000000E+01     4  5.692023E+01  1.221149E+02 -3.025984E+01  4.821053E+01
  1.551405E+00  1.000000E+01     5  3.532644E+01 -1.462559E+02 -2.937487E+01 -1.962332E+01
  1.551405E+00  1.000000E+01     6  3.049694E+01 -2.946149E+01  2.655327E+01 -1.499957E+01
  1.551405E+00  2.000000E+01     1  3.771157E+00 -1.661216E+02 -3.661065E+00 -9.045610E-01
  1.551405E+00  2.000000E+01     2  5.204832E+00 -1.911538E+01  4.917843E+00 -1.704434E+00
  1.551405E+00  2.000000E+01     3  6.191745E+00 -9.807034E+01 -8.692504E-01 -6.130425E+00
  1.551405E+00  2.000000E+01     4  1.053867E+02  1.390089E+02 -7.954707E+01  6.912755E+01
  1.551405E+00  2.000000E+01     5  7.254213E+01  1.576170E+02 -6.707675E+01  2.762372E+01
  1.551405E+00  2.000000E+01     6  2.244855E+02  1.443962E+01  2.173943E+02  5.597762E+01
  1.551405E+00  3.000000E+01     1  5.650152E+00  1.029669E+02 -1.267830E+00  5.506072E+00
  1.551405E+00  3.000000E+01     2  3.416324E+00  1.062152E+02 -9.539961E-01  3.280421E+00
  1.551405E+00  3.000000E+01     3  3.927900E+00  2.471517E+01  3.568095E+00  1.642285E+00
  1.551405E+00  3.000000E+01     4  4.704750E+01  9.760211E+01 -6.224051E+00  4.663398E+01
  1.551405E+00  3.000000E+01     5  2.868641E+01 -8.086567E+01  4.553957E+00 -2.832263E+01
  1.551405E+00  3.000000E+01     6  5.181107E+01 -6.761588E+01  1.973039E+01 -4.790719E+01
  1.551405E+00  4.000000E+01     1  6.764485E+00  6.399778E+01  2.965591E+00  6.079764E+00
  1.551405E+00  4.000000E+01     2  4.527400E+00  8.768127E+01  1.831712E-01  4.523694E+00
  1.551405E+00  4.000000E+01     3  4.072025E+00  6.576289E+01  1.671622E+00  3.713094E+00
  1.551405E+00  4.000000E+01     4  3.296536E+01 -1.365569E+01  3.203350E+01 -7.782684E+00
  1.551405E+00  4.000000E+01     5  3.456286E+01  2.849407E+01  3.037614E+01  1.648883E+01
  1.551405E+00  4.000000E+01     6  2.157761E+02 -1.173704E+02 -9.920108E+01 -1.916206E+02
  1.551405E+00  5.000000E+01     1  4.527474E+00  8.768270E+01  1.830615E-01  4.523771E+00
  1.551405E+00  5.000000E+01     2  6.764439E+00  6.399744E+01  2.965607E+00  6.079705E+00
  1.551405E+00  5.000000E+01     3  4.072178E+00  6.576379E+01  1.671627E+00  3.713260E+00
  1.551405E+00  5.000000E+01     4  3.456313E+01 -1.515092E+02 -3.037731E+01 -1.648723E+01
  1.551405E+00  5.000000E+01     5  3.296848E+01  1.663422E+02 -3.203623E+01  7.784622E+00
  1.551405E+00  5.000000E+01     6  2.157756E+02  6.262965E+01  9.920075E+01  1.916203E+02
  1.551405E+00  6.000000E+01     1  3.416146E+00  1.062141E+02 -9.538832E-01  3.280268E+00
  1.551405E+00  6.000000E+01     2  5.650369E+00  1.029680E+02 -1.267977E+00  5.506260E+00
  1.551405E+00  6.000000E+01     3  3.928009E+00  2.471618E+01  3.568164E+00  1.642393E+00
  1.551405E+00  6.000000E+01     4  2.868257E+01  9.912860E+01 -4.550514E+00  2.831930E+01
  1.551405E+00  6.000000E+01     5  4.705159E+01 -8.239530E+01  6.226694E+00 -4.663775E+01
  1.551405E+00  6.000000E+01     6  5.181057E+01  1.123841E+02 -1.973015E+01  4.790674E+01
  1.551405E+00  7.000000E+01     1  5.204821E+00 -1.911748E+01  4.917770E+00 -1.704611E+00
  1.551405E+00  7.000000E+01     2  3.771065E+00 -1.661243E+02 -3.661019E+00 -9.043661E-01
  1.551405E+00  7.000000E+01     3  6.191747E+00 -9.807217E+01 -8.694474E-01 -6.130399E+00
  1.551405E+00  7.000000E+01     4  7.254304E+01 -2.238663E+01  6.707583E+01 -2.762835E+01
  1.551405E+00  7.000000E+01     5  1.053879E+02 -4.099303E+01  7.954570E+01 -6.913104E+01
  1.551405E+00  7.000000E+01     6  2.244849E+02 -1.655606E+02 -2.173938E+02 -5.597681E+01
  1.551405E+00  8.000000E+01     1  1.372462E+00 -1.024547E+02 -2.959963E-01 -1.340163E+00
  1.551405E+00  8.000000E+01     2  9.939887E+00  1.754929E+02 -9.909149E+00  7.810969E-01
  1.551405E+00  8.000000E+01     3  2.596802E+00  1.792465E+02 -2.596578E+00  3.414811E-02
  1.551405E+00  8.000000E+01     4  3.532589E+01  3.374707E+01  2.937341E+01  1.962451E+01
  1.551405E+00  8.000000E+01     5  5.692023E+01 -5.788452E+01  3.026036E+01 -4.821021E+01
  1.551405E+00  8.000000E+01     6  3.049716E+01  1.505355E+02 -2.655267E+01  1.500107E+01
  1.551405E+00  9.000000E+01     1  5.421718E-07 -8.468880E+01  5.018624E-08 -5.398441E-07
  1.551405E+00  9.000000E+01     2  3.794394E+01  3.141898E+01  3.238053E+01  1.977988E+01
  1.551405E+00  9.000000E+01     3  2.074140E+00 -1.682176E+02 -2.030439E+00 -4.235288E-01
  1.551405E+00  9.000000E+01     4  2.544423E+01 -1.160654E+02 -1.118009E+01 -2.285639E+01
  1.551405E+00  9.000000E+01     5  2.850765E-05 -9.776625E+01 -3.852294E-06 -2.824617E-05
  1.551405E+00  9.000000E+01     6  2.868534E-04  1.608564E+02 -2.709903E-04  9.406991E-05
  1.532485E+00  0.000000E+00     1  3.729089E+01  7.676458E+01  8.537852E+00  3.630035E+01
  1.532485E+00  0.000000E+00     2  0.000000E+00  9.000000E+01  0.000000E+00  0.000000E+00
  1.532485E+00  0.000000E+00     3  9.723231E-01 -8.276057E+01  1.225282E-01 -9.645720E-01
  1.532485E+00  0.000000E+00     4  0.000000E+00  9.000000E+01  0.000000E+00  0.000000E+00
  1.532485E+00  0.000000E+00     5  4.942603E+01 -1.326509E+02 -3.348762E+01 -3.635260E+01
  1.532485E+00  0.000000E+00     6  0.000000E+00  9.000000E+01  0.000000E+00  0.000000E+00
  1.532485E+00  1.000000E+01     1  9.760295E+00 -1.252732E+02 -5.636339E+00 -7.968377E+00
  1.532485E+00  1.000000E+01     2  5.020860E+00 -1.796182E+02 -5.020748E+00 -3.345954E-02
  1.532485E+00  1.000000E+01     3  6.708732E-01 -8.993345E+01  7.792299E-04 -6.708727E-01
  1.532485E+00  1.000000E+01     4  7.553316E+01 -1.541583E+00  7.550582E+01 -2.032027E+00
  1.532485E+00  1.000000E+01     5  3.220015E+01  9.180644E+00  3.178768E+01  5.137460E+00
  1.532485E+00  1.000000E+01     6  5.193943E+01 -1.790367E+02 -5.193209E+01 -8.732201E-01
  1.532485E+00  2.000000E+01     1  1.945303E+00 -2.128406E+01  1.812618E+00 -7.061293E-01
  1.532485E+00  2.000000E+01     2  1.853952E+00 -5.930189E+01  9.464694E-01 -1.594156E+00
  1.532485E+00  2.000000E+01     3  2.628365E+00 -8.548656E+01  2.068337E-01 -2.620214E+00
  1.532485E+00  2.000000E+01     4  1.492100E+01  8.425600E+01  1.493352E+00  1.484608E+01
  1.532485E+00  2.000000E+01     5  2.876583E+01  6.322457E+01  1.295885E+01  2.568153E+01
  1.532485E+00  2.000000E+01     6  2.046790E+02  3.029665E+01  1.767249E+02  1.032558E+02
  1.532485E+00  3.000000E+01     1  9.578356E+00  1.285479E+02 -5.968924E+00  7.491117E+00
  1.532485E+00  3.000000E+01     2  7.792022E+00  1.197750E+02 -3.869478E+00  6.763338E+00
  1.532485E+00  3.000000E+01     3  3.210131E+00 -5.029814E+01  2.050609E+00 -2.469807E+00
  1.532485E+00  3.000000E+01     4  6.257822E+01 -5.306033E+01  3.760787E+01 -5.001682E+01
  1.532485E+00  3.000000E+01     5  1.503975E+01 -1.750088E+02 -1.498272E+01 -1.308507E+00
  1.532485E+00  3.000000E+01     6  9.762617E+01  4.917355E+01  6.382507E+01  7.387306E+01
  1.532485E+00  4.000000E+01     1  4.276936E+00  1.794230E+02 -4.276719E+00  4.307162E-02
  1.532485E+00  4.000000E+01     2  3.650361E+00  1.558320E+02 -3.330402E+00  1.494508E+00
  1.532485E+00  4.000000E+01     3  9.953203E-01 -3.101249E+01  8.530442E-01 -5.128137E-01
  1.532485E+00  4.000000E+01     4  5.360825E+01 -4.743581E+01  3.626146E+01 -3.948355E+01
  1.532485E+00  4.000000E+01     5  1.582907E+01  1.471437E+02 -1.329695E+01  8.587811E+00
  1.532485E+00  4.000000E+01     6  2.395145E+02 -1.050493E+02 -6.218982E+01 -2.312998E+02
  1.532485E+00  5.000000E+01     1  3.650316E+00  1.558338E+02 -3.330410E+00  1.494384E+00
  1.532485E+00  5.000000E+01     2  4.276825E+00  1.794243E+02 -4.276609E+00  4.297367E-02
  1.532485E+00  5.000000E+01     3  9.953431E-01 -3.099788E+01  8.531945E-01 -5.126081E-01
  1.532485E+00  5.000000E+01     4  1.582592E+01 -3.285611E+01  1.329433E+01 -8.586052E+00
  1.532485E+00  5.000000E+01     5  5.360662E+01  1.325657E+02 -3.626138E+01  3.948141E+01
  1.532485E+00  5.000000E+01     6  2.395148E+02  7.495078E+01  6.218969E+01  2.313002E+02
  1.532485E+00  6.000000E+01     1  7.791781E+00  1.197750E+02 -3.869363E+00  6.763126E+00
  1.532485E+00  6.000000E+01     2  9.578526E+00  1.285481E+02 -5.969063E+00  7.491224E+00
  1.532485E+00  6.000000E+01     3  3.210239E+00 -5.029667E+01  2.050741E+00 -2.469837E+00
  1.532485E+00  6.000000E+01     4  1.504264E+01  4.980844E+00  1.498584E+01  1.306042E+00
  1.532485E+00  6.000000E+01     5  6.257307E+01  1.269398E+02 -3.760485E+01  5.001265E+01
  1.532485E+00  6.000000E+01     6  9.762806E+01 -1.308257E+02 -6.382537E+01 -7.387531E+01
  1.532485E+00  7.000000E+01     1  1.853995E+00 -5.930483E+01  9.464095E-01 -1.594242E+00
  1.532485E+00  7.000000E+01     2  1.945248E+00 -2.128149E+01  1.812599E+00 -7.060282E-01
  1.532485E+00  7.000000E+01     3  2.628430E+00 -8.549474E+01  2.064651E-01 -2.620309E+00
  1.532485E+00  7.000000E+01     4  2.876762E+01 -1.167727E+02 -1.295845E+01 -2.568374E+01
  1.532485E+00  7.000000E+01     5  1.492302E+01 -9.574767E+01 -1.494503E+00 -1.484799E+01
  1.532485E+00  7.000000E+01     6  2.046798E+02 -1.497035E+02 -1.767258E+02 -1.032560E+02
  1.532485E+00  8.000000E+01     1  5.020738E+00 -1.796194E+02 -5.020627E+00 -3.335453E-02
  1.532485E+00  8.000000E+01     2  9.760349E+00 -1.252726E+02 -5.636287E+00 -7.968481E+00
  1.532485E+00  8.000000E+01     3  6.708162E-01 -8.994156E+01  6.842179E-04 -6.708159E-01
  1.532485E+00  8.000000E+01     4  3.220123E+01 -1.708218E+02 -3.178895E+01 -5.136302E+00
  1.532485E+00  8.000000E+01     5  7.553095E+01  1.784563E+02 -7.550354E+01  2.034810E+00
  1.532485E+00  8.000000E+01     6  5.194019E+01  9.652311E-01  5.193282E+01  8.749669E-01
  1.532485E+00  9.000000E+01     1  1.199877E-06 -9.408386E+01 -8.545113E-08 -1.196831E-06
  1.532485E+00  9.000000E+01     2  3.729085E+01  7.676488E+01  8.537650E+00  3.630036E+01
  1.532485E+00  9.000000E+01     3  9.722733E-01 -8.275891E+01  1.225499E-01 -9.645190E-01
  1.532485E+00  9.000000E+01     4  4.942744E+01  4.734551E+01  3.349083E+01  3.635156E+01
  1.532485E+00  9.000000E+01     5  9.102025E-05 -1.340166E+02 -6.324700E-05 -6.545612E-05
  1.532485E+00  9.000000E+01     6  3.689832E-04  1.667663E+02 -3.591847E-04  8.446880E-05
  1.514021E+00  0.000000E+00     1  3.674407E+01  1.227737E+02 -1.989039E+01  3.089496E+01
  1.514021E+00  0.000000E+00     2  0.000000E+00  9.000000E+01  0.000000E+00  0.000000E+00
  1.514021E+00  0.000000E+00     3  2.757357E+00  5.361097E+01  1.635842E+00  2.219693E+00
  1.514021E+00  0.000000E+00     4  0.000000E+00  9.000000E+01  0.000000E+00  0.000000E+00
  1.514021E+00  0.000000E+00     5  4.146773E+01 -2.358819E+01  3.800290E+01 -1.659373E+01
  1.514021E+00  0.000000E+00     6  0.000000E+00  9.000000E+01  0.000000E+00  0.000000E+00
  1.514021E+00  1.000000E+01     1  9.607131E+00 -7.969231E+01  1.719044E+00 -9.452082E+00
  1.514021E+00  1.000000E+01     2  3.043468E+00 -1.380669E+02 -2.264114E+00 -2.033835E+00
  1.514021E+00  1.000000E+01     3  4.889398E+00 -1.373989E+02 -3.599008E+00 -3.309584E+00
  1.514021E+00  1.000000E+01     4  1.939249E+01 -8.366232E+01  2.140695E+00 -1.927397E+01
  1.514021E+00  1.000000E+01     5  3.084904E+01  2.541908E+01  2.786261E+01  1.324152E+01
  1.514021E+00  1.000000E+01     6  9.132068E+01 -1.760792E+02 -9.110695E+01 -6.244241E+00
  1.514021E+00  2.000000E+01     1  1.399197E+00 -4.631850E+01  9.663542E-01 -1.011886E+00
  1.514021E+00  2.000000E+01     2  2.519505E+00 -5.670353E+01  1.383136E+00 -2.105906E+00
  1.514021E+00  2.000000E+01     3  3.013100E+00 -1.435673E+02 -2.424204E+00 -1.789415E+00
  1.514021E+00  2.000000E+01     4  5.046314E+00 -1.500423E+02 -4.372098E+00 -2.519929E+00
  1.514021E+00  2.000000E+01     5  2.415596E+01  1.581083E+02 -2.241408E+01  9.006634E+00
  1.514021E+00  2.000000E+01     6  6.233326E+01  5.906198E+01  3.204618E+01  5.346473E+01
  1.514021E+00  3.000000E+01     1  1.023239E+01  1.402683E+02 -7.869178E+00  6.540475E+00
  1.514021E+00  3.000000E+01     2  5.807411E+00  1.532225E+02 -5.184639E+00  2.616397E+00
  1.514021E+00  3.000000E+01     3  7.069862E-01 -2.147366E+01  6.579114E-01 -2.588089E-01
  1.514021E+00  3.000000E+01     4  1.500825E+01 -1.605440E+02 -1.415123E+01 -4.999002E+00
  1.514021E+00  3.000000E+01     5  6.237940E+01  1.466452E+02 -5.210438E+01  3.429757E+01
  1.514021E+00  3.000000E+01     6  1.848327E+02  1.000761E+02 -3.233771E+01  1.819819E+02
  1.514021E+00  4.000000E+01     1  6.031394E+00 -9.230246E+01 -2.423094E-01 -6.026525E+00
  1.514021E+00  4.000000E+01     2  5.402656E+00 -7.847252E+01  1.079655E+00 -5.293678E+00
  1.514021E+00  4.000000E+01     3  2.526639E+00 -1.130258E+02 -9.882841E-01 -2.325338E+00
  1.514021E+00  4.000000E+01     4  7.773066E+00 -4.929434E+01  5.069386E+00 -5.892528E+00
  1.514021E+00  4.000000E+01     5  3.041053E+01  7.338574E+01  8.695185E+00  2.914093E+01
  1.514021E+00  4.000000E+01     6  2.272385E+02 -1.104636E+02 -7.944529E+01 -2.128985E+02
  1.514021E+00  5.000000E+01     1  5.402609E+00 -7.847319E+01  1.079584E+00 -5.293646E+00
  1.514021E+00  5.000000E+01     2  6.031458E+00 -9.230154E+01 -2.422148E-01 -6.026593E+00
  1.514021E+00  5.000000E+01     3  2.526396E+00 -1.130240E+02 -9.881163E-01 -2.325146E+00
  1.514021E+00  5.000000E+01     4  3.041032E+01 -1.066195E+02 -8.697787E+00 -2.913994E+01
  1.514021E+00  5.000000E+01     5  7.774761E+00  1.307114E+02 -5.071077E+00  5.893308E+00
  1.514021E+00  5.000000E+01     6  2.272389E+02  6.953638E+01  7.944561E+01  2.128988E+02
  1.514021E+00  6.000000E+01     1  5.807201E+00  1.532229E+02 -5.184469E+00  2.616269E+00
  1.514021E+00  6.000000E+01     2  1.023266E+01  1.402683E+02 -7.869387E+00  6.540646E+00
  1.514021E+00  6.000000E+01     3  7.069848E-01 -2.147761E+01  6.578923E-01 -2.588537E-01
  1.514021E+00  6.000000E+01     4  6.238509E+01 -3.335477E+01  5.210915E+01 -3.430066E+01
  1.514021E+00  6.000000E+01     5  1.501087E+01  1.944182E+01  1.415495E+01  4.996360E+00
  1.514021E+00  6.000000E+01     6  1.848329E+02 -7.992421E+01  3.233663E+01 -1.819822E+02
  1.514021E+00  7.000000E+01     1  2.519537E+00 -5.670650E+01  1.383044E+00 -2.106004E+00
  1.514021E+00  7.000000E+01     2  1.399373E+00 -4.632064E+01  9.664380E-01 -1.012049E+00
  1.514021E+00  7.000000E+01     3  3.013453E+00 -1.435669E+02 -2.424478E+00 -1.789639E+00
  1.514021E+00  7.000000E+01     4  2.415241E+01 -2.188559E+01  2.241175E+01 -9.002918E+00
  1.514021E+00  7.000000E+01     5  5.044186E+00  2.995206E+01  4.370502E+00  2.518437E+00
  1.514021E+00  7.000000E+01     6  6.233253E+01 -1.209376E+02 -3.204546E+01 -5.346432E+01
  1.514021E+00  8.000000E+01     1  3.043224E+00 -1.380697E+02 -2.264034E+00 -2.033560E+00
  1.514021E+00  8.000000E+01     2  9.607225E+00 -7.969270E+01  1.718999E+00 -9.452187E+00
  1.514021E+00  8.000000E+01     3  4.889467E+00 -1.373989E+02 -3.599060E+00 -3.309631E+00
  1.514021E+00  8.000000E+01     4  3.084682E+01 -1.545861E+02 -2.786181E+01 -1.323805E+01
  1.514021E+00  8.000000E+01     5  1.939837E+01  9.633198E+01 -2.139428E+00  1.928003E+01
  1.514021E+00  8.000000E+01     6  9.132111E+01  3.920853E+00  9.110738E+01  6.244392E+00
  1.514021E+00  9.000000E+01     1  4.167995E-06 -1.946675E+01  3.929732E-06 -1.389025E-06
  1.514021E+00  9.000000E+01     2  3.674413E+01  1.227740E+02 -1.989059E+01  3.089491E+01
  1.514021E+00  9.000000E+01     3  2.757189E+00  5.361155E+01  1.635720E+00  2.219574E+00
  1.514021E+00  9.000000E+01     4  4.146560E+01  1.564071E+02 -3.799959E+01  1.659601E+01
  1.514021E+00  9.000000E+01     5  6.818832E-05 -3.603447E+01  5.514139E-05 -4.011327E-05
  1.514021E+00  9.000000E+01     6  3.444901E-04 -1.773610E+02 -3.441247E-04 -1.586131E-05
  1.495997E+00  0.000000E+00     1  1.788496E+01 -1.495497E+02 -1.541807E+01 -9.063942E+00
  1.495997E+00  0.000000E+00     2  0.000000E+00  9.000000E+01  0.000000E+00  0.000000E+00
  1.495997E+00  0.000000E+00     3  1.438206E+00  6.256338E+01  6.626781E-01  1.276438E+00
  1.495997E+00  0.000000E+00     4  0.000000E+00  9.000000E+01  0.000000E+00  0.000000E+00
  1.495997E+00  0.000000E+00     5  5.580179E+01  1.363285E+02 -4.036203E+01  3.853241E+01
  1.495997E+00  0.000000E+00     6  0.000000E+00  9.000000E+01  0.000000E+00  0.000000E+00
  1.495997E+00  1.000000E+01     1  1.342504E+01 -4.836281E+01  8.919747E+00 -1.003343E+01
  1.495997E+00  1.000000E+01     2  1.701496E+00  1.804099E+01  1.617842E+00  5.269485E-01
  1.495997E+00  1.000000E+01     3  1.146055E+00  7.894855E+01  2.196878E-01  1.124802E+00
  1.495997E+00  1.000000E+01     4  2.892278E+01 -1.395800E+02 -2.201926E+01 -1.875311E+01
  1.495997E+00  1.000000E+01     5  4.638381E+01 -5.502999E+01  2.658477E+01 -3.800931E+01
  1.495997E+00  1.000000E+01     6  8.402192E+01  1.649020E+02 -8.112162E+01  2.188530E+01
  1.495997E+00  2.000000E+01     1  7.156736E+00 -6.134517E+01  3.431882E+00 -6.280211E+00
  1.495997E+00  2.000000E+01     2  4.145547E+00  4.487288E+01  2.937841E+00  2.924834E+00
  1.495997E+00  2.000000E+01     3  4.292302E-01  1.720504E+02 -4.251053E-01  5.936310E-02
  1.495997E+00  2.000000E+01     4  4.129560E+01 -7.414694E+01  1.128077E+01 -3.972494E+01
  1.495997E+00  2.000000E+01     5  1.664428E+01  3.882775E+00  1.660607E+01  1.127073E+00
  1.495997E+00  2.000000E+01     6  7.736566E+01  1.264154E+02 -4.592697E+01  6.225881E+01
  1.495997E+00  3.000000E+01     1  9.765979E+00 -1.572162E+02 -9.003966E+00 -3.781923E+00
  1.495997E+00  3.000000E+01     2  7.530913E+00 -1.552827E+02 -6.840947E+00 -3.148984E+00
  1.495997E+00  3.000000E+01     3  4.438913E-01 -1.261782E+02 -2.620285E-01 -3.583023E-01
  1.495997E+00  3.000000E+01     4  1.675009E+01  5.143878E+01  1.044117E+01  1.309760E+01
  1.495997E+00  3.000000E+01     5  6.956520E+00 -3.908255E+01  5.399918E+00 -4.385665E+00
  1.495997E+00  3.000000E+01     6  1.756455E+02  9.596074E+01 -1.824025E+01  1.746958E+02
  1.495997E+00  4.000000E+01     1  8.694972E+00 -2.096827E+01  8.119181E+00 -3.111503E+00
  1.495997E+00  4.000000E+01     2  6.920664E+00 -1.930373E+01  6.531580E+00 -2.287805E+00
  1.495997E+00  4.000000E+01     3  1.701438E+00  1.777982E+02 -1.700181E+00  6.536686E-02
  1.495997E+00  4.000000E+01     4  5.190642E+00  3.083223E+01  4.457057E+00  2.660339E+00
  1.495997E+00  4.000000E+01     5  2.301616E+01 -5.267143E+00  2.291897E+01 -2.112873E+00
  1.495997E+00  4.000000E+01     6  2.973458E+02 -6.894721E+01  1.068149E+02 -2.774979E+02
  1.495997E+00  5.000000E+01     1  6.920696E+00 -1.930322E+01  6.531631E+00 -2.287756E+00
  1.495997E+00  5.000000E+01     2  8.695036E+00 -2.096811E+01  8.119248E+00 -3.111505E+00
  1.495997E+00  5.000000E+01     3  1.701346E+00  1.777906E+02 -1.700081E+00  6.558837E-02
  1.495997E+00  5.000000E+01     4  2.301762E+01  1.747325E+02 -2.292041E+01  2.113147E+00
  1.495997E+00  5.000000E+01     5  5.190512E+00 -1.491746E+02 -4.457262E+00 -2.659742E+00
  1.495997E+00  5.000000E+01     6  2.973460E+02  1.110527E+02 -1.068148E+02  2.774982E+02
  1.495997E+00  6.000000E+01     1  7.530904E+00 -1.552809E+02 -6.840837E+00 -3.149199E+00
  1.495997E+00  6.000000E+01     2  9.765965E+00 -1.572168E+02 -9.003995E+00 -3.781820E+00
  1.495997E+00  6.000000E+01     3  4.439225E-01 -1.261716E+02 -2.620054E-01 -3.583579E-01
  1.495997E+00  6.000000E+01     4  6.953755E+00  1.409184E+02 -5.397842E+00  4.383835E+00
  1.495997E+00  6.000000E+01     5  1.674985E+01 -1.285510E+02 -1.043869E+01 -1.309928E+01
  1.495997E+00  6.000000E+01     6  1.756461E+02 -8.403925E+01  1.824032E+01 -1.746964E+02
  1.495997E+00  7.000000E+01     1  4.145602E+00  4.487389E+01  2.937828E+00  2.924924E+00
  1.495997E+00  7.000000E+01     2  7.156935E+00 -6.134631E+01  3.431853E+00 -6.280454E+00
  1.495997E+00  7.000000E+01     3  4.293891E-01  1.720716E+02 -4.252847E-01  5.922823E-02
  1.495997E+00  7.000000E+01     4  1.664536E+01 -1.761296E+02 -1.660740E+01 -1.123573E+00
  1.495997E+00  7.000000E+01     5  4.129596E+01  1.058534E+02 -1.128109E+01  3.972522E+01
  1.495997E+00  7.000000E+01     6  7.736535E+01 -5.358503E+01  4.592633E+01 -6.225889E+01
  1.495997E+00  8.000000E+01     1  1.701593E+00  1.804468E+01  1.617901E+00  5.270832E-01
  1.495997E+00  8.000000E+01     2  1.342507E+01 -4.836289E+01  8.919757E+00 -1.003347E+01
  1.495997E+00  8.000000E+01     3  1.146075E+00  7.894510E+01  2.197594E-01  1.124809E+00
  1.495997E+00  8.000000E+01     4  4.638491E+01  1.249688E+02 -2.658459E+01  3.801078E+01
  1.495997E+00  8.000000E+01     5  2.892601E+01  4.042211E+01  2.202103E+01  1.875602E+01
  1.495997E+00  8.000000E+01     6  8.402071E+01 -1.509845E+01  8.112029E+01 -2.188558E+01
  1.495997E+00  9.000000E+01     1  2.435525E-06  7.226260E+01  7.419942E-07  2.319747E-06
  1.495997E+00  9.000000E+01     2  1.788522E+01 -1.495496E+02 -1.541828E+01 -9.064089E+00
  1.495997E+00  9.000000E+01     3  1.437945E+00  6.256136E+01  6.626025E-01  1.276183E+00
  1.495997E+00  9.000000E+01     4  5.580164E+01 -4.366578E+01  4.036577E+01 -3.852827E+01
  1.495997E+00  9.000000E+01     5  2.996258E-05 -1.382113E+02 -2.234031E-05 -1.996664E-05
  1.495997E+00  9.000000E+01     6  2.022319E-04 -5.332460E+01  1.207892E-04 -1.621965E-04
  1.478397E+00  0.000000E+00     1  3.199828E+01 -1.200435E+02 -1.602019E+01 -2.769916E+01
  1.478397E+00  0.000000E+00     2  0.000000E+00  9.000000E+01  0.000000E+00  0.000000E+00
  1.478397E+00  0.000000E+00     3  1.519972E+00  7.326605E+01  4.376426E-01  1.455605E+00
  1.478397E+00  0.000000E+00     4  0.000000E+00  9.000000E+01  0.000000E+00  0.000000E+00
  1.478397E+00  0.000000E+00     5  7.447143E+01  1.167802E+02 -3.355447E+01  6.648376E+01
  1.478397E+00  0.000000E+00     6  0.000000E+00  9.000000E+01  0.000000E+00  0.000000E+00
  1.478397E+00  1.000000E+01     1  9.069963E+00  5.822654E+01  4.775899E+00  7.710709E+00
  1.478397E+00  1.000000E+01     2  1.726406E+00  7.039417E+01  5.792913E-01  1.626315E+00
  1.478397E+00  1.000000E+01     3  3.584528E+00  4.998204E+01  2.304951E+00  2.745185E+00
  1.478397E+00  1.000000E+01     4  2.138747E+01  7.396885E+01  5.906362E+00  2.055575E+01
  1.478397E+00  1.000000E+01     5  4.205789E+01 -1.791520E+02 -4.205328E+01 -6.224571E-01
  1.478397E+00  1.000000E+01     6  8.389960E+01  1.514285E+02 -7.368236E+01  4.012546E+01
  1.478397E+00  2.000000E+01     1  7.076761E+00 -8.093398E+01  1.115103E+00 -6.988354E+00
  1.478397E+00  2.000000E+01     2  1.090371E+00 -9.481652E+00  1.075474E+00 -1.796187E-01
  1.478397E+00  2.000000E+01     3  5.891886E-01  1.489627E+02 -5.048355E-01  3.037834E-01
  1.478397E+00  2.000000E+01     4  2.689854E+01  1.362425E+01  2.614165E+01  6.336044E+00
  1.478397E+00  2.000000E+01     5  3.408168E+01 -7.304871E+01  9.936811E+00 -3.260093E+01
  1.478397E+00  2.000000E+01     6  1.073018E+02 -1.266296E+02 -6.402054E+01 -8.611072E+01
  1.478397E+00  3.000000E+01     1  3.266880E+00 -6.940849E+01  1.148971E+00 -3.058164E+00
  1.478397E+00  3.000000E+01     2  3.489098E+00 -6.025265E+01  1.731208E+00 -3.029310E+00
  1.478397E+00  3.000000E+01     3  8.785602E-01  4.864745E+01  5.804563E-01  6.594987E-01
  1.478397E+00  3.000000E+01     4  4.299361E+01 -1.560808E+02 -3.930124E+01 -1.743168E+01
  1.478397E+00  3.000000E+01     5  1.654070E+01  4.591182E+01  1.150844E+01  1.188069E+01
  1.478397E+00  3.000000E+01     6  1.404240E+02  8.019256E+01  2.391949E+01  1.383718E+02
  1.478397E+00  4.000000E+01     1  5.859434E+00  4.703290E+01  3.993663E+00  4.287612E+00
  1.478397E+00  4.000000E+01     2  5.377101E+00  6.801452E+01  2.013034E+00  4.986072E+00
  1.478397E+00  4.000000E+01     3  6.534772E-01 -1.532352E+02 -5.834653E-01 -2.942799E-01
  1.478397E+00  4.000000E+01     4  4.357892E+01  6.586230E+01  1.782077E+01  3.976861E+01
  1.478397E+00  4.000000E+01     5  1.709041E+01 -1.095241E+02 -5.711672E+00 -1.610773E+01
  1.478397E+00  4.000000E+01     6  2.496288E+02 -6.295251E+01  1.135134E+02 -2.223269E+02
  1.478397E+00  5.000000E+01     1  5.377131E+00  6.801540E+01  2.012969E+00  4.986130E+00
  1.478397E+00  5.000000E+01     2  5.859524E+00  4.703320E+01  3.993702E+00  4.287700E+00
  1.478397E+00  5.000000E+01     3  6.536127E-01 -1.532463E+02 -5.836433E-01 -2.942280E-01
  1.478397E+00  5.000000E+01     4  1.708998E+01  7.047730E+01  5.711133E+00  1.610746E+01
  1.478397E+00  5.000000E+01     5  4.357903E+01 -1.141385E+02 -1.782136E+01 -3.976846E+01
  1.478397E+00  5.000000E+01     6  2.496286E+02  1.170474E+02 -1.135129E+02  2.223269E+02
  1.478397E+00  6.000000E+01     1  3.489155E+00 -6.025016E+01  1.731368E+00 -3.029285E+00
  1.478397E+00  6.000000E+01     2  3.266835E+00 -6.941041E+01  1.148853E+00 -3.058161E+00
  1.478397E+00  6.000000E+01     3  8.785200E-01  4.864317E+01  5.804790E-01  6.594251E-01
  1.478397E+00  6.000000E+01     4  1.654060E+01 -1.340820E+02 -1.150709E+01 -1.188184E+01
  1.478397E+00  6.000000E+01     5  4.299515E+01  2.391848E+01  3.930286E+01  1.743180E+01
  1.478397E+00  6.000000E+01     6  1.404246E+02 -9.980780E+01 -2.392044E+01 -1.383722E+02
  1.478397E+00  7.000000E+01     1  1.090276E+00 -9.479039E+00  1.075390E+00 -1.795541E-01
  1.478397E+00  7.000000E+01     2  7.076886E+00 -8.093362E+01  1.115166E+00 -6.988470E+00
  1.478397E+00  7.000000E+01     3  5.890846E-01  1.489648E+02 -5.047575E-01  3.037113E-01
  1.478397E+00  7.000000E+01     4  3.408442E+01  1.069527E+02 -9.938406E+00  3.260331E+01
  1.478397E+00  7.000000E+01     5  2.690190E+01 -1.663843E+02 -2.614586E+01 -6.332945E+00
  1.478397E+00  7.000000E+01     6  1.073031E+02  5.337028E+01  6.402145E+01  8.611159E+01
  1.478397E+00  8.000000E+01     1  1.726390E+00  7.039558E+01  5.792456E-01  1.626314E+00
  1.478397E+00  8.000000E+01     2  9.069855E+00  5.822620E+01  4.775888E+00  7.710588E+00
  1.478397E+00  8.000000E+01     3  3.584576E+00  4.998174E+01  2.304996E+00  2.745210E+00
  1.478397E+00  8.000000E+01     4  4.205768E+01  8.516644E-01  4.205303E+01  6.251369E-01
  1.478397E+00  8.000000E+01     5  2.138870E+01 -1.060304E+02 -5.906451E+00 -2.055700E+01
  1.478397E+00  8.000000E+01     6  8.390041E+01 -2.857224E+01  7.368259E+01 -4.012674E+01
  1.478397E+00  9.000000E+01     1  3.881983E-06 -1.433329E+02 -3.113812E-06 -2.318181E-06
  1.478397E+00  9.000000E+01     2  3.199836E+01 -1.200433E+02 -1.602009E+01 -2.769931E+01
  1.478397E+00  9.000000E+01     3  1.520081E+00  7.326277E+01  4.377572E-01  1.455684E+00
  1.478397E+00  9.000000E+01     4  7.446932E+01 -6.322072E+01  3.355250E+01 -6.648240E+01
  1.478397E+00  9.000000E+01     5  3.741292E-05 -4.376259E+01  2.702006E-05 -2.587746E-05
  1.478397E+00  9.000000E+01     6  2.808581E-04 -1.659643E+01  2.691577E-04 -8.022111E-05
  1.461207E+00  0.000000E+00     1  3.375955E+01 -7.082158E+01  1.109038E+01 -3.188590E+01
  1.461207E+00  0.000000E+00     2  0.000000E+00  9.000000E+01  0.000000E+00  0.000000E+00
  1.461207E+00  0.000000E+00     3  2.078063E+00 -1.676055E+02 -2.029629E+00 -4.460393E-01
  1.461207E+00  0.000000E+00     4  0.000000E+00  9.000000E+01  0.000000E+00  0.000000E+00
  1.461207E+00  0.000000E+00     5  3.539448E+01  1.050290E+02 -9.178052E+00  3.418380E+01
  1.461207E+00  0.000000E+00     6  0.000000E+00  9.000000E+01  0.000000E+00  0.000000E+00
  1.461207E+00  1.000000E+01     1  1.051478E+01  9.212177E+01 -3.892940E-01  1.050757E+01
  1.461207E+00  1.000000E+01     2  3.448159E+00  2.178557E+01  3.201889E+00  1.279729E+00
  1.461207E+00  1.000000E+01     3  3.694252E+00  2.172190E+01  3.431927E+00  1.367250E+00
  1.461207E+00  1.000000E+01     4  8.295372E+00 -4.736917E+01  5.618223E+00 -6.103177E+00
  1.461207E+00  1.000000E+01     5  1.697052E+01  1.743811E+02 -1.688898E+01  1.661599E+00
  1.461207E+00  1.000000E+01     6  1.344352E+01  1.541422E+02 -1.209755E+01  5.863240E+00
  1.461207E+00  2.000000E+01     1  1.532473E+00 -4.242101E+01  1.131284E+00 -1.033765E+00
  1.461207E+00  2.000000E+01     2  1.657140E+00  1.019473E+02 -3.430476E-01  1.621244E+00
  1.461207E+00  2.000000E+01     3  3.929161E-01  1.101254E+02 -1.351931E-01  3.689253E-01
  1.461207E+00  2.000000E+01     4  1.219431E+01 -1.311474E+02 -8.023829E+00 -9.182551E+00
  1.461207E+00  2.000000E+01     5  1.444018E+01 -5.086927E+01  9.113080E+00 -1.120136E+01
  1.461207E+00  2.000000E+01     6  1.169538E+02 -8.622599E+01  7.698061E+00 -1.167002E+02
  1.461207E+00  3.000000E+01     1  1.508382E+00 -2.524250E+01  1.364348E+00 -6.432500E-01
  1.461207E+00  3.000000E+01     2  1.482480E+00 -4.015675E+01  1.133034E+00 -9.560231E-01
  1.461207E+00  3.000000E+01     3  1.005220E+00 -4.219329E+01  7.447507E-01 -6.751397E-01
  1.461207E+00  3.000000E+01     4  1.899849E+01  3.340308E+01  1.586028E+01  1.045915E+01
  1.461207E+00  3.000000E+01     5  1.648607E+01 -1.311369E+02 -1.084554E+01 -1.241631E+01
  1.461207E+00  3.000000E+01     6  1.506691E+02  1.204285E+02 -7.630832E+01  1.299162E+02
  1.461207E+00  4.000000E+01     1  5.242039E+00  1.225896E+02 -2.823457E+00  4.416680E+00
  1.461207E+00  4.000000E+01     2  6.669858E+00  1.406190E+02 -5.155423E+00  4.231858E+00
  1.461207E+00  4.000000E+01     3  6.744196E-01 -2.037757E+01  6.322133E-01 -2.348363E-01
  1.461207E+00  4.000000E+01     4  7.263134E+00  1.301890E+02 -4.686983E+00  5.548451E+00
  1.461207E+00  4.000000E+01     5  6.165533E+00 -1.207321E+00  6.164164E+00 -1.299088E-01
  1.461207E+00  4.000000E+01     6  2.433844E+02 -3.179918E+01  2.068525E+02 -1.282499E+02
  1.461207E+00  5.000000E+01     1  6.669879E+00  1.406189E+02 -5.155438E+00  4.231873E+00
  1.461207E+00  5.000000E+01     2  5.242049E+00  1.225891E+02 -2.823427E+00  4.416711E+00
  1.461207E+00  5.000000E+01     3  6.741603E-01 -2.036220E+01  6.320332E-01 -2.345765E-01
  1.461207E+00  5.000000E+01     4  6.166165E+00  1.787909E+02 -6.164792E+00  1.301170E-01
  1.461207E+00  5.000000E+01     5  7.263644E+00 -4.981226E+01  4.687187E+00 -5.548945E+00
  1.461207E+00  5.000000E+01     6  2.433846E+02  1.482007E+02 -2.068525E+02  1.282503E+02
  1.461207E+00  6.000000E+01     1  1.482539E+00 -4.015512E+01  1.133106E+00 -9.560286E-01
  1.461207E+00  6.000000E+01     2  1.508313E+00 -2.524907E+01  1.364212E+00 -6.433769E-01
  1.461207E+00  6.000000E+01     3  1.005326E+00 -4.219824E+01  7.447706E-01 -6.752750E-01
  1.461207E+00  6.000000E+01     4  1.648857E+01  4.885862E+01  1.084815E+01  1.241735E+01
  1.461207E+00  6.000000E+01     5  1.899657E+01 -1.465964E+02 -1.585858E+01 -1.045826E+01
  1.461207E+00  6.000000E+01     6  1.506686E+02 -5.957164E+01  7.630770E+01 -1.299160E+02
  1.461207E+00  7.000000E+01     1  1.657252E+00  1.019489E+02 -3.431156E-01  1.621344E+00
  1.461207E+00  7.000000E+01     2  1.532461E+00 -4.241862E+01  1.131318E+00 -1.033710E+00
  1.461207E+00  7.000000E+01     3  3.929407E-01  1.101236E+02 -1.351895E-01  3.689528E-01
  1.461207E+00  7.000000E+01     4  1.443984E+01  1.291343E+02 -9.113569E+00  1.120053E+01
  1.461207E+00  7.000000E+01     5  1.219440E+01  4.886310E+01  8.022211E+00  9.184086E+00
  1.461207E+00  7.000000E+01     6  1.169541E+02  9.377357E+01 -7.697170E+00  1.167006E+02
  1.461207E+00  8.000000E+01     1  3.448097E+00  2.178415E+01  3.201864E+00  1.279627E+00
  1.461207E+00  8.000000E+01     2  1.051478E+01  9.212196E+01 -3.893267E-01  1.050757E+01
  1.461207E+00  8.000000E+01     3  3.694425E+00  2.172174E+01  3.432092E+00  1.367304E+00
  1.461207E+00  8.000000E+01     4  1.697134E+01 -5.616971E+00  1.688985E+01 -1.661115E+00
  1.461207E+00  8.000000E+01     5  8.293990E+00  1.326411E+02 -5.618382E+00  6.101151E+00
  1.461207E+00  8.000000E+01     6  1.344424E+01 -2.585726E+01  1.209825E+01 -5.863444E+00
  1.461207E+00  9.000000E+01     1  5.497921E-06  1.750416E+02 -5.477346E-06  4.752020E-07
  1.461207E+00  9.000000E+01     2  3.375946E+01 -7.082149E+01  1.109041E+01 -3.188580E+01
  1.461207E+00  9.000000E+01     3  2.077995E+00 -1.676011E+02 -2.029529E+00 -4.461806E-01
  1.461207E+00  9.000000E+01     4  3.539614E+01 -7.497231E+01  9.177722E+00 -3.418562E+01
  1.461207E+00  9.000000E+01     5  3.990281E-05  1.255410E+02 -2.319490E-05  3.246892E-05
  1.461207E+00  9.000000E+01     6  3.847073E-04 -1.270944E+01  3.752813E-04 -8.463831E-05
  1.444411E+00  0.000000E+00     1  2.963485E+01 -3.062174E+01  2.550224E+01 -1.509505E+01
  1.444411E+00  0.000000E+00     2  0.000000E+00  9.000000E+01  0.000000E+00  0.000000E+00
  1.444411E+00  0.000000E+00     3  1.015306E+00 -1.495682E+02 -8.754296E-01 -5.142652E-01
  1.444411E+00  0.000000E+00     4  0.000000E+00  9.000000E+01  0.000000E+00  0.000000E+00
  1.444411E+00  0.000000E+00     5  2.753105E+01  2.073176E+01  2.574835E+01  9.745806E+00
  1.444411E+00  0.000000E+00     6  0.000000E+00  9.000000E+01  0.000000E+00  0.000000E+00
  1.444411E+00  1.000000E+01     1  1.097609E+01  1.198352E+02 -5.460689E+00  9.521313E+00
  1.444411E+00  1.000000E+01     2  9.802834E-01 -5.652572E+01  5.406877E-01 -8.176872E-01
  1.444411E+00  1.000000E+01     3  6.659718E-01 -5.714226E+01  3.613263E-01 -5.594298E-01
  1.444411E+00  1.000000E+01     4  9.039433E+00  4.841128E+01  6.000185E+00  6.760852E+00
  1.444411E+00  1.000000E+01     5  2.099337E+01  8.601121E+01  1.460326E+00  2.094251E+01
  1.444411E+00  1.000000E+01     6  5.482533E+01 -4.674979E+01  3.756553E+01 -3.993304E+01
  1.444411E+00  2.000000E+01     1  4.271051E+00  4.602831E+01  2.965403E+00  3.073802E+00
  1.444411E+00  2.000000E+01     2  1.340728E+00  1.564812E+01  1.291036E+00  3.616327E-01
  1.444411E+00  2.000000E+01     3  2.954201E-01 -8.174309E+01  4.242587E-02 -2.923578E-01
  1.444411E+00  2.000000E+01     4  1.497471E+01  1.332221E+02 -1.025510E+01  1.091214E+01
  1.444411E+00  2.000000E+01     5  1.073605E+01 -1.687521E+02 -1.052984E+01 -2.094108E+00
  1.444411E+00  2.000000E+01     6  1.244382E+02 -1.028805E+02 -2.773965E+01 -1.213070E+02
  1.444411E+00  3.000000E+01     1  5.072121E+00  6.308603E+01  2.295907E+00  4.522745E+00
  1.444411E+00  3.000000E+01     2  1.072830E+00  6.086016E+01  5.224068E-01  9.370458E-01
  1.444411E+00  3.000000E+01     3  3.323485E-01  1.374074E+01  3.228369E-01  7.894237E-02
  1.444411E+00  3.000000E+01     4  1.458137E+00 -1.529035E+02 -1.298092E+00 -6.641683E-01
  1.444411E+00  3.000000E+01     5  1.238596E+01  3.213924E+01  1.048791E+01  6.589067E+00
  1.444411E+00  3.000000E+01     6  2.081191E+02  1.297449E+02 -1.330653E+02  1.600225E+02
  1.444411E+00  4.000000E+01     1  6.227820E+00 -1.434939E+02 -5.005883E+00 -3.704981E+00
  1.444411E+00  4.000000E+01     2  5.708789E+00 -1.366359E+02 -4.150317E+00 -3.919839E+00
  1.444411E+00  4.000000E+01     3  1.821796E-01  3.454616E+01  1.500558E-01  1.033086E-01
  1.444411E+00  4.000000E+01     4  2.582100E+01 -1.611033E+02 -2.442936E+01 -8.362460E+00
  1.444411E+00  4.000000E+01     5  2.545034E+01  1.215510E+02 -1.331706E+01  2.168815E+01
  1.444411E+00  4.000000E+01     6  2.436527E+02 -3.657747E+01  1.956658E+02 -1.451949E+02
  1.444411E+00  5.000000E+01     1  5.708847E+00 -1.366362E+02 -4.150382E+00 -3.919854E+00
  1.444411E+00  5.000000E+01     2  6.227848E+00 -1.434941E+02 -5.005918E+00 -3.704980E+00
  1.444411E+00  5.000000E+01     3  1.820800E-01  3.461728E+01  1.498455E-01  1.034382E-01
  1.444411E+00  5.000000E+01     4  2.545027E+01 -5.844564E+01  1.331831E+01 -2.168730E+01
  1.444411E+00  5.000000E+01     5  2.581912E+01  1.889779E+01  2.442741E+01  8.362320E+00
  1.444411E+00  5.000000E+01     6  2.436531E+02  1.434225E+02 -1.956659E+02  1.451954E+02
  1.444411E+00  6.000000E+01     1  1.072920E+00  6.085727E+01  5.224978E-01  9.370981E-01
  1.444411E+00  6.000000E+01     2  5.072060E+00  6.308616E+01  2.295868E+00  4.522696E+00
  1.444411E+00  6.000000E+01     3  3.324288E-01  1.371329E+01  3.229526E-01  7.880674E-02
  1.444411E+00  6.000000E+01     4  1.238513E+01 -1.478605E+02 -1.048718E+01 -6.588662E+00
  1.444411E+00  6.000000E+01     5  1.459195E+00  2.706708E+01  1.299376E+00  6.639822E-01
  1.444411E+00  6.000000E+01     6  2.081183E+02 -5.025520E+01  1.330645E+02 -1.600221E+02
  1.444411E+00  7.000000E+01     1  1.340598E+00  1.565478E+01  1.290868E+00  3.617476E-01
  1.444411E+00  7.000000E+01     2  4.271166E+00  4.602664E+01  2.965573E+00  3.073799E+00
  1.444411E+00  7.000000E+01     3  2.953236E-01 -8.175956E+01  4.232801E-02 -2.922744E-01
  1.444411E+00  7.000000E+01     4  1.073221E+01  1.124970E+01  1.052600E+01  2.093696E+00
  1.444411E+00  7.000000E+01     5  1.497137E+01 -4.677860E+01  1.025268E+01 -1.090983E+01
  1.444411E+00  7.000000E+01     6  1.244376E+02  7.711911E+01  2.774024E+01  1.213062E+02
  1.444411E+00  8.000000E+01     1  9.803904E-01 -5.652561E+01  5.407482E-01 -8.177754E-01
  1.444411E+00  8.000000E+01     2  1.097611E+01  1.198347E+02 -5.460611E+00  9.521381E+00
  1.444411E+00  8.000000E+01     3  6.659760E-01 -5.713123E+01  3.614363E-01 -5.593638E-01
  1.444411E+00  8.000000E+01     4  2.099487E+01 -9.398771E+01 -1.460035E+00 -2.094404E+01
  1.444411E+00  8.000000E+01     5  9.039410E+00 -1.315732E+02 -5.998335E+00 -6.762464E+00
  1.444411E+00  8.000000E+01     6  5.482478E+01  1.332501E+02 -3.756511E+01  3.993269E+01
  1.444411E+00  9.000000E+01     1  6.429673E-06  1.100984E+02 -2.209452E-06  6.038130E-06
  1.444411E+00  9.000000E+01     2  2.963495E+01 -3.062148E+01  2.550239E+01 -1.509498E+01
  1.444411E+00  9.000000E+01     3  1.015390E+00 -1.495682E+02 -8.755027E-01 -5.143076E-01
  1.444411E+00  9.000000E+01     4  2.753374E+01 -1.592676E+02 -2.575076E+01 -9.747063E+00
  1.444411E+00  9.000000E+01     5  2.549958E-05  5.495750E+01  1.464145E-05  2.087718E-05
  1.444411E+00  9.000000E+01     6  1.518900E-04  6.714663E+01  5.899013E-05  1.399669E-04
  1.427997E+00  0.000000E+00     1  3.252433E+01  5.398501E+01  1.912420E+01  2.630773E+01
  1.427997E+00  0.000000E+00     2  0.000000E+00  9.000000E+01  0.000000E+00  0.000000E+00
  1.427997E+00  0.000000E+00     3  1.295599E+00 -1.468929E+02 -1.085260E+00 -7.076636E-01
  1.427997E+00  0.000000E+00     4  0.000000E+00  9.000000E+01  0.000000E+00  0.000000E+00
  1.427997E+00  0.000000E+00     5  4.969899E+01 -8.612782E+01  3.356214E+00 -4.958554E+01
  1.427997E+00  0.000000E+00     6  0.000000E+00  9.000000E+01  0.000000E+00  0.000000E+00
  1.427997E+00  1.000000E+01     1  7.150576E+00 -1.395407E+02 -5.440634E+00 -4.640069E+00
  1.427997E+00  1.000000E+01     2  1.291756E+00 -1.607123E+02 -1.219252E+00 -4.266829E-01
  1.427997E+00  1.000000E+01     3  3.033170E+00 -1.660922E+02 -2.944248E+00 -7.290542E-01
  1.427997E+00  1.000000E+01     4  1.540493E+01  1.484407E+02 -1.312653E+01  8.062640E+00
  1.427997E+00  1.000000E+01     5  1.151893E+01 -1.292369E+01  1.122714E+01 -2.576243E+00
  1.427997E+00  1.000000E+01     6  9.125681E+01 -1.182008E+01  8.932177E+01 -1.869296E+01
  1.427997E+00  2.000000E+01     1  2.767531E+00  1.132395E+02 -1.091999E+00  2.542984E+00
  1.427997E+00  2.000000E+01     2  3.284536E+00  1.318332E+02 -2.190669E+00  2.447274E+00
  1.427997E+00  2.000000E+01     3  1.678891E+00  1.308083E+01  1.635327E+00  3.799759E-01
  1.427997E+00  2.000000E+01     4  1.116987E+01 -6.439783E+01  4.826725E+00 -1.007317E+01
  1.427997E+00  2.000000E+01     5  1.289097E+01 -1.049337E+02 -3.322018E+00 -1.245557E+01
  1.427997E+00  2.000000E+01     6  5.158567E+01 -4.556723E+01  3.611368E+01 -3.683591E+01
  1.427997E+00  3.000000E+01     1  4.045943E+00  8.986564E+01  9.487700E-03  4.045932E+00
  1.427997E+00  3.000000E+01     2  2.222618E+00  8.359133E+01  2.480871E-01  2.208729E+00
  1.427997E+00  3.000000E+01     3  5.033157E-01  5.506614E+01  2.882140E-01  4.126251E-01
  1.427997E+00  3.000000E+01     4  2.656125E+01 -1.215450E+02 -1.389601E+01 -2.263627E+01
  1.427997E+00  3.000000E+01     5  1.777168E+01  5.548516E+01  1.006978E+01  1.464350E+01
  1.427997E+00  3.000000E+01     6  1.710757E+02  1.411217E+02 -1.331791E+02  1.073788E+02
  1.427997E+00  4.000000E+01     1  6.526180E+00 -8.459392E+01  6.148577E-01 -6.497151E+00
  1.427997E+00  4.000000E+01     2  7.004954E+00 -7.939346E+01  1.289357E+00 -6.885270E+00
  1.427997E+00  4.000000E+01     3  1.081074E+00 -1.707940E+02 -1.067149E+00 -1.729558E-01
  1.427997E+00  4.000000E+01     4  1.392527E+00 -1.191345E+02 -6.779685E-01 -1.216343E+00
  1.427997E+00  4.000000E+01     5  1.741316E+01  1.078719E+02 -5.343930E+00  1.657289E+01
  1.427997E+00  4.000000E+01     6  2.488446E+02 -3.090969E+01  2.135032E+02 -1.278281E+02
  1.427997E+00  5.000000E+01     1  7.004939E+00 -7.939332E+01  1.289371E+00 -6.885252E+00
  1.427997E+00  5.000000E+01     2  6.526202E+00 -8.459368E+01  6.148862E-01 -6.497170E+00
  1.427997E+00  5.000000E+01     3  1.081284E+00 -1.707995E+02 -1.067373E+00 -1.728867E-01
  1.427997E+00  5.000000E+01     4  1.741260E+01 -7.213047E+01  5.343065E+00 -1.657258E+01
  1.427997E+00  5.000000E+01     5  1.392905E+00  6.086283E+01  6.782085E-01  1.216642E+00
  1.427997E+00  5.000000E+01     6  2.488447E+02  1.490904E+02 -2.135035E+02  1.278277E+02
  1.427997E+00  6.000000E+01     1  2.222638E+00  8.358848E+01  2.481994E-01  2.208737E+00
  1.427997E+00  6.000000E+01     2  4.045940E+00  8.986565E+01  9.487093E-03  4.045929E+00
  1.427997E+00  6.000000E+01     3  5.033109E-01  5.503400E+01  2.884426E-01  4.124594E-01
  1.427997E+00  6.000000E+01     4  1.777164E+01 -1.245138E+02 -1.006951E+01 -1.464364E+01
  1.427997E+00  6.000000E+01     5  2.656232E+01  5.845015E+01  1.389847E+01  2.263601E+01
  1.427997E+00  6.000000E+01     6  1.710761E+02 -3.887829E+01  1.331795E+02 -1.073790E+02
  1.427997E+00  7.000000E+01     1  3.284601E+00  1.318344E+02 -2.190762E+00  2.447277E+00
  1.427997E+00  7.000000E+01     2  2.767455E+00  1.132382E+02 -1.091913E+00  2.542938E+00
  1.427997E+00  7.000000E+01     3  1.678799E+00  1.308831E+01  1.635187E+00  3.801683E-01
  1.427997E+00  7.000000E+01     4  1.289126E+01  7.507612E+01  3.319959E+00  1.245642E+01
  1.427997E+00  7.000000E+01     5  1.117080E+01  1.156139E+02 -4.829182E+00  1.007302E+01
  1.427997E+00  7.000000E+01     6  5.158623E+01  1.344328E+02 -3.611409E+01  3.683628E+01
  1.427997E+00  8.000000E+01     1  1.291623E+00 -1.607063E+02 -1.219082E+00 -4.267656E-01
  1.427997E+00  8.000000E+01     2  7.150611E+00 -1.395419E+02 -5.440766E+00 -4.639969E+00
  1.427997E+00  8.000000E+01     3  3.033107E+00 -1.660925E+02 -2.944191E+00 -7.290247E-01
  1.427997E+00  8.000000E+01     4  1.151501E+01  1.670866E+02 -1.122378E+01  2.573354E+00
  1.427997E+00  8.000000E+01     5  1.540884E+01 -3.155986E+01  1.312978E+01 -8.064820E+00
  1.427997E+00  8.000000E+01     6  9.125714E+01  1.681802E+02 -8.932220E+01  1.869254E+01
  1.427997E+00  9.000000E+01     1  4.808076E-06 -7.506221E+01  1.239379E-06 -4.645593E-06
  1.427997E+00  9.000000E+01     2  3.252444E+01  5.398525E+01  1.912416E+01  2.630790E+01
  1.427997E+00  9.000000E+01     3  1.295818E+00 -1.468974E+02 -1.085499E+00 -7.076972E-01
  1.427997E+00  9.000000E+01     4  4.969547E+01  9.387038E+01 -3.354423E+00  4.958213E+01
  1.427997E+00  9.000000E+01     5  3.243465E-05  1.071325E+02 -9.554663E-06  3.099541E-05
  1.427997E+00  9.000000E+01     6  2.254702E-04  1.505941E+02 -1.964214E-04  1.107043E-04
  1.411952E+00  0.000000E+00     1  3.208521E+01  1.028468E+02 -7.133996E+00  3.128206E+01
  1.411952E+00  0.000000E+00     2  0.000000E+00  9.000000E+01  0.000000E+00  0.000000E+00
  1.411952E+00  0.000000E+00     3  1.119150E+00 -2.713435E+01  9.959757E-01 -5.104203E-01
  1.411952E+00  0.000000E+00     4  0.000000E+00  9.000000E+01  0.000000E+00  0.000000E+00
  1.411952E+00  0.000000E+00     5  3.211933E+01 -5.642130E+01  1.776462E+01 -2.675948E+01
  1.411952E+00  0.000000E+00     6  0.000000E+00  9.000000E+01  0.000000E+00  0.000000E+00
  1.411952E+00  1.000000E+01     1  5.706885E+00 -1.053789E+02 -1.513475E+00 -5.502539E+00
  1.411952E+00  1.000000E+01     2  2.529084E-01 -1.620703E+02 -2.406259E-01 -7.785783E-02
  1.411952E+00  1.000000E+01     3  9.701016E-01  1.717424E+02 -9.600438E-01  1.393302E-01
  1.411952E+00  1.000000E+01     4  1.141017E+01  1.135244E+02 -4.554248E+00  1.046188E+01
  1.411952E+00  1.000000E+01     5  1.798990E+01 -2.739119E+01  1.597298E+01 -8.276490E+00
  1.411952E+00  1.000000E+01     6  7.180844E+01  1.075514E+01  7.054703E+01  1.340032E+01
  1.411952E+00  2.000000E+01     1  3.923756E+00 -1.481282E+02 -3.332179E+00 -2.071821E+00
  1.411952E+00  2.000000E+01     2  2.140778E+00 -1.383821E+02 -1.600425E+00 -1.421819E+00
  1.411952E+00  2.000000E+01     3  4.172997E-01 -2.069811E+00  4.170274E-01 -1.507168E-02
  1.411952E+00  2.000000E+01     4  1.385312E+01 -7.546923E+01  3.475746E+00 -1.341000E+01
  1.411952E+00  2.000000E+01     5  7.554271E+00  1.334320E+02 -5.193510E+00  5.485843E+00
  1.411952E+00  2.000000E+01     6  4.783112E+01 -6.258387E+01  2.202382E+01 -4.245900E+01
  1.411952E+00  3.000000E+01     1  4.618686E+00  8.194429E+01  6.472433E-01  4.573110E+00
  1.411952E+00  3.000000E+01     2  1.670863E+00  1.132655E+02 -6.599783E-01  1.534995E+00
  1.411952E+00  3.000000E+01     3  9.386364E-01  1.057162E+02 -2.542503E-01  9.035459E-01
  1.411952E+00  3.000000E+01     4  1.349314E+01  1.042585E+02 -3.323313E+00  1.307748E+01
  1.411952E+00  3.000000E+01     5  1.093557E+00 -1.116456E+02 -4.033743E-01 -1.016443E+00
  1.411952E+00  3.000000E+01     6  1.418056E+02  1.650824E+02 -1.370263E+02  3.650497E+01
  1.411952E+00  4.000000E+01     1  3.533400E+00  7.777918E+00  3.500893E+00  4.781882E-01
  1.411952E+00  4.000000E+01     2  3.063561E+00 -4.115950E+01  2.306495E+00 -2.016305E+00
  1.411952E+00  4.000000E+01     3  7.472431E-01  1.780911E+02 -7.468284E-01  2.489046E-02
  1.411952E+00  4.000000E+01     4  5.094515E-01  9.873518E+00  5.019059E-01  8.735757E-02
  1.411952E+00  4.000000E+01     5  1.849272E+00 -8.537168E+01  1.492206E-01 -1.843242E+00
  1.411952E+00  4.000000E+01     6  2.528168E+02 -1.139189E+01  2.478361E+02 -4.993601E+01
  1.411952E+00  5.000000E+01     1  3.063559E+00 -4.115869E+01  2.306522E+00 -2.016271E+00
  1.411952E+00  5.000000E+01     2  3.533453E+00  7.777285E+00  3.500950E+00  4.781566E-01
  1.411952E+00  5.000000E+01     3  7.474821E-01  1.780828E+02 -7.470637E-01  2.500711E-02
  1.411952E+00  5.000000E+01     4  1.850047E+00  9.467067E+01 -1.506462E-01  1.843904E+00
  1.411952E+00  5.000000E+01     5  5.088710E-01 -1.701960E+02 -5.014395E-01 -8.664963E-02
  1.411952E+00  5.000000E+01     6  2.528166E+02  1.686081E+02 -2.478359E+02  4.993599E+01
  1.411952E+00  6.000000E+01     1  1.670781E+00  1.132667E+02 -6.599768E-01  1.534907E+00
  1.411952E+00  6.000000E+01     2  4.618804E+00  8.194394E+01  6.472883E-01  4.573224E+00
  1.411952E+00  6.000000E+01     3  9.384751E-01  1.057056E+02 -2.540399E-01  9.034374E-01
  1.411952E+00  6.000000E+01     4  1.091736E+00  6.834389E+01  4.028887E-01  1.014677E+00
  1.411952E+00  6.000000E+01     5  1.349536E+01 -7.574306E+01  3.323510E+00 -1.307971E+01
  1.411952E+00  6.000000E+01     6  1.418047E+02 -1.491766E+01  1.370254E+02 -3.650486E+01
  1.411952E+00  7.000000E+01     1  2.140792E+00 -1.383828E+02 -1.600454E+00 -1.421808E+00
  1.411952E+00  7.000000E+01     2  3.923810E+00 -1.481263E+02 -3.332157E+00 -2.071960E+00
  1.411952E+00  7.000000E+01     3  4.173077E-01 -2.038782E+00  4.170436E-01 -1.484612E-02
  1.411952E+00  7.000000E+01     4  7.552109E+00 -4.655639E+01  5.193135E+00 -5.483221E+00
  1.411952E+00  7.000000E+01     5  1.385380E+01  1.045324E+02 -3.476311E+00  1.341056E+01
  1.411952E+00  7.000000E+01     6  4.783144E+01  1.174154E+02 -2.202343E+01  4.245957E+01
  1.411952E+00  8.000000E+01     1  2.528491E-01 -1.620584E+02 -2.405533E-01 -7.788958E-02
  1.411952E+00  8.000000E+01     2  5.706771E+00 -1.053806E+02 -1.513605E+00 -5.502385E+00
  1.411952E+00  8.000000E+01     3  9.702311E-01  1.717476E+02 -9.601846E-01  1.392619E-01
  1.411952E+00  8.000000E+01     4  1.798564E+01  1.526145E+02 -1.597002E+01  8.272939E+00
  1.411952E+00  8.000000E+01     5  1.141148E+01 -6.647309E+01  4.555230E+00 -1.046287E+01
  1.411952E+00  8.000000E+01     6  7.180914E+01 -1.692447E+02 -7.054768E+01 -1.340068E+01
  1.411952E+00  9.000000E+01     1  3.674749E-06 -5.287656E+01  2.217837E-06 -2.930013E-06
  1.411952E+00  9.000000E+01     2  3.208515E+01  1.028469E+02 -7.134034E+00  3.128198E+01
  1.411952E+00  9.000000E+01     3  1.118852E+00 -2.713968E+01  9.956628E-01 -5.103768E-01
  1.411952E+00  9.000000E+01     4  3.212071E+01  1.235765E+02 -1.776437E+01  2.676130E+01
  1.411952E+00  9.000000E+01     5  2.803470E-05 -3.042829E+01  2.417331E-05 -1.419845E-05
  1.411952E+00  9.000000E+01     6  2.933830E-04 -1.740979E+02 -2.918278E-04 -3.016812E-05
  1.396264E+00  0.000000E+00     1  2.695325E+01  1.465690E+02 -2.249384E+01  1.484940E+01
  1.396264E+00  0.000000E+00     2  0.000000E+00  9.000000E+01  0.000000E+00  0.000000E+00
  1.396264E+00  0.000000E+00     3  4.629439E-01  3.647112E+01  3.722794E-01  2.751820E-01
  1.396264E+00  0.000000E+00     4  0.000000E+00  9.000000E+01  0.000000E+00  0.000000E+00
  1.396264E+00  0.000000E+00     5  9.645543E+00 -7.055714E+00  9.572499E+00 -1.184805E+00
  1.396264E+00  0.000000E+00     6  0.000000E+00  9.000000E+01  0.000000E+00  0.000000E+00
  1.396264E+00  1.000000E+01     1  5.031302E+00 -7.256067E+01  1.507860E+00 -4.800037E+00
  1.396264E+00  1.000000E+01     2  3.060896E-01  2.134240E+00  3.058773E-01  1.139905E-02
  1.396264E+00  1.000000E+01     3  7.902413E-02  2.292175E+01  7.278419E-02  3.077782E-02
  1.396264E+00  1.000000E+01     4  2.398251E+00 -1.678012E+02 -2.344099E+00 -5.067620E-01
  1.396264E+00  1.000000E+01     5  1.657697E+01 -1.796019E+02 -1.657657E+01 -1.151828E-01
  1.396264E+00  1.000000E+01     6  6.428149E+01  6.447617E+01  2.769802E+01  5.800801E+01
  1.396264E+00  2.000000E+01     1  5.345264E+00 -1.223909E+02 -2.863418E+00 -4.513612E+00
  1.396264E+00  2.000000E+01     2  2.146049E+00 -1.272594E+02 -1.299272E+00 -1.708045E+00
  1.396264E+00  2.000000E+01     3  1.145458E-01  1.706208E+02 -1.130145E-01  1.866731E-02
  1.396264E+00  2.000000E+01     4  3.314088E+00 -2.407083E+01  3.025901E+00 -1.351703E+00
  1.396264E+00  2.000000E+01     5  7.178878E+00  2.773725E+01  6.353962E+00  3.341177E+00
  1.396264E+00  2.000000E+01     6  4.382725E+01 -5.010429E+01  2.811046E+01 -3.362484E+01
  1.396264E+00  3.000000E+01     1  4.487314E+00  1.023920E+02 -9.629743E-01  4.382769E+00
  1.396264E+00  3.000000E+01     2  2.054150E+00  8.364496E+01  2.273721E-01  2.041527E+00
  1.396264E+00  3.000000E+01     3  5.156305E-01  3.891043E+01  4.012270E-01  3.238699E-01
  1.396264E+00  3.000000E+01     4  2.766892E+00  4.128128E+01  2.079263E+00  1.825474E+00
  1.396264E+00  3.000000E+01     5  2.946048E+01 -9.768131E+01 -3.937773E+00 -2.919612E+01
  1.396264E+00  3.000000E+01     6  4.898346E+01 -1.654071E+02 -4.740327E+01 -1.234135E+01
  1.396264E+00  4.000000E+01     1  2.365519E+00  7.114406E+01  7.645117E-01  2.238571E+00
  1.396264E+00  4.000000E+01     2  3.114985E+00  9.880382E+01 -4.767538E-01  3.078285E+00
  1.396264E+00  4.000000E+01     3  1.273030E+00 -1.379822E+02 -9.457817E-01 -8.521169E-01
  1.396264E+00  4.000000E+01     4  2.472098E+01  9.407729E+01 -1.757711E+00  2.465841E+01
  1.396264E+00  4.000000E+01     5  1.074584E+01  9.962967E+01 -1.797557E+00  1.059443E+01
  1.396264E+00  4.000000E+01     6  2.288045E+02  3.388173E+00  2.284046E+02  1.352242E+01
  1.396264E+00  5.000000E+01     1  3.115082E+00  9.880370E+01 -4.767618E-01  3.078382E+00
  1.396264E+00  5.000000E+01     2  2.365514E+00  7.114424E+01  7.645031E-01  2.238569E+00
  1.396264E+00  5.000000E+01     3  1.273265E+00 -1.379929E+02 -9.461144E-01 -8.520986E-01
  1.396264E+00  5.000000E+01     4  1.074589E+01 -8.036880E+01  1.797850E+00 -1.059443E+01
  1.396264E+00  5.000000E+01     5  2.471877E+01 -8.592388E+01  1.757051E+00 -2.465624E+01
  1.396264E+00  5.000000E+01     6  2.288051E+02 -1.766117E+02 -2.284051E+02 -1.352283E+01
  1.396264E+00  6.000000E+01     1  2.053980E+00  8.364545E+01  2.273358E-01  2.041360E+00
  1.396264E+00  6.000000E+01     2  4.487404E+00  1.023922E+02 -9.630077E-01  4.382854E+00
  1.396264E+00  6.000000E+01     3  5.157319E-01  3.889381E+01  4.013999E-01  3.238173E-01
  1.396264E+00  6.000000E+01     4  2.945847E+01  8.231741E+01  3.938155E+00  2.919404E+01
  1.396264E+00  6.000000E+01     5  2.769964E+00 -1.386760E+02 -2.080209E+00 -1.829053E+00
  1.396264E+00  6.000000E+01     6  4.898272E+01  1.459302E+01  4.740253E+01  1.234127E+01
  1.396264E+00  7.000000E+01     1  2.145899E+00 -1.272590E+02 -1.299168E+00 -1.707935E+00
  1.396264E+00  7.000000E+01     2  5.345364E+00 -1.223906E+02 -2.863447E+00 -4.513711E+00
  1.396264E+00  7.000000E+01     3  1.144664E-01  1.705402E+02 -1.129098E-01  1.881327E-02
  1.396264E+00  7.000000E+01     4  7.177413E+00 -1.522766E+02 -6.353471E+00 -3.338960E+00
  1.396264E+00  7.000000E+01     5  3.313325E+00  1.558773E+02 -3.023979E+00  1.354133E+00
  1.396264E+00  7.000000E+01     6  4.382732E+01  1.298949E+02 -2.810999E+01  3.362533E+01
  1.396264E+00  8.000000E+01     1  3.061295E-01  2.127309E+00  3.059185E-01  1.136353E-02
  1.396264E+00  8.000000E+01     2  5.031191E+00 -7.256226E+01  1.507693E+00 -4.799973E+00
  1.396264E+00  8.000000E+01     3  7.877342E-02  2.289285E+01  7.256874E-02  3.064356E-02
  1.396264E+00  8.000000E+01     4  1.657968E+01  3.933792E-01  1.657929E+01  1.138313E-01
  1.396264E+00  8.000000E+01     5  2.398557E+00  1.217594E+01  2.344600E+00  5.058899E-01
  1.396264E+00  8.000000E+01     6  6.428121E+01 -1.155242E+02 -2.769825E+01 -5.800759E+01
  1.396264E+00  9.000000E+01     1  3.867017E-06 -7.630535E+01  9.155062E-07 -3.757082E-06
  1.396264E+00  9.000000E+01     2  2.695326E+01  1.465696E+02 -2.249400E+01  1.484918E+01
  1.396264E+00  9.000000E+01     3  4.628544E-01  3.647783E+01  3.721752E-01  2.751724E-01
  1.396264E+00  9.000000E+01     4  9.643487E+00  1.729193E+02 -9.569941E+00  1.188732E+00
  1.396264E+00  9.000000E+01     5  2.338069E-05 -1.149338E+02 -9.856605E-06 -2.120150E-05
  1.396264E+00  9.000000E+01     6  1.959657E-04 -1.449634E+02 -1.604539E-04 -1.125037E-04
  1.380920E+00  0.000000E+00     1  2.980968E+01 -1.271386E+02 -1.799743E+01 -2.376361E+01
  1.380920E+00  0.000000E+00     2  0.000000E+00  9.000000E+01  0.000000E+00  0.000000E+00
  1.380920E+00  0.000000E+00     3  1.660884E-01 -9.722021E+00  1.637031E-01 -2.804705E-02
  1.380920E+00  0.000000E+00     4  0.000000E+00  9.000000E+01  0.000000E+00  0.000000E+00
  1.380920E+00  0.000000E+00     5  2.586817E+01  6.720674E+01  1.002151E+01  2.384809E+01
  1.380920E+00  0.000000E+00     6  0.000000E+00  9.000000E+01  0.000000E+00  0.000000E+00
  1.380920E+00  1.000000E+01     1  3.730354E+00  4.914110E+01  2.440392E+00  2.821352E+00
  1.380920E+00  1.000000E+01     2  1.260857E+00  2.032895E+01  1.182323E+00  4.380337E-01
  1.380920E+00  1.000000E+01     3  2.233118E-01 -2.282582E+01  2.058239E-01 -8.662957E-02
  1.380920E+00  1.000000E+01     4  3.870694E+00 -8.042121E+01  6.440982E-01 -3.816728E+00
  1.380920E+00  1.000000E+01     5  1.859918E+01  1.627670E+02 -1.776423E+01  5.510149E+00
  1.380920E+00  1.000000E+01     6  6.879778E+01  1.329117E+02 -4.684234E+01  5.038780E+01
  1.380920E+00  2.000000E+01     1  4.509924E+00 -8.089720E+01  7.134989E-01 -4.453126E+00
  1.380920E+00  2.000000E+01     2  3.312543E+00 -1.266659E+02 -1.978079E+00 -2.657093E+00
  1.380920E+00  2.000000E+01     3  1.221349E-01 -1.074612E+02 -3.664777E-02 -1.165070E-01
  1.380920E+00  2.000000E+01     4  1.501520E+01 -3.554173E+00  1.498632E+01 -9.308261E-01
  1.380920E+00  2.000000E+01     5  6.233782E+00  6.254593E+00  6.196676E+00  6.791491E-01
  1.380920E+00  2.000000E+01     6  4.969888E+01 -1.785101E+02 -4.968208E+01 -1.292198E+00
  1.380920E+00  3.000000E+01     1  7.380904E+00  8.206214E+01  1.019296E+00  7.310184E+00
  1.380920E+00  3.000000E+01     2  3.683290E+00  8.294199E+01  4.525817E-01  3.655379E+00
  1.380920E+00  3.000000E+01     3  1.423591E+00  6.204583E+01  6.673300E-01  1.257491E+00
  1.380920E+00  3.000000E+01     4  4.692657E+00  2.159575E+01  4.363251E+00  1.727159E+00
  1.380920E+00  3.000000E+01     5  2.756963E+00  1.771344E+02 -2.753515E+00  1.378283E-01
  1.380920E+00  3.000000E+01     6  4.777645E+01 -3.669324E+00  4.767850E+01 -3.057598E+00
  1.380920E+00  4.000000E+01     1  2.995466E+00 -1.662366E+02 -2.909455E+00 -7.126625E-01
  1.380920E+00  4.000000E+01     2  3.860692E+00 -1.264952E+02 -2.296165E+00 -3.103638E+00
  1.380920E+00  4.000000E+01     3  4.863140E-01 -1.148863E+02 -2.046502E-01 -4.411572E-01
  1.380920E+00  4.000000E+01     4  1.779151E+01  9.059290E+01 -1.841041E-01  1.779056E+01
  1.380920E+00  4.000000E+01     5  1.389754E+01  7.653984E+00  1.377372E+01  1.851017E+00
  1.380920E+00  4.000000E+01     6  1.900523E+02  1.702654E+01  1.817222E+02  5.565012E+01
  1.380920E+00  5.000000E+01     1  3.860628E+00 -1.264967E+02 -2.296210E+00 -3.103525E+00
  1.380920E+00  5.000000E+01     2  2.995438E+00 -1.662366E+02 -2.909428E+00 -7.126542E-01
  1.380920E+00  5.000000E+01     3  4.864598E-01 -1.149161E+02 -2.049413E-01 -4.411827E-01
  1.380920E+00  5.000000E+01     4  1.389787E+01 -1.723475E+02 -1.377410E+01 -1.850699E+00
  1.380920E+00  5.000000E+01     5  1.778913E+01 -8.940945E+01  1.833521E-01 -1.778819E+01
  1.380920E+00  5.000000E+01     6  1.900531E+02 -1.629734E+02 -1.817229E+02 -5.565048E+01
  1.380920E+00  6.000000E+01     1  3.683052E+00  8.294251E+01  4.525190E-01  3.655147E+00
  1.380920E+00  6.000000E+01     2  7.381075E+00  8.206266E+01  1.019253E+00  7.310362E+00
  1.380920E+00  6.000000E+01     3  1.423648E+00  6.204009E+01  6.674825E-01  1.257474E+00
  1.380920E+00  6.000000E+01     4  2.757556E+00 -2.935180E+00  2.753938E+00 -1.412039E-01
  1.380920E+00  6.000000E+01     5  4.695557E+00 -1.583651E+02 -4.364765E+00 -1.731208E+00
  1.380920E+00  6.000000E+01     6  4.777624E+01  1.763311E+02 -4.767832E+01  3.057278E+00
  1.380920E+00  7.000000E+01     1  3.312362E+00 -1.266669E+02 -1.978017E+00 -2.656914E+00
  1.380920E+00  7.000000E+01     2  4.509995E+00 -8.089812E+01  7.134383E-01 -4.453207E+00
  1.380920E+00  7.000000E+01     3  1.220774E-01 -1.074674E+02 -3.664309E-02 -1.164481E-01
  1.380920E+00  7.000000E+01     4  6.232416E+00 -1.737634E+02 -6.195530E+00 -6.770602E-01
  1.380920E+00  7.000000E+01     5  1.501362E+01  1.764323E+02 -1.498453E+01  9.342772E-01
  1.380920E+00  7.000000E+01     6  4.969904E+01  1.489806E+00  4.968224E+01  1.292129E+00
  1.380920E+00  8.000000E+01     1  1.260753E+00  2.032962E+01  1.182220E+00  4.380114E-01
  1.380920E+00  8.000000E+01     2  3.730426E+00  4.914057E+01  2.440465E+00  2.821384E+00
  1.380920E+00  8.000000E+01     3  2.234029E-01 -2.284257E+01  2.058825E-01 -8.672509E-02
  1.380920E+00  8.000000E+01     4  1.859818E+01 -1.723582E+01  1.776300E+01 -5.510736E+00
  1.380920E+00  8.000000E+01     5  3.870611E+00  9.961698E+01 -6.466277E-01  3.816216E+00
  1.380920E+00  8.000000E+01     6  6.879811E+01 -4.708857E+01  4.684237E+01 -5.038822E+01
  1.380920E+00  9.000000E+01     1  4.562720E-06  7.833516E+01  9.225200E-07  4.468487E-06
  1.380920E+00  9.000000E+01     2  2.980978E+01 -1.271384E+02 -1.799741E+01 -2.376376E+01
  1.380920E+00  9.000000E+01     3  1.661537E-01 -9.701541E+00  1.637775E-01 -2.799954E-02
  1.380920E+00  9.000000E+01     4  2.586505E+01 -1.127987E+02 -1.002255E+01 -2.384427E+01
  1.380920E+00  9.000000E+01     5  3.498426E-05 -5.801296E+01  1.853212E-05 -2.967252E-05
  1.380920E+00  9.000000E+01     6  2.086903E-04 -3.300938E+01  1.750038E-04 -1.136895E-04
  1.365910E+00  0.000000E+00     1  3.116228E+01 -7.312121E+01  9.047910E+00 -2.981985E+01
  1.365910E+00  0.000000E+00     2  0.000000E+00  9.000000E+01  0.000000E+00  0.000000E+00
  1.365910E+00  0.000000E+00     3  6.931576E-01  7.413776E+01  1.894576E-01  6.667633E-01
  1.365910E+00  0.000000E+00     4  0.000000E+00  9.000000E+01  0.000000E+00  0.000000E+00
  1.365910E+00  0.000000E+00     5  1.738531E+01  1.150676E+02 -7.365934E+00  1.574776E+01
  1.365910E+00  0.000000E+00     6  0.000000E+00  9.000000E+01  0.000000E+00  0.000000E+00
  1.365910E+00  1.000000E+01     1  2.045836E+00  5.863816E+01  1.064737E+00  1.746935E+00
  1.365910E+00  1.000000E+01     2  1.690763E-01 -4.224940E+01  1.251545E-01 -1.136800E-01
  1.365910E+00  1.000000E+01     3  1.423370E+00 -1.130210E+02 -5.566343E-01 -1.310015E+00
  1.365910E+00  1.000000E+01     4  9.544015E+00 -4.823822E+01  6.356648E+00 -7.119076E+00
  1.365910E+00  1.000000E+01     5  1.657799E+01  1.271065E+02 -1.000148E+01  1.322120E+01
  1.365910E+00  1.000000E+01     6  5.672333E+01 -1.754234E+02 -5.654247E+01 -4.526001E+00
  1.365910E+00  2.000000E+01     1  1.384758E+00 -1.559887E+01  1.333754E+00 -3.723624E-01
  1.365910E+00  2.000000E+01     2  5.609787E-01  1.359285E+02 -4.030477E-01  3.901918E-01
  1.365910E+00  2.000000E+01     3  9.664032E-01  1.269087E+02 -5.803655E-01  7.727296E-01
  1.365910E+00  2.000000E+01     4  8.955848E+00 -7.069855E+01  2.960251E+00 -8.452463E+00
  1.365910E+00  2.000000E+01     5  1.877449E+01 -2.673079E+01  1.676806E+01 -8.444749E+00
  1.365910E+00  2.000000E+01     6  1.009919E+02  1.604135E+02 -9.514816E+01  3.385555E+01
  1.365910E+00  3.000000E+01     1  6.602222E+00  9.840804E+01 -9.653893E-01  6.531260E+00
  1.365910E+00  3.000000E+01     2  3.834887E+00  8.573824E+01  2.849828E-01  3.824283E+00
  1.365910E+00  3.000000E+01     3  6.055062E-01 -5.166996E+00  6.030456E-01 -5.453122E-02
  1.365910E+00  3.000000E+01     4  1.424198E+01 -1.695572E+02 -1.400608E+01 -2.581414E+00
  1.365910E+00  3.000000E+01     5  1.163976E+01  1.726107E+02 -1.154309E+01  1.496995E+00
  1.365910E+00  3.000000E+01     6  1.053591E+02  2.420269E+01  9.609814E+01  4.319365E+01
  1.365910E+00  4.000000E+01     1  9.080226E+00 -8.490331E+01  8.066575E-01 -9.044325E+00
  1.365910E+00  4.000000E+01     2  7.877670E+00 -8.937791E+01  8.553161E-02 -7.877205E+00
  1.365910E+00  4.000000E+01     3  2.849108E-01  1.399111E+02 -2.179699E-01  1.834756E-01
  1.365910E+00  4.000000E+01     4  4.036564E+00  7.777904E+01  8.544695E-01  3.945089E+00
  1.365910E+00  4.000000E+01     5  2.299878E+01  8.479087E+01  2.088090E+00  2.290380E+01
  1.365910E+00  4.000000E+01     6  1.427517E+02  2.761441E+01  1.264905E+02  6.616813E+01
  1.365910E+00  5.000000E+01     1  7.877654E+00 -8.937843E+01  8.545953E-02 -7.877190E+00
  1.365910E+00  5.000000E+01     2  9.080372E+00 -8.490330E+01  8.066735E-01 -9.044470E+00
  1.365910E+00  5.000000E+01     3  2.850195E-01  1.399620E+02 -2.182162E-01  1.833517E-01
  1.365910E+00  5.000000E+01     4  2.299563E+01 -9.521154E+01 -2.088766E+00 -2.290057E+01
  1.365910E+00  5.000000E+01     5  4.036538E+00 -1.022401E+02 -8.557821E-01 -3.944778E+00
  1.365910E+00  5.000000E+01     6  1.427518E+02 -1.523855E+02 -1.264904E+02 -6.616829E+01
  1.365910E+00  6.000000E+01     1  3.834781E+00  8.573756E+01  2.850206E-01  3.824174E+00
  1.365910E+00  6.000000E+01     2  6.602388E+00  9.840733E+01 -9.653327E-01  6.531436E+00
  1.365910E+00  6.000000E+01     3  6.055291E-01 -5.172361E+00  6.030634E-01 -5.458976E-02
  1.365910E+00  6.000000E+01     4  1.163979E+01 -7.407910E+00  1.154264E+01 -1.500748E+00
  1.365910E+00  6.000000E+01     5  1.424215E+01  1.043235E+01  1.400671E+01  2.578889E+00
  1.365910E+00  6.000000E+01     6  1.053590E+02 -1.557973E+02 -9.609805E+01 -4.319355E+01
  1.365910E+00  7.000000E+01     1  5.610544E-01  1.359119E+02 -4.029889E-01  3.903614E-01
  1.365910E+00  7.000000E+01     2  1.384683E+00 -1.560168E+01  1.333664E+00 -3.724080E-01
  1.365910E+00  7.000000E+01     3  9.663952E-01  1.269072E+02 -5.803404E-01  7.727385E-01
  1.365910E+00  7.000000E+01     4  1.877398E+01  1.532649E+02 -1.676696E+01  8.445776E+00
  1.365910E+00  7.000000E+01     5  8.958872E+00  1.092834E+02 -2.958591E+00  8.456247E+00
  1.365910E+00  7.000000E+01     6  1.009927E+02 -1.958687E+01  9.514872E+01 -3.385637E+01
  1.365910E+00  8.000000E+01     1  1.690940E-01 -4.225425E+01  1.251580E-01 -1.137024E-01
  1.365910E+00  8.000000E+01     2  2.045866E+00  5.863549E+01  1.064834E+00  1.746911E+00
  1.365910E+00  8.000000E+01     3  1.423391E+00 -1.130178E+02 -5.565702E-01 -1.310065E+00
  1.365910E+00  8.000000E+01     4  1.657675E+01 -5.289727E+01  9.999858E+00 -1.322087E+01
  1.365910E+00  8.000000E+01     5  9.544168E+00  1.317645E+02 -6.357084E+00  7.118893E+00
  1.365910E+00  8.000000E+01     6  5.672359E+01  4.576919E+00  5.654270E+01  4.526393E+00
  1.365910E+00  9.000000E+01     1  1.854066E-06  8.482810E+01  1.671333E-07  1.846518E-06
  1.365910E+00  9.000000E+01     2  3.116223E+01 -7.312125E+01  9.047872E+00 -2.981980E+01
  1.365910E+00  9.000000E+01     3  6.933535E-01  7.411950E+01  1.897237E-01  6.668913E-01
  1.365910E+00  9.000000E+01     4  1.738598E+01 -6.492989E+01  7.366910E+00 -1.574805E+01
  1.365910E+00  9.000000E+01     5  2.086318E-05 -3.310192E+01  1.747710E-05 -1.139401E-05
  1.365910E+00  9.000000E+01     6  2.620731E-04  1.809626E+01  2.491100E-04  8.140367E-05
  1.351223E+00  0.000000E+00     1  2.356978E+01 -4.460495E+01  1.678087E+01 -1.655104E+01
  1.351223E+00  0.000000E+00     2  0.000000E+00  9.000000E+01  0.000000E+00  0.000000E+00
  1.351223E+00  0.000000E+00     3  8.213132E-01 -5.445671E+01  4.774441E-01 -6.682833E-01
  1.351223E+00  0.000000E+00     4  0.000000E+00  9.000000E+01  0.000000E+00  0.000000E+00
  1.351223E+00  0.000000E+00     5  2.239320E+01  1.560031E+02 -2.045769E+01  9.107038E+00
  1.351223E+00  0.000000E+00     6  0.000000E+00  9.000000E+01  0.000000E+00  0.000000E+00
  1.351223E+00  1.000000E+01     1  3.242953E+00  7.740143E+01  7.073496E-01  3.164869E+00
  1.351223E+00  1.000000E+01     2  5.509925E-01  1.006539E+02 -1.018654E-01  5.414944E-01
  1.351223E+00  1.000000E+01     3  1.232971E+00 -1.313617E+02 -8.147606E-01 -9.254099E-01
  1.351223E+00  1.000000E+01     4  2.731644E+00 -6.334608E+01  1.225416E+00 -2.441359E+00
  1.351223E+00  1.000000E+01     5  1.603514E+01 -1.386536E+01  1.556790E+01 -3.842677E+00
  1.351223E+00  1.000000E+01     6  5.539579E+01 -1.479466E+02 -4.695091E+01 -2.939909E+01
  1.351223E+00  2.000000E+01     1  9.513438E-01 -7.210732E+00  9.438198E-01 -1.194118E-01
  1.351223E+00  2.000000E+01     2  1.838090E+00  1.440432E+02 -1.487860E+00  1.079281E+00
  1.351223E+00  2.000000E+01     3  1.572882E+00  7.883314E+01  3.046155E-01  1.543103E+00
  1.351223E+00  2.000000E+01     4  1.145871E+01 -1.254170E+02 -6.640581E+00 -9.338345E+00
  1.351223E+00  2.000000E+01     5  1.475047E+01 -8.542770E+01  1.175865E+00 -1.470353E+01
  1.351223E+00  2.000000E+01     6  1.424012E+02  1.756210E+02 -1.419855E+02  1.087289E+01
  1.351223E+00  3.000000E+01     1  5.065098E+00  1.075711E+02 -1.529100E+00  4.828776E+00
  1.351223E+00  3.000000E+01     2  1.430152E+00  1.426132E+02 -1.136334E+00  8.683780E-01
  1.351223E+00  3.000000E+01     3  4.544047E-01 -6.294950E+01  2.066522E-01 -4.046956E-01
  1.351223E+00  3.000000E+01     4  1.643217E+01  7.756809E+01  3.537505E+00  1.604688E+01
  1.351223E+00  3.000000E+01     5  5.654289E+00  1.171678E+02 -2.581734E+00  5.030470E+00
  1.351223E+00  3.000000E+01     6  1.404167E+02  3.729143E+01  1.117105E+02  8.507417E+01
  1.351223E+00  4.000000E+01     1  8.757173E+00 -3.835804E+01  6.866921E+00 -5.434470E+00
  1.351223E+00  4.000000E+01     2  8.192338E+00 -4.489559E+01  5.803405E+00 -5.782292E+00
  1.351223E+00  4.000000E+01     3  9.172362E-01  1.667881E+02 -8.929582E-01  2.096378E-01
  1.351223E+00  4.000000E+01     4  1.795674E+01 -3.623268E+00  1.792085E+01 -1.134791E+00
  1.351223E+00  4.000000E+01     5  1.943083E+01  7.255800E+01  5.824203E+00  1.853742E+01
  1.351223E+00  4.000000E+01     6  1.308893E+02  2.456379E+01  1.190437E+02  5.441149E+01
  1.351223E+00  5.000000E+01     1  8.192296E+00 -4.489631E+01  5.803302E+00 -5.782334E+00
  1.351223E+00  5.000000E+01     2  8.757277E+00 -3.835864E+01  6.866945E+00 -5.434607E+00
  1.351223E+00  5.000000E+01     3  9.173585E-01  1.667970E+02 -8.931099E-01  2.095264E-01
  1.351223E+00  5.000000E+01     4  1.942870E+01 -1.074466E+02 -5.825052E+00 -1.853491E+01
  1.351223E+00  5.000000E+01     5  1.795822E+01  1.763758E+02 -1.792230E+01  1.135163E+00
  1.351223E+00  5.000000E+01     6  1.308893E+02 -1.554363E+02 -1.190437E+02 -5.441135E+01
  1.351223E+00  6.000000E+01     1  1.430006E+00  1.426190E+02 -1.136305E+00  8.681752E-01
  1.351223E+00  6.000000E+01     2  5.065217E+00  1.075704E+02 -1.529077E+00  4.828907E+00
  1.351223E+00  6.000000E+01     3  4.544306E-01 -6.294984E+01  2.066615E-01 -4.047199E-01
  1.351223E+00  6.000000E+01     4  5.656545E+00 -6.284867E+01  2.581320E+00 -5.033218E+00
  1.351223E+00  6.000000E+01     5  1.643588E+01 -1.024276E+02 -3.537104E+00 -1.605077E+01
  1.351223E+00  6.000000E+01     6  1.404162E+02 -1.427085E+02 -1.117099E+02 -8.507404E+01
  1.351223E+00  7.000000E+01     1  1.838125E+00  1.440406E+02 -1.487840E+00  1.079369E+00
  1.351223E+00  7.000000E+01     2  9.514068E-01 -7.221345E+00  9.438602E-01 -1.195945E-01
  1.351223E+00  7.000000E+01     3  1.572850E+00  7.883098E+01  3.046672E-01  1.543060E+00
  1.351223E+00  7.000000E+01     4  1.475467E+01  9.457597E+01 -1.177140E+00  1.470764E+01
  1.351223E+00  7.000000E+01     5  1.146009E+01  5.457853E+01  6.642113E+00  9.338946E+00
  1.351223E+00  7.000000E+01     6  1.424017E+02 -4.379165E+00  1.419860E+02 -1.087329E+01
  1.351223E+00  8.000000E+01     1  5.509995E-01  1.006574E+02 -1.018999E-01  5.414950E-01
  1.351223E+00  8.000000E+01     2  3.243036E+00  7.739894E+01  7.075049E-01  3.164920E+00
  1.351223E+00  8.000000E+01     3  1.232854E+00 -1.313578E+02 -8.146200E-01 -9.253769E-01
  1.351223E+00  8.000000E+01     4  1.603783E+01  1.661412E+02 -1.557095E+01  3.841534E+00
  1.351223E+00  8.000000E+01     5  2.732788E+00  1.166740E+02 -1.226785E+00  2.441952E+00
  1.351223E+00  8.000000E+01     6  5.539603E+01  3.205372E+01  4.695095E+01  2.939946E+01
  1.351223E+00  9.000000E+01     1  3.497156E-06  1.201009E+02 -1.753907E-06  3.025543E-06
  1.351223E+00  9.000000E+01     2  2.356960E+01 -4.460463E+01  1.678083E+01 -1.655082E+01
  1.351223E+00  9.000000E+01     3  8.213255E-01 -5.444617E+01  4.775742E-01 -6.682054E-01
  1.351223E+00  9.000000E+01     4  2.239566E+01 -2.400865E+01  2.045807E+01 -9.112223E+00
  1.351223E+00  9.000000E+01     5  9.145459E-06 -9.553778E+01 -8.825551E-07 -9.102775E-06
  1.351223E+00  9.000000E+01     6  2.470129E-04  3.662216E+01  1.982493E-04  1.473519E-04
  1.336848E+00  0.000000E+00     1  2.945267E+01  6.049614E+01  1.450491E+01  2.563332E+01
  1.336848E+00  0.000000E+00     2  0.000000E+00  9.000000E+01  0.000000E+00  0.000000E+00
  1.336848E+00  0.000000E+00     3  9.192860E-01 -9.826711E+01 -1.321824E-01 -9.097332E-01
  1.336848E+00  0.000000E+00     4  0.000000E+00  9.000000E+01  0.000000E+00  0.000000E+00
  1.336848E+00  0.000000E+00     5  1.066821E+01 -8.349483E+01  1.208633E+00 -1.059952E+01
  1.336848E+00  0.000000E+00     6  0.000000E+00  9.000000E+01  0.000000E+00  0.000000E+00
  1.336848E+00  1.000000E+01     1  1.096903E+00 -1.768717E+02 -1.095268E+00 -5.986009E-02
  1.336848E+00  1.000000E+01     2  1.450587E+00  1.741606E+02 -1.443060E+00  1.475829E-01
  1.336848E+00  1.000000E+01     3  7.671802E-01 -1.272081E+02 -4.639230E-01 -6.110163E-01
  1.336848E+00  1.000000E+01     4  1.616238E+01 -1.607313E+01  1.553057E+01 -4.474782E+00
  1.336848E+00  1.000000E+01     5  2.626033E+01 -7.694628E+01  5.931275E+00 -2.558173E+01
  1.336848E+00  1.000000E+01     6  7.241273E+01 -6.938979E+01  2.548989E+01 -6.777808E+01
  1.336848E+00  2.000000E+01     1  3.077456E+00  1.173174E+02 -1.412302E+00  2.734253E+00
  1.336848E+00  2.000000E+01     2  8.646871E-01  1.208515E+02 -4.434243E-01  7.423334E-01
  1.336848E+00  2.000000E+01     3  1.827770E+00  4.119147E+01  1.375420E+00  1.203728E+00
  1.336848E+00  2.000000E+01     4  1.422568E+01  1.574292E+02 -1.313608E+01  5.460156E+00
  1.336848E+00  2.000000E+01     5  1.444987E+01  1.644864E+02 -1.392341E+01  3.864866E+00
  1.336848E+00  2.000000E+01     6  1.026297E+02  1.742601E+02 -1.021151E+02  1.026428E+01
  1.336848E+00  3.000000E+01     1  2.880650E+00  1.401859E+02 -2.212702E+00  1.844477E+00
  1.336848E+00  3.000000E+01     2  7.256348E-01  1.648309E+02 -7.003519E-01  1.898765E-01
  1.336848E+00  3.000000E+01     3  5.716444E-01 -7.594147E+01  1.388599E-01 -5.545226E-01
  1.336848E+00  3.000000E+01     4  2.255442E+01  9.039849E+01 -1.568643E-01  2.255388E+01
  1.336848E+00  3.000000E+01     5  1.616771E+01  1.281237E+02 -9.981329E+00  1.271880E+01
  1.336848E+00  3.000000E+01     6  1.667272E+02  3.492522E+01  1.366996E+02  9.545248E+01
  1.336848E+00  4.000000E+01     1  6.006189E+00  2.330890E+01  5.515994E+00  2.376578E+00
  1.336848E+00  4.000000E+01     2  5.574651E+00  3.016349E+01  4.819817E+00  2.801090E+00
  1.336848E+00  4.000000E+01     3  1.347078E+00 -1.787278E+02 -1.346746E+00 -2.990947E-02
  1.336848E+00  4.000000E+01     4  1.554746E+01  4.451677E+01  1.108604E+01  1.090060E+01
  1.336848E+00  4.000000E+01     5  4.831439E+00  1.675090E+02 -4.717080E+00  1.044971E+00
  1.336848E+00  4.000000E+01     6  1.226240E+02  3.988273E+01  9.409654E+01  7.862874E+01
  1.336848E+00  5.000000E+01     1  5.574645E+00  3.016453E+01  4.819760E+00  2.801174E+00
  1.336848E+00  5.000000E+01     2  6.006257E+00  2.330792E+01  5.516096E+00  2.376510E+00
  1.336848E+00  5.000000E+01     3  1.347063E+00 -1.787256E+02 -1.346730E+00 -2.996037E-02
  1.336848E+00  5.000000E+01     4  4.828822E+00 -1.248420E+01  4.714648E+00 -1.043848E+00
  1.336848E+00  5.000000E+01     5  1.554688E+01 -1.354913E+02 -1.108716E+01 -1.089864E+01
  1.336848E+00  5.000000E+01     6  1.226242E+02 -1.401171E+02 -9.409650E+01 -7.862916E+01
  1.336848E+00  6.000000E+01     1  7.255760E-01  1.648419E+02 -7.003316E-01  1.897264E-01
  1.336848E+00  6.000000E+01     2  2.880753E+00  1.401846E+02 -2.212738E+00  1.844594E+00
  1.336848E+00  6.000000E+01     3  5.716811E-01 -7.595151E+01  1.387716E-01 -5.545825E-01
  1.336848E+00  6.000000E+01     4  1.617038E+01 -5.187844E+01  9.982495E+00 -1.272128E+01
  1.336848E+00  6.000000E+01     5  2.255782E+01 -8.959898E+01  1.578864E-01 -2.255726E+01
  1.336848E+00  6.000000E+01     6  1.667274E+02 -1.450750E+02 -1.367002E+02 -9.545205E+01
  1.336848E+00  7.000000E+01     1  8.646306E-01  1.208513E+02 -4.433932E-01  7.422861E-01
  1.336848E+00  7.000000E+01     2  3.077346E+00  1.173194E+02 -1.412351E+00  2.734104E+00
  1.336848E+00  7.000000E+01     3  1.827891E+00  4.118523E+01  1.375643E+00  1.203658E+00
  1.336848E+00  7.000000E+01     4  1.445051E+01 -1.550345E+01  1.392472E+01 -3.862569E+00
  1.336848E+00  7.000000E+01     5  1.422693E+01 -2.257268E+01  1.313705E+01 -5.461080E+00
  1.336848E+00  7.000000E+01     6  1.026294E+02 -5.739898E+00  1.021149E+02 -1.026424E+01
  1.336848E+00  8.000000E+01     1  1.450634E+00  1.741609E+02 -1.443108E+00  1.475796E-01
  1.336848E+00  8.000000E+01     2  1.096841E+00 -1.768759E+02 -1.095211E+00 -5.977568E-02
  1.336848E+00  8.000000E+01     3  7.670755E-01 -1.272252E+02 -4.640416E-01 -6.107947E-01
  1.336848E+00  8.000000E+01     4  2.625895E+01  1.030579E+02 -5.932840E+00  2.557995E+01
  1.336848E+00  8.000000E+01     5  1.616356E+01  1.639273E+02 -1.553174E+01  4.475005E+00
  1.336848E+00  8.000000E+01     6  7.241296E+01  1.106103E+02 -2.549002E+01  6.777828E+01
  1.336848E+00  9.000000E+01     1  2.496539E-06 -1.237555E+02 -1.387202E-06 -2.075663E-06
  1.336848E+00  9.000000E+01     2  2.945276E+01  6.049637E+01  1.450486E+01  2.563346E+01
  1.336848E+00  9.000000E+01     3  9.193149E-01 -9.827312E+01 -1.322821E-01 -9.097479E-01
  1.336848E+00  9.000000E+01     4  1.066524E+01  9.650141E+01 -1.207601E+00  1.059665E+01
  1.336848E+00  9.000000E+01     5  3.031216E-05  1.798387E+02 -3.031204E-05  8.530965E-08
  1.336848E+00  9.000000E+01     6  1.968074E-04  1.536511E+02 -1.763606E-04  8.735034E-05
  1.322776E+00  0.000000E+00     1  2.894973E+01  1.129184E+02 -1.127362E+01  2.666444E+01
  1.322776E+00  0.000000E+00     2  0.000000E+00  9.000000E+01  0.000000E+00  0.000000E+00
  1.322776E+00  0.000000E+00     3  4.632177E-01 -1.317652E+02 -3.085401E-01 -3.455049E-01
  1.322776E+00  0.000000E+00     4  0.000000E+00  9.000000E+01  0.000000E+00  0.000000E+00
  1.322776E+00  0.000000E+00     5  1.777636E+01 -4.775561E+01  1.195095E+01 -1.315955E+01
  1.322776E+00  0.000000E+00     6  0.000000E+00  9.000000E+01  0.000000E+00  0.000000E+00
  1.322776E+00  1.000000E+01     1  4.365359E-01  1.560520E+02 -3.989566E-01  1.771928E-01
  1.322776E+00  1.000000E+01     2  1.081274E+00  1.566199E+02 -9.924929E-01  4.290810E-01
  1.322776E+00  1.000000E+01     3  6.826224E-01  6.581624E+01  2.796462E-01  6.227129E-01
  1.322776E+00  1.000000E+01     4  1.491199E+01 -7.033380E+01  5.018477E+00 -1.404216E+01
  1.322776E+00  1.000000E+01     5  1.129040E+01 -7.771002E+01  2.403269E+00 -1.103166E+01
  1.322776E+00  1.000000E+01     6  4.771310E+01  6.313979E+00  4.742368E+01  5.247335E+00
  1.322776E+00  2.000000E+01     1  3.624616E+00  1.154752E+02 -1.559020E+00  3.272200E+00
  1.322776E+00  2.000000E+01     2  8.697778E-01  7.405724E+01  2.389080E-01  8.363231E-01
  1.322776E+00  2.000000E+01     3  9.200410E-01 -4.088340E+01  6.955907E-01 -6.021869E-01
  1.322776E+00  2.000000E+01     4  1.214280E+01  1.722714E+02 -1.203250E+01  1.632965E+00
  1.322776E+00  2.000000E+01     5  1.563373E+01  1.407801E+02 -1.211183E+01  9.885186E+00
  1.322776E+00  2.000000E+01     6  2.004712E+01 -1.552297E+02 -1.820268E+01 -8.399369E+00
  1.322776E+00  3.000000E+01     1  6.743922E-01  2.321887E+01  6.197702E-01  2.658755E-01
  1.322776E+00  3.000000E+01     2  1.515670E+00 -7.123040E+01  4.876873E-01 -1.435067E+00
  1.322776E+00  3.000000E+01     3  7.292428E-01 -7.929395E+01  1.354717E-01 -7.165490E-01
  1.322776E+00  3.000000E+01     4  1.137811E+01  8.369648E+01  1.249265E+00  1.130932E+01
  1.322776E+00  3.000000E+01     5  1.391302E+01  7.437392E+01  3.747586E+00  1.339880E+01
  1.322776E+00  3.000000E+01     6  1.654881E+02  3.449614E+01  1.363894E+02  9.372432E+01
  1.322776E+00  4.000000E+01     1  2.852352E+00  1.261549E+02 -1.682805E+00  2.303059E+00
  1.322776E+00  4.000000E+01     2  1.816914E+00  7.341085E+01  5.187415E-01  1.741288E+00
  1.322776E+00  4.000000E+01     3  5.833555E-01  1.706695E+02 -5.756375E-01  9.457891E-02
  1.322776E+00  4.000000E+01     4  1.072220E+01  1.070752E+02 -3.148320E+00  1.024957E+01
  1.322776E+00  4.000000E+01     5  5.151359E+00  4.790996E+01  3.452943E+00  3.822784E+00
  1.322776E+00  4.000000E+01     6  7.839568E+01  5.649243E+01  4.327811E+01  6.536732E+01
  1.322776E+00  5.000000E+01     1  1.816986E+00  7.341573E+01  5.186136E-01  1.741401E+00
  1.322776E+00  5.000000E+01     2  2.852315E+00  1.261539E+02 -1.682739E+00  2.303061E+00
  1.322776E+00  5.000000E+01     3  5.834109E-01  1.706756E+02 -5.757021E-01  9.452709E-02
  1.322776E+00  5.000000E+01     4  5.152201E+00 -1.321005E+02 -3.454208E+00 -3.822777E+00
  1.322776E+00  5.000000E+01     5  1.071906E+01 -7.293359E+01  3.145828E+00 -1.024704E+01
  1.322776E+00  5.000000E+01     6  7.839529E+01 -1.235076E+02 -4.327788E+01 -6.536702E+01
  1.322776E+00  6.000000E+01     1  1.515746E+00 -7.123145E+01  4.876853E-01 -1.435148E+00
  1.322776E+00  6.000000E+01     2  6.744065E-01  2.322824E+01  6.197398E-01  2.659825E-01
  1.322776E+00  6.000000E+01     3  7.293541E-01 -7.930980E+01  1.352941E-01 -7.166958E-01
  1.322776E+00  6.000000E+01     4  1.391458E+01 -1.056214E+02 -3.746920E+00 -1.340060E+01
  1.322776E+00  6.000000E+01     5  1.137896E+01 -9.630383E+01 -1.249417E+00 -1.131016E+01
  1.322776E+00  6.000000E+01     6  1.654884E+02 -1.455040E+02 -1.363898E+02 -9.372426E+01
  1.322776E+00  7.000000E+01     1  8.697546E-01  7.405650E+01  2.389122E-01  8.362978E-01
  1.322776E+00  7.000000E+01     2  3.624688E+00  1.154755E+02 -1.559066E+00  3.272258E+00
  1.322776E+00  7.000000E+01     3  9.202931E-01 -4.087397E+01  6.958804E-01 -6.022373E-01
  1.322776E+00  7.000000E+01     4  1.563593E+01 -3.921925E+01  1.211366E+01 -9.886437E+00
  1.322776E+00  7.000000E+01     5  1.214301E+01 -7.731632E+00  1.203261E+01 -1.633638E+00
  1.322776E+00  7.000000E+01     6  2.004710E+01  2.477058E+01  1.820262E+01  8.399451E+00
  1.322776E+00  8.000000E+01     1  1.081308E+00  1.566181E+02 -9.925109E-01  4.291250E-01
  1.322776E+00  8.000000E+01     2  4.365398E-01  1.560506E+02 -3.989555E-01  1.772047E-01
  1.322776E+00  8.000000E+01     3  6.827366E-01  6.582841E+01  2.795607E-01  6.228765E-01
  1.322776E+00  8.000000E+01     4  1.129095E+01  1.022890E+02 -2.403198E+00  1.103224E+01
  1.322776E+00  8.000000E+01     5  1.491233E+01  1.096645E+02 -5.018180E+00  1.404263E+01
  1.322776E+00  8.000000E+01     6  4.771270E+01 -1.736861E+02 -4.742328E+01 -5.247265E+00
  1.322776E+00  9.000000E+01     1  1.555338E-06 -4.570215E+01  1.086230E-06 -1.113185E-06
  1.322776E+00  9.000000E+01     2  2.894981E+01  1.129184E+02 -1.127363E+01  2.666452E+01
  1.322776E+00  9.000000E+01     3  4.634715E-01 -1.317723E+02 -3.087516E-01 -3.456563E-01
  1.322776E+00  9.000000E+01     4  1.777596E+01  1.322461E+02 -1.195107E+01  1.315890E+01
  1.322776E+00  9.000000E+01     5  2.346779E-05  5.739777E+01  1.264453E-05  1.977001E-05
  1.322776E+00  9.000000E+01     6  2.596298E-04 -1.585022E+02 -2.415678E-04 -9.514527E-05
  1.308997E+00  0.000000E+00     1  2.148138E+00 -1.108839E+02 -7.657594E-01 -2.007015E+00
  1.308997E+00  0.000000E+00     2  0.000000E+00  9.000000E+01  0.000000E+00  0.000000E+00
  1.308997E+00  0.000000E+00     3  5.502532E-01  1.448546E+02 -4.499384E-01  3.167554E-01
  1.308997E+00  0.000000E+00     4  0.000000E+00  9.000000E+01  0.000000E+00  0.000000E+00
  1.308997E+00  0.000000E+00     5  5.252385E+00  1.700192E+02 -5.172895E+00  9.103336E-01
  1.308997E+00  0.000000E+00     6  0.000000E+00  9.000000E+01  0.000000E+00  0.000000E+00
  1.308997E+00  1.000000E+01     1  6.694730E-01  2.669810E+01  5.980980E-01  3.007871E-01
  1.308997E+00  1.000000E+01     2  1.055091E+00  7.716445E+01  2.343921E-01  1.028726E+00
  1.308997E+00  1.000000E+01     3  1.406649E+00  3.656208E+01  1.129837E+00  8.379317E-01
  1.308997E+00  1.000000E+01     4  1.447854E+01 -1.126718E+02 -5.580793E+00 -1.335975E+01
  1.308997E+00  1.000000E+01     5  6.868268E+00  1.417074E+02 -5.390604E+00  4.256114E+00
  1.308997E+00  1.000000E+01     6  4.485028E+01  3.144530E-01  4.484961E+01  2.461479E-01
  1.308997E+00  2.000000E+01     1  3.606340E+00  7.194370E+01  1.117790E+00  3.428737E+00
  1.308997E+00  2.000000E+01     2  6.765242E-01  1.983118E+01  6.364038E-01  2.295108E-01
  1.308997E+00  2.000000E+01     3  9.978146E-01 -8.419296E+01  1.009575E-01 -9.926941E-01
  1.308997E+00  2.000000E+01     4  1.782177E+01  1.102301E+02 -6.162601E+00  1.672238E+01
  1.308997E+00  2.000000E+01     5  1.560649E+01  4.236063E+01  1.153192E+01  1.051557E+01
  1.308997E+00  2.000000E+01     6  7.590043E+01  1.889556E+01  7.181019E+01  2.457990E+01
  1.308997E+00  3.000000E+01     1  4.060191E+00 -1.972348E+01  3.821989E+00 -1.370237E+00
  1.308997E+00  3.000000E+01     2  2.151470E+00 -4.543947E+01  1.509606E+00 -1.532943E+00
  1.308997E+00  3.000000E+01     3  2.551886E-01  1.641933E+02 -2.455390E-01  6.951135E-02
  1.308997E+00  3.000000E+01     4  1.333162E+01  9.607249E+01 -1.410307E+00  1.325682E+01
  1.308997E+00  3.000000E+01     5  1.728467E+01  7.248721E+01  5.201278E+00  1.648352E+01
  1.308997E+00  3.000000E+01     6  1.209512E+02  4.571535E+01  8.445098E+01  8.658653E+01
  1.308997E+00  4.000000E+01     1  4.390707E+00 -7.820679E+01  8.973726E-01 -4.298026E+00
  1.308997E+00  4.000000E+01     2  3.920653E+00 -9.423305E+01 -2.893967E-01 -3.909957E+00
  1.308997E+00  4.000000E+01     3  5.053332E-01  1.339226E+02 -3.505425E-01  3.639803E-01
  1.308997E+00  4.000000E+01     4  9.410886E+00  1.163963E+02 -4.183866E+00  8.429712E+00
  1.308997E+00  4.000000E+01     5  3.510371E+00  3.950790E+01  2.708381E+00  2.233244E+00
  1.308997E+00  4.000000E+01     6  9.670121E+01 -1.777603E+02 -9.662733E+01 -3.779189E+00
  1.308997E+00  5.000000E+01     1  3.920607E+00 -9.423490E+01 -2.895199E-01 -3.909903E+00
  1.308997E+00  5.000000E+01     2  4.390795E+00 -7.820571E+01  8.974720E-01 -4.298095E+00
  1.308997E+00  5.000000E+01     3  5.053068E-01  1.339342E+02 -3.505982E-01  3.638899E-01
  1.308997E+00  5.000000E+01     4  3.510937E+00 -1.405154E+02 -2.709726E+00 -2.232502E+00
  1.308997E+00  5.000000E+01     5  9.409188E+00 -6.361346E+01  4.181675E+00 -8.428904E+00
  1.308997E+00  5.000000E+01     6  9.670202E+01  2.239659E+00  9.662815E+01  3.779064E+00
  1.308997E+00  6.000000E+01     1  2.151558E+00 -4.544124E+01  1.509620E+00 -1.533052E+00
  1.308997E+00  6.000000E+01     2  4.060199E+00 -1.972365E+01  3.821993E+00 -1.370252E+00
  1.308997E+00  6.000000E+01     3  2.552903E-01  1.642262E+02 -2.456767E-01  6.939822E-02
  1.308997E+00  6.000000E+01     4  1.728510E+01 -1.075146E+02 -5.201929E+00 -1.648377E+01
  1.308997E+00  6.000000E+01     5  1.333270E+01 -8.392488E+01  1.411030E+00 -1.325782E+01
  1.308997E+00  6.000000E+01     6  1.209507E+02 -1.342848E+02 -8.445087E+01 -8.658595E+01
  1.308997E+00  7.000000E+01     1  6.766081E-01  1.982006E+01  6.365273E-01  2.294157E-01
  1.308997E+00  7.000000E+01     2  3.606513E+00  7.194414E+01  1.117817E+00  3.428909E+00
  1.308997E+00  7.000000E+01     3  9.978626E-01 -8.418668E+01  1.010713E-01 -9.927307E-01
  1.308997E+00  7.000000E+01     4  1.560801E+01 -1.376317E+02 -1.153163E+01 -1.051815E+01
  1.308997E+00  7.000000E+01     5  1.782328E+01 -6.976621E+01  6.164210E+00 -1.672339E+01
  1.308997E+00  7.000000E+01     6  7.589946E+01 -1.611046E+02 -7.180936E+01 -2.457933E+01
  1.308997E+00  8.000000E+01     1  1.055146E+00  7.716778E+01  2.343447E-01  1.028793E+00
  1.308997E+00  8.000000E+01     2  6.693975E-01  2.669561E+01  5.980436E-01  3.007272E-01
  1.308997E+00  8.000000E+01     3  1.406634E+00  3.656275E+01  1.129815E+00  8.379357E-01
  1.308997E+00  8.000000E+01     4  6.867221E+00 -3.827478E+01  5.391106E+00 -4.253787E+00
  1.308997E+00  8.000000E+01     5  1.447963E+01  6.732957E+01  5.580883E+00  1.336089E+01
  1.308997E+00  8.000000E+01     6  4.484990E+01 -1.796859E+02 -4.484922E+01 -2.458694E-01
  1.308997E+00  9.000000E+01     1  1.842919E-06  1.281411E+02 -1.138188E-06  1.449441E-06
  1.308997E+00  9.000000E+01     2  2.148203E+00 -1.108818E+02 -7.657074E-01 -2.007105E+00
  1.308997E+00  9.000000E+01     3  5.502883E-01  1.448627E+02 -4.500119E-01  3.167121E-01
  1.308997E+00  9.000000E+01     4  5.251445E+00 -9.972047E+00  5.172108E+00 -9.093805E-01
  1.308997E+00  9.000000E+01     5  1.402767E-05 -1.953360E+01  1.322031E-05 -4.690286E-06
  1.308997E+00  9.000000E+01     6  1.197517E-04 -1.635094E+02 -1.148259E-04 -3.399239E-05
  1.295502E+00  0.000000E+00     1  2.767309E+01 -1.136917E+02 -1.111946E+01 -2.534083E+01
  1.295502E+00  0.000000E+00     2  0.000000E+00  9.000000E+01  0.000000E+00  0.000000E+00
  1.295502E+00  0.000000E+00     3  3.836731E-01  1.354011E+02 -2.731906E-01  2.693918E-01
  1.295502E+00  0.000000E+00     4  0.000000E+00  9.000000E+01  0.000000E+00  0.000000E+00
  1.295502E+00  0.000000E+00     5  1.299069E+01  1.015450E+02 -2.599924E+00  1.272786E+01
  1.295502E+00  0.000000E+00     6  0.000000E+00  9.000000E+01  0.000000E+00  0.000000E+00
  1.295502E+00  1.000000E+01     1  6.651605E-01  1.404147E+02 -5.126237E-01  4.238578E-01
  1.295502E+00  1.000000E+01     2  9.895767E-01  1.148521E+00  9.893779E-01  1.983521E-02
  1.295502E+00  1.000000E+01     3  4.449790E-01  1.470175E+01  4.304104E-01  1.129301E-01
  1.295502E+00  1.000000E+01     4  7.653309E+00  1.496173E+02 -6.602253E+00  3.870840E+00
  1.295502E+00  1.000000E+01     5  9.985300E+00  1.092943E+02 -3.299345E+00  9.424465E+00
  1.295502E+00  1.000000E+01     6  2.532312E+01  3.094888E+01  2.171778E+01  1.302300E+01
  1.295502E+00  2.000000E+01     1  2.769207E+00  8.447604E+01  2.665697E-01  2.756346E+00
  1.295502E+00  2.000000E+01     2  3.535862E-01 -1.328247E+02 -2.403527E-01 -2.593333E-01
  1.295502E+00  2.000000E+01     3  1.032953E-01  5.253013E+01  6.283911E-02  8.198274E-02
  1.295502E+00  2.000000E+01     4  1.750022E+01  8.241983E+01  2.308511E+00  1.734729E+01
  1.295502E+00  2.000000E+01     5  7.775812E+00  5.843499E+01  4.070370E+00  6.625356E+00
  1.295502E+00  2.000000E+01     6  1.109962E+02  2.072583E+01  1.038131E+02  3.928118E+01
  1.295502E+00  3.000000E+01     1  2.512756E+00 -6.260561E+00  2.497771E+00 -2.740163E-01
  1.295502E+00  3.000000E+01     2  2.506253E+00 -2.249483E+01  2.315562E+00 -9.588928E-01
  1.295502E+00  3.000000E+01     3  4.522939E-01  1.534845E+02 -4.047186E-01  2.019223E-01
  1.295502E+00  3.000000E+01     4  1.021971E+01  7.097980E+01  3.330619E+00  9.661754E+00
  1.295502E+00  3.000000E+01     5  1.179198E+01  7.543857E+01  2.964714E+00  1.141320E+01
  1.295502E+00  3.000000E+01     6  9.331834E+01  5.279763E+01  5.642327E+01  7.432851E+01
  1.295502E+00  4.000000E+01     1  6.537446E+00 -3.235454E+01  5.522526E+00 -3.498558E+00
  1.295502E+00  4.000000E+01     2  6.502500E+00 -2.376237E+01  5.951247E+00 -2.620146E+00
  1.295502E+00  4.000000E+01     3  3.822956E-01 -1.673804E+02 -3.730602E-01 -8.352273E-02
  1.295502E+00  4.000000E+01     4  7.912869E+00  3.543608E+01  6.447111E+00  4.587837E+00
  1.295502E+00  4.000000E+01     5  6.770871E+00  1.224290E+02 -3.630903E+00  5.715001E+00
  1.295502E+00  4.000000E+01     6  2.389254E+01 -1.707390E+02 -2.358112E+01 -3.845068E+00
  1.295502E+00  5.000000E+01     1  6.502525E+00 -2.376327E+01  5.951229E+00 -2.620248E+00
  1.295502E+00  5.000000E+01     2  6.537540E+00 -3.235488E+01  5.522584E+00 -3.498641E+00
  1.295502E+00  5.000000E+01     3  3.823377E-01 -1.673701E+02 -3.730862E-01 -8.359914E-02
  1.295502E+00  5.000000E+01     4  6.768910E+00 -5.757832E+01  3.629125E+00 -5.713808E+00
  1.295502E+00  5.000000E+01     5  7.914501E+00 -1.445531E+02 -6.447577E+00 -4.589999E+00
  1.295502E+00  5.000000E+01     6  2.389314E+01  9.259842E+00  2.358179E+01  3.844696E+00
  1.295502E+00  6.000000E+01     1  2.506243E+00 -2.249505E+01  2.315549E+00 -9.588974E-01
  1.295502E+00  6.000000E+01     2  2.512744E+00 -6.262269E+00  2.497751E+00 -2.740895E-01
  1.295502E+00  6.000000E+01     3  4.523400E-01  1.535001E+02 -4.048149E-01  2.018325E-01
  1.295502E+00  6.000000E+01     4  1.179084E+01 -1.045626E+02 -2.964658E+00 -1.141205E+01
  1.295502E+00  6.000000E+01     5  1.021995E+01 -1.090215E+02 -3.330921E+00 -9.661903E+00
  1.295502E+00  6.000000E+01     6  9.331866E+01 -1.272018E+02 -5.642276E+01 -7.432931E+01
  1.295502E+00  7.000000E+01     1  3.536193E-01 -1.328102E+02 -2.403098E-01 -2.594182E-01
  1.295502E+00  7.000000E+01     2  2.769321E+00  8.447705E+01  2.665316E-01  2.756465E+00
  1.295502E+00  7.000000E+01     3  1.032565E-01  5.256136E+01  6.277079E-02  8.198614E-02
  1.295502E+00  7.000000E+01     4  7.777403E+00 -1.215513E+02 -4.069621E+00 -6.627683E+00
  1.295502E+00  7.000000E+01     5  1.750172E+01 -9.757648E+01 -2.307593E+00 -1.734892E+01
  1.295502E+00  7.000000E+01     6  1.109959E+02 -1.592738E+02 -1.038124E+02 -3.928177E+01
  1.295502E+00  8.000000E+01     1  9.895735E-01  1.151139E+00  9.893738E-01  1.988034E-02
  1.295502E+00  8.000000E+01     2  6.651313E-01  1.404230E+02 -5.126626E-01  4.237650E-01
  1.295502E+00  8.000000E+01     3  4.450374E-01  1.469056E+01  4.304889E-01  1.128609E-01
  1.295502E+00  8.000000E+01     4  9.983335E+00 -7.070144E+01  3.299399E+00 -9.422364E+00
  1.295502E+00  8.000000E+01     5  7.653566E+00 -3.037730E+01  6.602839E+00 -3.870347E+00
  1.295502E+00  8.000000E+01     6  2.532316E+01 -1.490512E+02 -2.171784E+01 -1.302298E+01
  1.295502E+00  9.000000E+01     1  4.133959E-06  2.466353E+01  3.756834E-06  1.725054E-06
  1.295502E+00  9.000000E+01     2  2.767321E+01 -1.136914E+02 -1.111940E+01 -2.534098E+01
  1.295502E+00  9.000000E+01     3  3.836524E-01  1.353927E+02 -2.731364E-01  2.694173E-01
  1.295502E+00  9.000000E+01     4  1.298895E+01 -7.846238E+01  2.597937E+00 -1.272649E+01
  1.295502E+00  9.000000E+01     5  1.640961E-05 -9.371008E+01 -1.061829E-06 -1.637522E-05
  1.295502E+00  9.000000E+01     6  1.567352E-04 -1.020082E+01  1.542577E-04 -2.775763E-05
  1.282283E+00  0.000000E+00     1  2.641891E+01 -5.404265E+01  1.551273E+01 -2.138490E+01
  1.282283E+00  0.000000E+00     2  0.000000E+00  9.000000E+01  0.000000E+00  0.000000E+00
  1.282283E+00  0.000000E+00     3  2.858507E-01  1.290127E+02 -1.799410E-01  2.221079E-01
  1.282283E+00  0.000000E+00     4  0.000000E+00  9.000000E+01  0.000000E+00  0.000000E+00
  1.282283E+00  0.000000E+00     5  1.592474E+01  1.257045E+02 -9.293756E+00  1.293150E+01
  1.282283E+00  0.000000E+00     6  0.000000E+00  9.000000E+01  0.000000E+00  0.000000E+00
  1.282283E+00  1.000000E+01     1  6.978027E-01 -5.927006E+01  3.565717E-01 -5.998210E-01
  1.282283E+00  1.000000E+01     2  1.385214E+00  2.019199E+01  1.300080E+00  4.781300E-01
  1.282283E+00  1.000000E+01     3  4.055445E-01 -1.742990E+02 -4.035386E-01 -4.028536E-02
  1.282283E+00  1.000000E+01     4  1.346636E+01  8.441753E+01  1.309987E+00  1.340249E+01
  1.282283E+00  1.000000E+01     5  1.001889E+01  9.468938E+01 -8.190829E-01  9.985352E+00
  1.282283E+00  1.000000E+01     6  4.540874E+01 -1.014878E+02 -9.043579E+00 -4.449908E+01
  1.282283E+00  2.000000E+01     1  6.283152E-01 -1.624198E+02 -5.989699E-01 -1.897763E-01
  1.282283E+00  2.000000E+01     2  2.529048E+00 -7.839682E+01  5.086735E-01 -2.477365E+00
  1.282283E+00  2.000000E+01     3  1.634935E-01 -1.244428E+02 -9.246904E-02 -1.348317E-01
  1.282283E+00  2.000000E+01     4  4.903296E+00 -1.626905E+01  4.706953E+00 -1.373649E+00
  1.282283E+00  2.000000E+01     5  1.079450E+01  5.626959E+01  5.994036E+00  8.977352E+00
  1.282283E+00  2.000000E+01     6  5.676153E+01  2.449239E+01  5.165392E+01  2.353176E+01
  1.282283E+00  3.000000E+01     1  1.910520E+00  4.146835E+01  1.431594E+00  1.265158E+00
  1.282283E+00  3.000000E+01     2  1.345442E+00 -1.284942E+01  1.311749E+00 -2.992120E-01
  1.282283E+00  3.000000E+01     3  5.360503E-01 -1.789845E+02 -5.359660E-01 -9.500325E-03
  1.282283E+00  3.000000E+01     4  8.639355E+00  3.749744E+01  6.854296E+00  5.258999E+00
  1.282283E+00  3.000000E+01     5  3.622495E+00  6.708791E+01  1.410303E+00  3.336692E+00
  1.282283E+00  3.000000E+01     6  5.917065E+01 -1.578716E+02 -5.481225E+01 -2.228864E+01
  1.282283E+00  4.000000E+01     1  8.366512E+00  6.047030E+01  4.123641E+00  7.279706E+00
  1.282283E+00  4.000000E+01     2  7.933128E+00  5.640849E+01  4.389146E+00  6.608321E+00
  1.282283E+00  4.000000E+01     3  6.184185E-01 -1.487413E+02 -5.286449E-01 -3.208988E-01
  1.282283E+00  4.000000E+01     4  8.761418E+00  6.609702E+01  3.550033E+00  8.009976E+00
  1.282283E+00  4.000000E+01     5  5.601021E+00 -1.123267E+02 -2.127760E+00 -5.181127E+00
  1.282283E+00  4.000000E+01     6  8.182986E+00 -1.074714E+01  8.039454E+00 -1.525923E+00
  1.282283E+00  5.000000E+01     1  7.933023E+00  5.640840E+01  4.389099E+00  6.608227E+00
  1.282283E+00  5.000000E+01     2  8.366590E+00  6.046984E+01  4.123738E+00  7.279739E+00
  1.282283E+00  5.000000E+01     3  6.182404E-01 -1.487253E+02 -5.284028E-01 -3.209543E-01
  1.282283E+00  5.000000E+01     4  5.599928E+00  6.768584E+01  2.126207E+00  5.180583E+00
  1.282283E+00  5.000000E+01     5  8.763140E+00 -1.139045E+02 -3.550945E+00 -8.011455E+00
  1.282283E+00  5.000000E+01     6  8.181534E+00  1.692525E+02 -8.038018E+00  1.525697E+00
  1.282283E+00  6.000000E+01     1  1.345401E+00 -1.284825E+01  1.311715E+00 -2.991764E-01
  1.282283E+00  6.000000E+01     2  1.910517E+00  4.146826E+01  1.431594E+00  1.265154E+00
  1.282283E+00  6.000000E+01     3  5.359470E-01 -1.789713E+02 -5.358607E-01 -9.621857E-03
  1.282283E+00  6.000000E+01     4  3.623198E+00 -1.129109E+02 -1.410508E+00 -3.337369E+00
  1.282283E+00  6.000000E+01     5  8.639036E+00 -1.425094E+02 -6.854672E+00 -5.257987E+00
  1.282283E+00  6.000000E+01     6  5.917118E+01  2.212871E+01  5.481263E+01  2.228910E+01
  1.282283E+00  7.000000E+01     1  2.529144E+00 -7.839574E+01  5.087391E-01 -2.477449E+00
  1.282283E+00  7.000000E+01     2  6.284007E-01 -1.624290E+02 -5.990819E-01 -1.897061E-01
  1.282283E+00  7.000000E+01     3  1.635804E-01 -1.244501E+02 -9.253559E-02 -1.348915E-01
  1.282283E+00  7.000000E+01     4  1.079484E+01 -1.237205E+02 -5.992670E+00 -8.978667E+00
  1.282283E+00  7.000000E+01     5  4.901865E+00  1.637471E+02 -4.705966E+00  1.371919E+00
  1.282283E+00  7.000000E+01     6  5.676137E+01 -1.555075E+02 -5.165374E+01 -2.353177E+01
  1.282283E+00  8.000000E+01     1  1.385252E+00  2.019230E+01  1.300113E+00  4.781501E-01
  1.282283E+00  8.000000E+01     2  6.978787E-01 -5.927000E+01  3.566111E-01 -5.998859E-01
  1.282283E+00  8.000000E+01     3  4.052975E-01 -1.743076E+02 -4.032989E-01 -4.020035E-02
  1.282283E+00  8.000000E+01     4  1.001788E+01 -8.531246E+01  8.186791E-01 -9.984376E+00
  1.282283E+00  8.000000E+01     5  1.346607E+01 -9.557970E+01 -1.309310E+00 -1.340227E+01
  1.282283E+00  8.000000E+01     6  4.540829E+01  7.851304E+01  9.042830E+00  4.449877E+01
  1.282283E+00  9.000000E+01     1  4.895417E-06 -3.184845E+01  4.158396E-06 -2.583185E-06
  1.282283E+00  9.000000E+01     2  2.641902E+01 -5.404246E+01  1.551287E+01 -2.138494E+01
  1.282283E+00  9.000000E+01     3  2.859208E-01  1.289768E+02 -1.798456E-01  2.222752E-01
  1.282283E+00  9.000000E+01     4  1.592312E+01 -5.430101E+01  9.291569E+00 -1.293107E+01
  1.282283E+00  9.000000E+01     5  8.652545E-06 -1.661459E+02 -8.400832E-06 -2.071851E-06
  1.282283E+00  9.000000E+01     6  2.092594E-04  5.059575E+01  1.328353E-04  1.616919E-04
  1.269330E+00  0.000000E+00     1  2.345495E+01  4.030680E+01  1.788655E+01  1.517255E+01
  1.269330E+00  0.000000E+00     2  0.000000E+00  9.000000E+01  0.000000E+00  0.000000E+00
  1.269330E+00  0.000000E+00     3  2.505563E-01  3.769862E+00  2.500142E-01  1.647384E-02
  1.269330E+00  0.000000E+00     4  0.000000E+00  9.000000E+01  0.000000E+00  0.000000E+00
  1.269330E+00  0.000000E+00     5  1.522554E+01 -1.245560E+02 -8.636090E+00 -1.253934E+01
  1.269330E+00  0.000000E+00     6  0.000000E+00  9.000000E+01  0.000000E+00  0.000000E+00
  1.269330E+00  1.000000E+01     1  1.393169E+00  2.526485E+01  1.259905E+00  5.946089E-01
  1.269330E+00  1.000000E+01     2  6.803816E-01  1.237839E+02 -3.783341E-01  5.654930E-01
  1.269330E+00  1.000000E+01     3  2.972085E-01 -9.891240E+01 -4.604478E-02 -2.936201E-01
  1.269330E+00  1.000000E+01     4  1.164205E+01  8.437907E+01  1.140298E+00  1.158607E+01
  1.269330E+00  1.000000E+01     5  2.615413E+00  9.150950E+01 -6.889693E-02  2.614506E+00
  1.269330E+00  1.000000E+01     6  8.600001E+01 -1.145715E+02 -3.576130E+01 -7.821209E+01
  1.269330E+00  2.000000E+01     1  1.916592E+00 -2.898837E+01  1.676477E+00 -9.288419E-01
  1.269330E+00  2.000000E+01     2  2.607525E+00 -9.814746E+01 -3.695419E-01 -2.581206E+00
  1.269330E+00  2.000000E+01     3  3.847321E-01  1.647741E+02 -3.712272E-01  1.010406E-01
  1.269330E+00  2.000000E+01     4  7.997023E-01  1.660705E+02 -7.761854E-01  1.925100E-01
  1.269330E+00  2.000000E+01     5  9.297806E+00  6.498340E+01  3.931864E+00  8.425535E+00
  1.269330E+00  2.000000E+01     6  7.725092E+01  1.155565E+02 -3.332616E+01  6.969270E+01
  1.269330E+00  3.000000E+01     1  2.514725E+00  3.009402E+01  2.175750E+00  1.260934E+00
  1.269330E+00  3.000000E+01     2  1.349471E+00  3.240584E+01  1.139322E+00  7.231987E-01
  1.269330E+00  3.000000E+01     3  4.870075E-01 -1.742625E+02 -4.845678E-01 -4.868633E-02
  1.269330E+00  3.000000E+01     4  7.179515E+00  7.644875E+01  1.682268E+00  6.979642E+00
  1.269330E+00  3.000000E+01     5  1.712627E+00  1.026494E+01  1.685215E+00  3.051903E-01
  1.269330E+00  3.000000E+01     6  4.341906E+01 -1.495176E+02 -3.741788E+01 -2.202536E+01
  1.269330E+00  4.000000E+01     1  1.039113E+01  9.387192E+01 -7.016733E-01  1.036741E+01
  1.269330E+00  4.000000E+01     2  6.906070E+00  9.114530E+01 -1.380384E-01  6.904690E+00
  1.269330E+00  4.000000E+01     3  2.761087E-01 -1.250647E+02 -1.586248E-01 -2.259960E-01
  1.269330E+00  4.000000E+01     4  6.999074E+00  1.049948E+02 -1.810884E+00  6.760750E+00
  1.269330E+00  4.000000E+01     5  5.700074E+00 -8.916760E+01  8.280825E-02 -5.699472E+00
  1.269330E+00  4.000000E+01     6  1.754719E+01 -1.199660E+02 -8.764587E+00 -1.520151E+01
  1.269330E+00  5.000000E+01     1  6.906025E+00  9.114600E+01 -1.381212E-01  6.904644E+00
  1.269330E+00  5.000000E+01     2  1.039132E+01  9.387116E+01 -7.015510E-01  1.036761E+01
  1.269330E+00  5.000000E+01     3  2.760731E-01 -1.250464E+02 -1.585322E-01 -2.260175E-01
  1.269330E+00  5.000000E+01     4  5.695138E+00  9.085258E+01 -8.474253E-02  5.694508E+00
  1.269330E+00  5.000000E+01     5  6.999593E+00 -7.502004E+01  1.809264E+00 -6.761721E+00
  1.269330E+00  5.000000E+01     6  1.754705E+01  6.002885E+01  8.765873E+00  1.520061E+01
  1.269330E+00  6.000000E+01     1  1.349403E+00  3.240635E+01  1.139259E+00  7.231727E-01
  1.269330E+00  6.000000E+01     2  2.514817E+00  3.009544E+01  2.175798E+00  1.261034E+00
  1.269330E+00  6.000000E+01     3  4.869843E-01 -1.742514E+02 -4.845352E-01 -4.877830E-02
  1.269330E+00  6.000000E+01     4  1.714283E+00 -1.696831E+02 -1.686567E+00 -3.070151E-01
  1.269330E+00  6.000000E+01     5  7.180300E+00 -1.035592E+02 -1.683427E+00 -6.980171E+00
  1.269330E+00  6.000000E+01     6  4.341874E+01  3.048251E+01  3.741757E+01  2.202526E+01
  1.269330E+00  7.000000E+01     1  2.607575E+00 -9.814626E+01 -3.694944E-01 -2.581264E+00
  1.269330E+00  7.000000E+01     2  1.916575E+00 -2.898740E+01  1.676479E+00 -9.288054E-01
  1.269330E+00  7.000000E+01     3  3.847163E-01  1.647967E+02 -3.712518E-01  1.008898E-01
  1.269330E+00  7.000000E+01     4  9.298459E+00 -1.150146E+02 -3.931853E+00 -8.426261E+00
  1.269330E+00  7.000000E+01     5  8.016816E-01 -1.401416E+01  7.778203E-01 -1.941366E-01
  1.269330E+00  7.000000E+01     6  7.725013E+01 -6.444382E+01  3.332538E+01 -6.969219E+01
  1.269330E+00  8.000000E+01     1  6.803370E-01  1.237827E+02 -3.782974E-01  5.654640E-01
  1.269330E+00  8.000000E+01     2  1.393177E+00  2.526705E+01  1.259889E+00  5.946606E-01
  1.269330E+00  8.000000E+01     3  2.971575E-01 -9.888296E+01 -4.588601E-02 -2.935933E-01
  1.269330E+00  8.000000E+01     4  2.616992E+00 -8.847479E+01  6.965566E-02 -2.616065E+00
  1.269330E+00  8.000000E+01     5  1.164269E+01 -9.562032E+01 -1.140235E+00 -1.158672E+01
  1.269330E+00  8.000000E+01     6  8.599979E+01  6.542854E+01  3.576110E+01  7.821194E+01
  1.269330E+00  9.000000E+01     1  6.328775E-06 -1.329244E+02 -4.310101E-06 -4.634266E-06
  1.269330E+00  9.000000E+01     2  2.345499E+01  4.030676E+01  1.788659E+01  1.517256E+01
  1.269330E+00  9.000000E+01     3  2.506488E-01  3.797092E+00  2.500986E-01  1.659878E-02
  1.269330E+00  9.000000E+01     4  1.522573E+01  5.544293E+01  8.636444E+00  1.253933E+01
  1.269330E+00  9.000000E+01     5  3.341885E-06 -1.348675E+02 -2.357599E-06 -2.368528E-06
  1.269330E+00  9.000000E+01     6  2.245928E-04  1.075782E+02 -6.782850E-05  2.141057E-04
  1.256637E+00  0.000000E+00     1  2.365426E+01  8.479771E+01  2.144788E+00  2.355682E+01
  1.256637E+00  0.000000E+00     2  0.000000E+00  9.000000E+01  0.000000E+00  0.000000E+00
  1.256637E+00  0.000000E+00     3  4.300757E-01  6.510326E+00  4.273023E-01  4.876296E-02
  1.256637E+00  0.000000E+00     4  0.000000E+00  9.000000E+01  0.000000E+00  0.000000E+00
  1.256637E+00  0.000000E+00     5  9.644362E+00 -7.122541E+01  3.103998E+00 -9.131206E+00
  1.256637E+00  0.000000E+00     6  0.000000E+00  9.000000E+01  0.000000E+00  0.000000E+00
  1.256637E+00  1.000000E+01     1  1.345292E+00  1.304419E+02 -8.726588E-01  1.023854E+00
  1.256637E+00  1.000000E+01     2  1.372985E-01  6.083537E+01  6.690840E-02  1.198922E-01
  1.256637E+00  1.000000E+01     3  3.994898E-01 -1.573744E+02 -3.687443E-01 -1.536870E-01
  1.256637E+00  1.000000E+01     4  3.920851E+00  4.527956E+01  2.758900E+00  2.785955E+00
  1.256637E+00  1.000000E+01     5  5.742401E+00 -1.677230E+01  5.498114E+00 -1.657079E+00
  1.256637E+00  1.000000E+01     6  2.823382E+01 -1.449461E+02 -2.311256E+01 -1.621599E+01
  1.256637E+00  2.000000E+01     1  1.443249E+00 -7.963613E+01  2.596388E-01 -1.419703E+00
  1.256637E+00  2.000000E+01     2  3.131774E-01  3.853245E+01  2.449848E-01  1.950963E-01
  1.256637E+00  2.000000E+01     3  7.098344E-01  1.598450E+02 -6.663667E-01  2.445818E-01
  1.256637E+00  2.000000E+01     4  3.870158E+00  7.048152E+01  1.293062E+00  3.647755E+00
  1.256637E+00  2.000000E+01     5  5.157459E+00 -1.093175E+02 -1.706104E+00 -4.867093E+00
  1.256637E+00  2.000000E+01     6  4.084691E+01  6.453549E+01  1.756220E+01  3.687870E+01
  1.256637E+00  3.000000E+01     1  2.126218E+00  4.325690E+01  1.548500E+00  1.457035E+00
  1.256637E+00  3.000000E+01     2  1.945687E+00  4.609274E+01  1.349320E+00  1.401796E+00
  1.256637E+00  3.000000E+01     3  2.678483E-01  1.748921E+02 -2.667846E-01  2.384680E-02
  1.256637E+00  3.000000E+01     4  4.311854E+00  6.198004E+01  2.025619E+00  3.806436E+00
  1.256637E+00  3.000000E+01     5  4.679982E+00 -9.560280E+01 -4.569139E-01 -4.657624E+00
  1.256637E+00  3.000000E+01     6  5.542985E+01 -2.718506E+01  4.930682E+01 -2.532402E+01
  1.256637E+00  4.000000E+01     1  6.971509E-01  1.588673E+02 -6.502662E-01  2.513427E-01
  1.256637E+00  4.000000E+01     2  1.494978E+00  1.540329E+02 -1.344054E+00  6.545829E-01
  1.256637E+00  4.000000E+01     3  1.181627E-01 -8.448785E+01  1.135033E-02 -1.176163E-01
  1.256637E+00  4.000000E+01     4  1.012919E+00  8.861200E+01  2.453578E-02  1.012621E+00
  1.256637E+00  4.000000E+01     5  2.679896E+00  4.394548E+01  1.929526E+00  1.859777E+00
  1.256637E+00  4.000000E+01     6  2.465644E+01  1.008423E+02 -4.638042E+00  2.421629E+01
  1.256637E+00  5.000000E+01     1  1.495024E+00  1.540381E+02 -1.344154E+00  6.544823E-01
  1.256637E+00  5.000000E+01     2  6.971492E-01  1.588535E+02 -6.502039E-01  2.514992E-01
  1.256637E+00  5.000000E+01     3  1.181855E-01 -8.449830E+01  1.133108E-02 -1.176411E-01
  1.256637E+00  5.000000E+01     4  2.683017E+00 -1.360220E+02 -1.930715E+00 -1.863040E+00
  1.256637E+00  5.000000E+01     5  1.015548E+00 -9.148456E+01 -2.631034E-02 -1.015207E+00
  1.256637E+00  5.000000E+01     6  2.465649E+01 -7.915630E+01  4.638637E+00 -2.421622E+01
  1.256637E+00  6.000000E+01     1  1.945551E+00  4.609225E+01  1.349238E+00  1.401686E+00
  1.256637E+00  6.000000E+01     2  2.126308E+00  4.325707E+01  1.548561E+00  1.457101E+00
  1.256637E+00  6.000000E+01     3  2.678231E-01  1.749115E+02 -2.667676E-01  2.375443E-02
  1.256637E+00  6.000000E+01     4  4.677938E+00  8.441595E+01  4.551910E-01  4.655739E+00
  1.256637E+00  6.000000E+01     5  4.314578E+00 -1.180276E+02 -2.027408E+00 -3.808569E+00
  1.256637E+00  6.000000E+01     6  5.542911E+01  1.528151E+02 -4.930621E+01  2.532357E+01
  1.256637E+00  7.000000E+01     1  3.131838E-01  3.852748E+01  2.450067E-01  1.950791E-01
  1.256637E+00  7.000000E+01     2  1.443224E+00 -7.963556E+01  2.596486E-01 -1.419676E+00
  1.256637E+00  7.000000E+01     3  7.098189E-01  1.598580E+02 -6.664078E-01  2.444250E-01
  1.256637E+00  7.000000E+01     4  5.156394E+00  7.068348E+01  1.705666E+00  4.866118E+00
  1.256637E+00  7.000000E+01     5  3.870677E+00 -1.095113E+02 -1.292776E+00 -3.648407E+00
  1.256637E+00  7.000000E+01     6  4.084676E+01 -1.154654E+02 -1.756274E+01 -3.687829E+01
  1.256637E+00  8.000000E+01     1  1.372299E-01  6.083426E+01  6.687730E-02  1.198310E-01
  1.256637E+00  8.000000E+01     2  1.345415E+00  1.304411E+02 -8.727251E-01  1.023960E+00
  1.256637E+00  8.000000E+01     3  3.994808E-01 -1.573714E+02 -3.687282E-01 -1.537024E-01
  1.256637E+00  8.000000E+01     4  5.739947E+00  1.632477E+02 -5.496342E+00  1.654452E+00
  1.256637E+00  8.000000E+01     5  3.922489E+00 -1.347182E+02 -2.759943E+00 -2.787227E+00
  1.256637E+00  8.000000E+01     6  2.823438E+01  3.505367E+01  2.311307E+01  1.621623E+01
  1.256637E+00  9.000000E+01     1  3.142983E-06  1.541308E+02 -2.828031E-06  1.371342E-06
  1.256637E+00  9.000000E+01     2  2.365423E+01  8.479790E+01  2.144708E+00  2.355680E+01
  1.256637E+00  9.000000E+01     3  4.299996E-01  6.509825E+00  4.272271E-01  4.875060E-02
  1.256637E+00  9.000000E+01     4  9.645003E+00  1.087579E+02 -3.101539E+00  9.132718E+00
  1.256637E+00  9.000000E+01     5  1.641222E-05 -4.831897E+01  1.091385E-05 -1.225760E-05
  1.256637E+00  9.000000E+01     6  1.859543E-04 -1.402653E+02 -1.430012E-04 -1.188682E-04
